subtype,sample_id,time_index,coord1,coord2
0,0,0,-3.439489603,-1.099849224
0,0,1,-3.510807753,-1.156243563
0,0,2,-3.580994368,-1.211729407
0,0,3,-3.650061607,-1.266293764
0,0,4,-3.718021631,-1.319925547
0,0,5,-3.784889221,-1.372617245
0,0,6,-3.850678921,-1.424363017
0,0,7,-3.915407658,-1.475160241
0,0,8,-3.97909236,-1.525007725
0,0,9,-4.041751862,-1.573907018
0,0,10,-4.103404522,-1.621860862
0,0,11,-4.164070606,-1.668874621
0,0,12,-4.223769665,-1.714954257
0,0,13,-4.282523632,-1.760108113
0,0,14,-4.340353489,-1.804345012
0,0,15,-4.39728117,-1.84767592
0,0,16,-4.453328609,-1.890111804
0,0,17,-4.508518696,-1.931665421
0,0,18,-4.562873363,-1.972349644
0,0,19,-4.616416454,-2.012178659
0,0,20,-4.66917038,-2.051167011
0,0,21,-4.721158981,-2.089329958
0,0,22,-4.772404671,-2.126682758
0,0,23,-4.82293129,-2.163241625
0,0,24,-4.872761726,-2.19902277
0,0,25,-4.921919346,-2.234042883
0,0,26,-4.970427036,-2.268318653
0,0,27,-5.018308163,-2.301867247
0,0,28,-5.065585613,-2.334705353
0,0,29,-5.112282276,-2.366850615
0,0,30,-5.158420086,-2.39831996
0,0,31,-5.204022408,-2.429130793
0,0,32,-5.249111176,-2.459300041
0,0,33,-5.293708801,-2.488845348
0,0,34,-5.337836742,-2.517783403
0,0,35,-5.381516457,-2.546131134
0,0,36,-5.424770355,-2.573905945
0,0,37,-5.467618465,-2.601124287
0,0,38,-5.510082722,-2.627802849
0,0,39,-5.552183151,-2.653958082
0,0,40,-5.593940258,-2.679606438
0,0,41,-5.635374546,-2.704764128
0,0,42,-5.676505089,-2.729447126
0,0,43,-5.717351913,-2.753670931
0,0,44,-5.757934093,-2.777451038
0,0,45,-5.798270702,-2.800803423
0,0,46,-5.838380337,-2.823742867
0,0,47,-5.878281116,-2.846284389
0,0,48,-5.917991161,-2.868442297
0,0,49,-5.957528114,-2.890231609
0,0,50,-5.996909142,-2.911666393
0,0,51,-6.036151409,-2.932760477
0,0,52,-6.07527113,-2.953527451
0,0,53,-6.114284992,-2.973981142
0,0,54,-6.153208733,-2.994134665
0,0,55,-6.192058086,-3.014000893
0,0,56,-6.230847359,-3.033592463
0,0,57,-6.269592762,-3.052922249
0,0,58,-6.308308125,-3.072002172
0,0,59,-6.347007275,-3.090844393
0,0,60,-6.385704041,-3.109460115
0,0,61,-6.424412251,-3.127861261
0,0,62,-6.463144302,-3.146058798
0,0,63,-6.501913071,-3.164063454
0,0,64,-6.54073,-3.181885958
0,0,65,-6.57960844,-3.1995368
0,0,66,-6.618558884,-3.217025757
0,0,67,-6.657592297,-3.234362841
0,0,68,-6.696719646,-3.25155735
0,0,69,-6.735951424,-3.268618822
0,0,70,-6.775297165,-3.285556316
0,0,71,-6.814766884,-3.302378416
0,0,72,-6.854369164,-3.319093466
0,0,73,-6.894113541,-3.335710049
0,0,74,-6.934007645,-3.352235794
0,0,75,-6.974060059,-3.36867857
0,0,76,-7.014277935,-3.385045528
0,0,77,-7.05466938,-3.401344299
0,0,78,-7.09524107,-3.417581558
0,0,79,-7.135999203,-3.433763981
0,0,80,-7.176949978,-3.449897766
0,0,81,-7.218099594,-3.465989351
0,0,82,-7.259453773,-3.482044697
0,0,83,-7.301017284,-3.498069525
0,0,84,-7.342794418,-3.51406908
0,0,85,-7.384790897,-3.530048847
0,0,86,-7.427010536,-3.546013832
0,0,87,-7.469456673,-3.561968565
0,0,88,-7.512133121,-3.577917814
0,0,89,-7.555042744,-3.593865633
0,0,90,-7.598189354,-3.609816551
0,0,91,-7.64157486,-3.625774384
0,0,92,-7.685201645,-3.641742706
0,0,93,-7.729071617,-3.657725096
0,0,94,-7.77318716,-3.673725128
0,0,95,-7.817549229,-3.689745665
0,0,96,-7.862159252,-3.705789566
0,0,97,-7.907018185,-3.721859694
0,0,98,-7.95212698,-3.737958908
0,0,99,-7.997486115,-3.754089355
0,0,100,-8.043095589,-3.77025342
0,0,101,-8.088954926,-3.786453247
0,0,102,-8.135065079,-3.802690744
0,0,103,-8.181425095,-3.818967819
0,0,104,-8.228034973,-3.835285902
0,0,105,-8.274892807,-3.851646662
0,0,106,-8.321998596,-3.868051529
0,0,107,-8.369351387,-3.884501934
0,0,108,-8.416949272,-3.900998831
0,0,109,-8.464791298,-3.917542934
0,0,110,-8.512876511,-3.934135675
0,0,111,-8.561202049,-3.950777769
0,0,112,-8.60976696,-3.967469931
0,0,113,-8.658568382,-3.984212399
0,0,114,-8.707605362,-4.001006126
0,0,115,-8.756875038,-4.017851353
0,0,116,-8.806375504,-4.034748554
0,0,117,-8.856103897,-4.051697731
0,0,118,-8.906058311,-4.06869936
0,0,119,-8.956235886,-4.085753441
0,1,0,-3.366537333,-1.185874224
0,1,1,-3.438680172,-1.241992474
0,1,2,-3.509680748,-1.297183037
0,1,3,-3.579550505,-1.351433635
0,1,4,-3.648300886,-1.404733658
0,1,5,-3.715945959,-1.45707643
0,1,6,-3.78249979,-1.508456588
0,1,7,-3.847979069,-1.558872342
0,1,8,-3.912400246,-1.608323097
0,1,9,-3.975781679,-1.656811357
0,1,10,-4.038141727,-1.704340577
0,1,11,-4.099501133,-1.750916719
0,1,12,-4.159879208,-1.796546698
0,1,13,-4.219297409,-1.841239691
0,1,14,-4.277777195,-1.885005236
0,1,15,-4.3353405,-1.927854896
0,1,16,-4.392009735,-1.969800472
0,1,17,-4.447807789,-2.010855436
0,1,18,-4.502757072,-2.051033497
0,1,19,-4.556881428,-2.090349674
0,1,20,-4.610203743,-2.12881875
0,1,21,-4.66274786,-2.166456938
0,1,22,-4.714536667,-2.20328021
0,1,23,-4.765594482,-2.239305258
0,1,24,-4.815944672,-2.274549007
0,1,25,-4.8656106,-2.309028625
0,1,26,-4.914615631,-2.342761278
0,1,27,-4.962984085,-2.375764847
0,1,28,-5.010738373,-2.408056736
0,1,29,-5.057902336,-2.439654827
0,1,30,-5.104498386,-2.470576525
0,1,31,-5.150549412,-2.50083971
0,1,32,-5.1960783,-2.530461788
0,1,33,-5.241107464,-2.55946064
0,1,34,-5.285659313,-2.58785367
0,1,35,-5.329755306,-2.615658045
0,1,36,-5.373417854,-2.642891407
0,1,37,-5.416668415,-2.669570684
0,1,38,-5.459527969,-2.695713043
0,1,39,-5.502017498,-2.721335173
0,1,40,-5.544157982,-2.746453762
0,1,41,-5.585969925,-2.771085501
0,1,42,-5.627473354,-2.795246363
0,1,43,-5.66868782,-2.818952322
0,1,44,-5.709632397,-2.842219114
0,1,45,-5.750327587,-2.865062714
0,1,46,-5.790791512,-2.887498379
0,1,47,-5.831042767,-2.90954113
0,1,48,-5.871099472,-2.93120575
0,1,49,-5.910979748,-2.952507257
0,1,50,-5.950701237,-2.973459721
0,1,51,-5.990280628,-2.994077444
0,1,52,-6.029735088,-3.014374256
0,1,53,-6.069081306,-3.034363985
0,1,54,-6.108335018,-3.054059744
0,1,55,-6.147512436,-3.073474884
0,1,56,-6.186627865,-3.092621803
0,1,57,-6.225697517,-3.111513615
0,1,58,-6.264735699,-3.130162477
0,1,59,-6.303756714,-3.148580313
0,1,60,-6.342773914,-3.166778803
0,1,61,-6.381801605,-3.18476963
0,1,62,-6.420852661,-3.202564001
0,1,63,-6.459939957,-3.220172882
0,1,64,-6.499075413,-3.237606764
0,1,65,-6.538271427,-3.254876137
0,1,66,-6.577539444,-3.271991253
0,1,67,-6.61689043,-3.288961887
0,1,68,-6.656334877,-3.305797338
0,1,69,-6.695884228,-3.322507143
0,1,70,-6.735548019,-3.339100361
0,1,71,-6.775335789,-3.355585814
0,1,72,-6.815256596,-3.371971607
0,1,73,-6.855319977,-3.388266325
0,1,74,-6.895534039,-3.404477835
0,1,75,-6.935906887,-3.420613766
0,1,76,-6.976445675,-3.436681509
0,1,77,-7.017158985,-3.452688456
0,1,78,-7.058053017,-3.468641281
0,1,79,-7.099134445,-3.4845469
0,1,80,-7.14040947,-3.500411272
0,1,81,-7.181884289,-3.516240835
0,1,82,-7.223564148,-3.53204155
0,1,83,-7.265454769,-3.547818899
0,1,84,-7.307559967,-3.563578129
0,1,85,-7.349884987,-3.579324961
0,1,86,-7.39243412,-3.595063925
0,1,87,-7.435210705,-3.610799789
0,1,88,-7.478218555,-3.626537085
0,1,89,-7.521460533,-3.642280102
0,1,90,-7.564939976,-3.658033133
0,1,91,-7.608659267,-3.673799753
0,1,92,-7.652620792,-3.68958354
0,1,93,-7.696825981,-3.705388069
0,1,94,-7.741277695,-3.721216679
0,1,95,-7.785976887,-3.737072229
0,1,96,-7.830924511,-3.752957582
0,1,97,-7.876121044,-3.768875599
0,1,98,-7.921567917,-3.784828663
0,1,99,-7.967265606,-3.800819159
0,1,100,-8.013214111,-3.81684947
0,1,101,-8.059412956,-3.832921267
0,1,102,-8.105862617,-3.849036694
0,1,103,-8.152562141,-3.86519742
0,1,104,-8.199511528,-3.881404877
0,1,105,-8.24670887,-3.897660255
0,1,106,-8.294155121,-3.913965464
0,1,107,-8.34184742,-3.930321217
0,1,108,-8.389784813,-3.946728706
0,1,109,-8.437965393,-3.963188887
0,1,110,-8.48638916,-3.979702711
0,1,111,-8.535053253,-3.996270657
0,1,112,-8.583955765,-4.012893677
0,1,113,-8.633093834,-4.029571533
0,1,114,-8.682466507,-4.04630518
0,1,115,-8.732071877,-4.063095093
0,1,116,-8.781907082,-4.079941273
0,1,117,-8.831968307,-4.096843719
0,1,118,-8.882255554,-4.11380291
0,1,119,-8.932765007,-4.130818844
0,2,0,-3.219861031,-1.185981631
0,2,1,-3.294454098,-1.242938876
0,2,2,-3.367836714,-1.298946261
0,2,3,-3.440020084,-1.353989005
0,2,4,-3.51101613,-1.408054352
0,2,5,-3.580839634,-1.461133718
0,2,6,-3.649505138,-1.51322031
0,2,7,-3.717030287,-1.564311028
0,2,8,-3.783432484,-1.61440444
0,2,9,-3.848731279,-1.663502216
0,2,10,-3.912946224,-1.711607456
0,2,11,-3.976099014,-1.758726001
0,2,12,-4.038210869,-1.804864645
0,2,13,-4.099304676,-1.850032687
0,2,14,-4.159403324,-1.894240141
0,2,15,-4.218530655,-1.937499046
0,2,16,-4.27671051,-1.979821801
0,2,17,-4.333967209,-2.02122283
0,2,18,-4.390325546,-2.061716318
0,2,19,-4.445810795,-2.101318121
0,2,20,-4.500447273,-2.140044212
0,2,21,-4.554260731,-2.177911758
0,2,22,-4.60727644,-2.214937687
0,2,23,-4.659519672,-2.251140118
0,2,24,-4.711015224,-2.286536455
0,2,25,-4.761788845,-2.321145296
0,2,26,-4.81186533,-2.354984999
0,2,27,-4.861269951,-2.388074398
0,2,28,-4.910027027,-2.420431614
0,2,29,-4.958161831,-2.452075958
0,2,30,-5.005698204,-2.483025789
0,2,31,-5.052660942,-2.51330018
0,2,32,-5.09907341,-2.54291749
0,2,33,-5.144960403,-2.571896315
0,2,34,-5.19034481,-2.600255251
0,2,35,-5.235249519,-2.628012419
0,2,36,-5.279698372,-2.655186415
0,2,37,-5.323713303,-2.681794643
0,2,38,-5.3673172,-2.707855463
0,2,39,-5.410531998,-2.733386278
0,2,40,-5.453379154,-2.758404493
0,2,41,-5.495880604,-2.782927513
0,2,42,-5.538057327,-2.806972027
0,2,43,-5.579929829,-2.830554962
0,2,44,-5.621518135,-2.853692532
0,2,45,-5.662843227,-2.876401424
0,2,46,-5.703924656,-2.898697376
0,2,47,-5.744781017,-2.920596123
0,2,48,-5.785431385,-2.942112923
0,2,49,-5.825895309,-2.963263512
0,2,50,-5.866190434,-2.984062433
0,2,51,-5.9063344,-3.004524469
0,2,52,-5.946344376,-3.024663687
0,2,53,-5.98623848,-3.044494629
0,2,54,-6.026032925,-3.064030886
0,2,55,-6.065743923,-3.083285809
0,2,56,-6.105387211,-3.102272511
0,2,57,-6.144978523,-3.121004343
0,2,58,-6.184533119,-3.139493942
0,2,59,-6.224065781,-3.157753468
0,2,60,-6.263589859,-3.17579484
0,2,61,-6.303120613,-3.193630219
0,2,62,-6.342670918,-3.211270809
0,2,63,-6.382254124,-3.228727818
0,2,64,-6.421882153,-3.246012211
0,2,65,-6.461568356,-3.263134718
0,2,66,-6.501324177,-3.280105591
0,2,67,-6.54116106,-3.296934843
0,2,68,-6.581089973,-3.313632011
0,2,69,-6.621121883,-3.330206871
0,2,70,-6.661266804,-3.346668482
0,2,71,-6.701534748,-3.363025665
0,2,72,-6.741934776,-3.379287004
0,2,73,-6.782476902,-3.395461082
0,2,74,-6.823168755,-3.411555767
0,2,75,-6.864019394,-3.427578926
0,2,76,-6.905035973,-3.443537951
0,2,77,-6.946226597,-3.459440231
0,2,78,-6.987597942,-3.475292683
0,2,79,-7.029157162,-3.49110198
0,2,80,-7.0709095,-3.506874323
0,2,81,-7.11286211,-3.522616148
0,2,82,-7.155020237,-3.538333416
0,2,83,-7.197389126,-3.55403161
0,2,84,-7.239973545,-3.569716215
0,2,85,-7.282778263,-3.585392475
0,2,86,-7.325807571,-3.601065397
0,2,87,-7.369064808,-3.616739511
0,2,88,-7.412553787,-3.632419348
0,2,89,-7.45627737,-3.648109198
0,2,90,-7.500239372,-3.663813114
0,2,91,-7.5444417,-3.679534912
0,2,92,-7.588886261,-3.695278168
0,2,93,-7.633574963,-3.71104598
0,2,94,-7.678510666,-3.726841927
0,2,95,-7.723693848,-3.742669106
0,2,96,-7.769125938,-3.75853014
0,2,97,-7.814806938,-3.774427414
0,2,98,-7.860738754,-3.790363789
0,2,99,-7.906921387,-3.80634141
0,2,100,-7.953354836,-3.822362185
0,2,101,-8.000038147,-3.83842802
0,2,102,-8.046972275,-3.854541063
0,2,103,-8.094156265,-3.870702744
0,2,104,-8.141590118,-3.88691473
0,2,105,-8.189271927,-3.903177977
0,2,106,-8.237200737,-3.919494152
0,2,107,-8.285375595,-3.935863972
0,2,108,-8.333795547,-3.952288628
0,2,109,-8.382457733,-3.968768597
0,2,110,-8.431361198,-3.985305071
0,2,111,-8.480504036,-4.001898766
0,2,112,-8.529884338,-4.018549919
0,2,113,-8.579499245,-4.03525877
0,2,114,-8.629347801,-4.052025795
0,2,115,-8.679427147,-4.068851471
0,2,116,-8.729735374,-4.085735798
0,2,117,-8.780268669,-4.102678776
0,2,118,-8.831025124,-4.119680405
0,2,119,-8.882002831,-4.136740685
0,3,0,-3.22513032,-0.9434118271
0,3,1,-3.300574064,-1.002272844
0,3,2,-3.374751568,-1.060216904
0,3,3,-3.447676659,-1.117223501
0,3,4,-3.519363403,-1.173274636
0,3,5,-3.589828968,-1.228356719
0,3,6,-3.659090281,-1.282458186
0,3,7,-3.727166891,-1.335571647
0,3,8,-3.794078112,-1.387691617
0,3,9,-3.859845877,-1.438816071
0,3,10,-3.924491405,-1.488944769
0,3,11,-3.988038301,-1.538080692
0,3,12,-4.050509453,-1.586227894
0,3,13,-4.111929893,-1.633393288
0,3,14,-4.172323704,-1.679584742
0,3,15,-4.231716633,-1.724812388
0,3,16,-4.290133476,-1.769086957
0,3,17,-4.347600937,-1.812421441
0,3,18,-4.404144287,-1.854828835
0,3,19,-4.459790707,-1.896324158
0,3,20,-4.514565945,-1.936922312
0,3,21,-4.568497181,-1.976639748
0,3,22,-4.621609688,-2.015492678
0,3,23,-4.673931122,-2.053498745
0,3,24,-4.725487232,-2.090675116
0,3,25,-4.776304245,-2.127040148
0,3,26,-4.826408386,-2.162611961
0,3,27,-4.875825882,-2.197408915
0,3,28,-4.924582005,-2.231449604
0,3,29,-4.972702503,-2.264752865
0,3,30,-5.02021265,-2.297337294
0,3,31,-5.067137718,-2.329221964
0,3,32,-5.113501549,-2.360425234
0,3,33,-5.159329891,-2.390966177
0,3,34,-5.204646111,-2.420863152
0,3,35,-5.249474049,-2.450134754
0,3,36,-5.293837547,-2.478799343
0,3,37,-5.337759972,-2.506875038
0,3,38,-5.38126421,-2.534380198
0,3,39,-5.424372196,-2.561332226
0,3,40,-5.467106342,-2.587749004
0,3,41,-5.509489059,-2.613647938
0,3,42,-5.551541328,-2.639046192
0,3,43,-5.59328413,-2.663960934
0,3,44,-5.634737968,-2.688408375
0,3,45,-5.675924301,-2.712405682
0,3,46,-5.716862202,-2.73596859
0,3,47,-5.75757122,-2.759113312
0,3,48,-5.798070431,-2.781855106
0,3,49,-5.838379383,-2.804209948
0,3,50,-5.878516197,-2.826192617
0,3,51,-5.918498993,-2.847818136
0,3,52,-5.95834446,-2.869100809
0,3,53,-5.998071194,-2.890055418
0,3,54,-6.037695408,-2.910695553
0,3,55,-6.077233315,-2.931035042
0,3,56,-6.116700649,-2.951087236
0,3,57,-6.156114101,-2.970865488
0,3,58,-6.195487976,-2.990382433
0,3,59,-6.234837055,-3.009650707
0,3,60,-6.274175644,-3.028682232
0,3,61,-6.313518524,-3.047489405
0,3,62,-6.352878571,-3.066083908
0,3,63,-6.392269135,-3.084476709
0,3,64,-6.431702614,-3.102679014
0,3,65,-6.471191883,-3.12070179
0,3,66,-6.510748386,-3.138555527
0,3,67,-6.550384045,-3.156250238
0,3,68,-6.590109348,-3.1737957
0,3,69,-6.629935265,-3.191201925
0,3,70,-6.669872284,-3.208477974
0,3,71,-6.709929943,-3.225632906
0,3,72,-6.750117302,-3.242675543
0,3,73,-6.790444374,-3.259614468
0,3,74,-6.830919266,-3.276457787
0,3,75,-6.87155056,-3.293213367
0,3,76,-6.912345409,-3.309888601
0,3,77,-6.953312397,-3.326491356
0,3,78,-6.994458199,-3.343028545
0,3,79,-7.035789013,-3.359507084
0,3,80,-7.077311516,-3.375933409
0,3,81,-7.119031906,-3.392313957
0,3,82,-7.160955429,-3.40865469
0,3,83,-7.203087807,-3.424961567
0,3,84,-7.245433331,-3.441239834
0,3,85,-7.287997246,-3.457495451
0,3,86,-7.330783367,-3.473732948
0,3,87,-7.373795509,-3.489957333
0,3,88,-7.417037487,-3.506173372
0,3,89,-7.460511684,-3.52238512
0,3,90,-7.504222393,-3.538597345
0,3,91,-7.54817152,-3.554813623
0,3,92,-7.59236145,-3.571037769
0,3,93,-7.636793613,-3.587273121
0,3,94,-7.681470394,-3.603523493
0,3,95,-7.726393223,-3.619791746
0,3,96,-7.77156353,-3.63608098
0,3,97,-7.816981316,-3.652393818
0,3,98,-7.862648487,-3.66873312
0,3,99,-7.908564568,-3.685101271
0,3,100,-7.954730034,-3.701500416
0,3,101,-8.001144409,-3.717932463
0,3,102,-8.047808647,-3.734399796
0,3,103,-8.094721794,-3.750904083
0,3,104,-8.141882896,-3.767446995
0,3,105,-8.189291,-3.784029722
0,3,106,-8.236946106,-3.800654173
0,3,107,-8.284846306,-3.817321301
0,3,108,-8.332990646,-3.834032297
0,3,109,-8.381376266,-3.850787878
0,3,110,-8.430003166,-3.867589474
0,3,111,-8.478869438,-3.884437561
0,3,112,-8.527973175,-3.901332855
0,3,113,-8.577311516,-3.918275833
0,3,114,-8.626882553,-3.935267448
0,3,115,-8.67668438,-3.952307701
0,3,116,-8.726715088,-3.969397068
0,3,117,-8.776970863,-3.986535549
0,3,118,-8.827450752,-4.003723621
0,3,119,-8.878151894,-4.020961285
0,4,0,-3.489065409,-1.449169159
0,4,1,-3.558438778,-1.502438664
0,4,2,-3.62678051,-1.554789901
0,4,3,-3.694099188,-1.60621655
0,4,4,-3.760403395,-1.656713486
0,4,5,-3.825704575,-1.706278682
0,4,6,-3.890013933,-1.754911184
0,4,7,-3.95334506,-1.802612901
0,4,8,-4.015711308,-1.849386573
0,4,9,-4.077128887,-1.895237446
0,4,10,-4.137612343,-1.940171242
0,4,11,-4.197179317,-1.984195948
0,4,12,-4.2558465,-2.027319908
0,4,13,-4.313632488,-2.069553614
0,4,14,-4.370554924,-2.110907316
0,4,15,-4.426633835,-2.151393414
0,4,16,-4.481887817,-2.191023827
0,4,17,-4.536337376,-2.229812384
0,4,18,-4.59000206,-2.267772436
0,4,19,-4.642902374,-2.304919004
0,4,20,-4.695059299,-2.341266394
0,4,21,-4.746493816,-2.376830339
0,4,22,-4.797225952,-2.411625862
0,4,23,-4.847278118,-2.445669413
0,4,24,-4.896670341,-2.478976965
0,4,25,-4.945424557,-2.51156497
0,4,26,-4.993561745,-2.54344964
0,4,27,-5.041103363,-2.574647665
0,4,28,-5.088069916,-2.605175734
0,4,29,-5.134483337,-2.635050535
0,4,30,-5.180364132,-2.664288521
0,4,31,-5.225733757,-2.692906857
0,4,32,-5.270612717,-2.720921755
0,4,33,-5.315021992,-2.748350143
0,4,34,-5.358982086,-2.775208473
0,4,35,-5.402513027,-2.801512957
0,4,36,-5.445635796,-2.827280283
0,4,37,-5.488369942,-2.852526188
0,4,38,-5.530735493,-2.877267122
0,4,39,-5.572751999,-2.901518822
0,4,40,-5.614439011,-2.92529726
0,4,41,-5.655816078,-2.948617935
0,4,42,-5.696902275,-2.971496105
0,4,43,-5.737715721,-2.993947268
0,4,44,-5.778275013,-3.015985966
0,4,45,-5.818598747,-3.037627697
0,4,46,-5.858705044,-3.058886766
0,4,47,-5.898611069,-3.079777479
0,4,48,-5.938334465,-3.10031414
0,4,49,-5.977892399,-3.120511055
0,4,50,-6.017301559,-3.140381575
0,4,51,-6.056578636,-3.159939528
0,4,52,-6.095739365,-3.179197788
0,4,53,-6.134800434,-3.198169947
0,4,54,-6.173776627,-3.216868639
0,4,55,-6.212683678,-3.235306501
0,4,56,-6.251535892,-3.253495693
0,4,57,-6.29034853,-3.271448612
0,4,58,-6.329135418,-3.289176702
0,4,59,-6.367910385,-3.306691885
0,4,60,-6.406686783,-3.324005127
0,4,61,-6.445477962,-3.341128111
0,4,62,-6.484296799,-3.358071327
0,4,63,-6.523155689,-3.374845266
0,4,64,-6.562066078,-3.39146018
0,4,65,-6.60104084,-3.407926559
0,4,66,-6.640090942,-3.424253941
0,4,67,-6.679226875,-3.440451622
0,4,68,-6.718459129,-3.45652914
0,4,69,-6.757798672,-3.472495556
0,4,70,-6.797255039,-3.488359451
0,4,71,-6.836837769,-3.504129648
0,4,72,-6.876555443,-3.519813776
0,4,73,-6.916417599,-3.535420418
0,4,74,-6.956432343,-3.550957203
0,4,75,-6.996607304,-3.566431522
0,4,76,-7.036950111,-3.58185029
0,4,77,-7.077468872,-3.597220898
0,4,78,-7.118169785,-3.61255002
0,4,79,-7.159059525,-3.627843857
0,4,80,-7.200143814,-3.643108606
0,4,81,-7.241429329,-3.658350706
0,4,82,-7.282921314,-3.67357564
0,4,83,-7.324625015,-3.688788891
0,4,84,-7.366544724,-3.703995466
0,4,85,-7.408685207,-3.71920085
0,4,86,-7.451050758,-3.734409809
0,4,87,-7.493645191,-3.749626637
0,4,88,-7.536471844,-3.764855862
0,4,89,-7.579533577,-3.780101538
0,4,90,-7.622833729,-3.795367956
0,4,91,-7.666374683,-3.810658455
0,4,92,-7.710158825,-3.825976849
0,4,93,-7.754188061,-3.841325998
0,4,94,-7.798464298,-3.856709719
0,4,95,-7.842988968,-3.872130632
0,4,96,-7.887763023,-3.887591362
0,4,97,-7.932787418,-3.90309453
0,4,98,-7.978063107,-3.918642759
0,4,99,-8.023590088,-3.934238195
0,4,100,-8.069369316,-3.949882984
0,4,101,-8.115400314,-3.965578794
0,4,102,-8.161683083,-3.981327534
0,4,103,-8.208216667,-3.997130871
0,4,104,-8.255001068,-4.012990475
0,4,105,-8.302034378,-4.028907299
0,4,106,-8.349317551,-4.044882774
0,4,107,-8.396847725,-4.060917854
0,4,108,-8.444624901,-4.077013493
0,4,109,-8.492646217,-4.093170643
0,4,110,-8.540910721,-4.109390259
0,4,111,-8.589417458,-4.12567234
0,4,112,-8.638163567,-4.142017841
0,4,113,-8.687146187,-4.158427238
0,4,114,-8.736365318,-4.174900532
0,4,115,-8.785817146,-4.191438198
0,4,116,-8.835499763,-4.208040237
0,4,117,-8.885410309,-4.224707127
0,4,118,-8.935547829,-4.241438389
0,4,119,-8.985908508,-4.258234024
0,5,0,-3.781387806,-1.211263299
0,5,1,-3.847314358,-1.264847755
0,5,2,-3.912271023,-1.317577243
0,5,3,-3.976267815,-1.369444847
0,5,4,-4.039315224,-1.420444608
0,5,5,-4.101425171,-1.470573664
0,5,6,-4.162609577,-1.519829869
0,5,7,-4.222882748,-1.56821382
0,5,8,-4.282258511,-1.61572659
0,5,9,-4.340752125,-1.662371755
0,5,10,-4.398378849,-1.708153248
0,5,11,-4.455155373,-1.753077149
0,5,12,-4.511097431,-1.797149897
0,5,13,-4.566223145,-1.840379715
0,5,14,-4.620549679,-1.882774949
0,5,15,-4.674095154,-1.924345613
0,5,16,-4.726877689,-1.9651016
0,5,17,-4.778916359,-2.005054474
0,5,18,-4.830229282,-2.044215441
0,5,19,-4.88083601,-2.082597017
0,5,20,-4.930754662,-2.120211601
0,5,21,-4.980005741,-2.157072544
0,5,22,-5.028607845,-2.193193197
0,5,23,-5.076581001,-2.228587389
0,5,24,-5.123944283,-2.263269186
0,5,25,-5.170717716,-2.297252893
0,5,26,-5.216920376,-2.330552816
0,5,27,-5.262572289,-2.363183737
0,5,28,-5.307692528,-2.395160198
0,5,29,-5.352301598,-2.426497459
0,5,30,-5.396417618,-2.457209826
0,5,31,-5.440061092,-2.487312794
0,5,32,-5.483250618,-2.516820908
0,5,33,-5.526005745,-2.545749426
0,5,34,-5.56834507,-2.574113131
0,5,35,-5.610287666,-2.601926804
0,5,36,-5.651852608,-2.629205704
0,5,37,-5.693058014,-2.655964136
0,5,38,-5.733922958,-2.682217121
0,5,39,-5.774465084,-2.707978964
0,5,40,-5.814702988,-2.733264208
0,5,41,-5.854654312,-2.758087397
0,5,42,-5.894337177,-2.782462835
0,5,43,-5.933768749,-2.806404352
0,5,44,-5.972965717,-2.829925776
0,5,45,-6.011946201,-2.85304141
0,5,46,-6.050726414,-2.875764608
0,5,47,-6.089322567,-2.898108959
0,5,48,-6.12775135,-2.920087337
0,5,49,-6.166028976,-2.941713333
0,5,50,-6.204170704,-2.962999821
0,5,51,-6.242192745,-2.983959675
0,5,52,-6.280109406,-3.004605055
0,5,53,-6.31793642,-3.024948597
0,5,54,-6.355688095,-3.04500246
0,5,55,-6.393378735,-3.064778566
0,5,56,-6.431022167,-3.084288597
0,5,57,-6.468633175,-3.103544235
0,5,58,-6.506224155,-3.122556686
0,5,59,-6.54380846,-3.141337156
0,5,60,-6.581398964,-3.159896135
0,5,61,-6.619008541,-3.178244829
0,5,62,-6.656648636,-3.19639349
0,5,63,-6.694331646,-3.214352131
0,5,64,-6.732068539,-3.232130766
0,5,65,-6.769870758,-3.249739408
0,5,66,-6.807749271,-3.267187357
0,5,67,-6.845714569,-3.28448391
0,5,68,-6.883776188,-3.301638126
0,5,69,-6.921944618,-3.318658829
0,5,70,-6.96022892,-3.3355546
0,5,71,-6.99863863,-3.352334023
0,5,72,-7.037181854,-3.369004726
0,5,73,-7.075867653,-3.385575056
0,5,74,-7.114703655,-3.402052402
0,5,75,-7.153697968,-3.418444157
0,5,76,-7.192857265,-3.434757471
0,5,77,-7.232189655,-3.450999498
0,5,78,-7.271701336,-3.467176676
0,5,79,-7.311398983,-3.483295679
0,5,80,-7.351287842,-3.499362707
0,5,81,-7.391374588,-3.515383959
0,5,82,-7.431664467,-3.531365156
0,5,83,-7.472162247,-3.547311783
0,5,84,-7.512872696,-3.563229322
0,5,85,-7.55380106,-3.57912302
0,5,86,-7.594950676,-3.594997644
0,5,87,-7.636325359,-3.610858202
0,5,88,-7.677928925,-3.626708984
0,5,89,-7.719764233,-3.642554283
0,5,90,-7.761835098,-3.658398628
0,5,91,-7.804143906,-3.674245596
0,5,92,-7.846692562,-3.690099001
0,5,93,-7.889483452,-3.70596242
0,5,94,-7.932518959,-3.721839428
0,5,95,-7.975800037,-3.737733126
0,5,96,-8.019328117,-3.753646612
0,5,97,-8.06310463,-3.76958251
0,5,98,-8.107131004,-3.78554368
0,5,99,-8.151407242,-3.801532745
0,5,100,-8.195933342,-3.817551851
0,5,101,-8.240710258,-3.833603382
0,5,102,-8.285737991,-3.849689484
0,5,103,-8.331016541,-3.865811825
0,5,104,-8.376544952,-3.881972551
0,5,105,-8.422322273,-3.898172855
0,5,106,-8.468349457,-3.914414644
0,5,107,-8.514624596,-3.930699348
0,5,108,-8.561146736,-3.94702816
0,5,109,-8.607913971,-3.963402033
0,5,110,-8.6549263,-3.979822397
0,5,111,-8.702181816,-3.996289968
0,5,112,-8.749678612,-4.012805462
0,5,113,-8.79741478,-4.029369831
0,5,114,-8.845388412,-4.045983791
0,5,115,-8.893598557,-4.06264782
0,5,116,-8.942042351,-4.079362392
0,5,117,-8.990716934,-4.096127987
0,5,118,-9.039621353,-4.11294508
0,5,119,-9.0887537,-4.129813671
0,6,0,-3.133414984,-0.8378122449
0,6,1,-3.210898161,-0.8980000615
0,6,2,-3.28704524,-0.9572830796
0,6,3,-3.361871004,-1.015635848
0,6,4,-3.435390472,-1.073035717
0,6,5,-3.507622004,-1.129464507
0,6,6,-3.578583956,-1.18490684
0,6,7,-3.648297071,-1.239351749
0,6,8,-3.71678257,-1.292790413
0,6,9,-3.784063578,-1.345218062
0,6,10,-3.850162983,-1.396631956
0,6,11,-3.915106058,-1.447032809
0,6,12,-3.97891736,-1.496422768
0,6,13,-4.041623592,-1.544807434
0,6,14,-4.103250504,-1.592193246
0,6,15,-4.163825512,-1.638589382
0,6,16,-4.223375797,-1.684005976
0,6,17,-4.281929016,-1.728455305
0,6,18,-4.339512825,-1.771950126
0,6,19,-4.396155834,-1.814505219
0,6,20,-4.4518857,-1.856135488
0,6,21,-4.506731033,-1.8968575
0,6,22,-4.56071949,-1.936687708
0,6,23,-4.613879681,-1.975644112
0,6,24,-4.666239262,-2.013744116
0,6,25,-4.717826366,-2.051006794
0,6,26,-4.768668175,-2.087450504
0,6,27,-4.818792343,-2.12309432
0,6,28,-4.868226051,-2.157957315
0,6,29,-4.916996479,-2.192059278
0,6,30,-4.965130329,-2.225419283
0,6,31,-5.012653828,-2.258056879
0,6,32,-5.059592724,-2.289991379
0,6,33,-5.105973244,-2.321242332
0,6,34,-5.151820183,-2.351829052
0,6,35,-5.197158813,-2.381770372
0,6,36,-5.242013931,-2.411085606
0,6,37,-5.286409378,-2.439793587
0,6,38,-5.330368996,-2.467913151
0,6,39,-5.373916626,-2.495462418
0,6,40,-5.417075157,-2.522459745
0,6,41,-5.459867477,-2.548923492
0,6,42,-5.502315521,-2.574871302
0,6,43,-5.5444417,-2.600320578
0,6,44,-5.586266518,-2.625288486
0,6,45,-5.627811909,-2.649792433
0,6,46,-5.669098377,-2.673848867
0,6,47,-5.71014595,-2.697474241
0,6,48,-5.750974178,-2.720684528
0,6,49,-5.791603088,-2.74349618
0,6,50,-5.832051754,-2.765924454
0,6,51,-5.872337818,-2.78798461
0,6,52,-5.912479877,-2.809691429
0,6,53,-5.952495575,-2.831059933
0,6,54,-5.992402554,-2.852104425
0,6,55,-6.032217026,-2.872838736
0,6,56,-6.071955204,-2.893276691
0,6,57,-6.111633778,-2.913432121
0,6,58,-6.151268005,-2.9333179
0,6,59,-6.190873146,-2.952946901
0,6,60,-6.230463505,-2.972331285
0,6,61,-6.270053864,-2.991483927
0,6,62,-6.309657574,-3.010416508
0,6,63,-6.349287987,-3.029140472
0,6,64,-6.388957977,-3.047667027
0,6,65,-6.42868042,-3.066007614
0,6,66,-6.468467236,-3.084172726
0,6,67,-6.508330345,-3.102172613
0,6,68,-6.548280716,-3.12001729
0,6,69,-6.588329315,-3.137717009
0,6,70,-6.628486633,-3.155281067
0,6,71,-6.668762684,-3.172718525
0,6,72,-6.709166527,-3.190038204
0,6,73,-6.749708176,-3.207249165
0,6,74,-6.790396214,-3.224359274
0,6,75,-6.831238747,-3.241376877
0,6,76,-6.872243404,-3.258309603
0,6,77,-6.913418293,-3.275165081
0,6,78,-6.954770565,-3.291950464
0,6,79,-6.996306896,-3.308672667
0,6,80,-7.038033485,-3.325338125
0,6,81,-7.079957008,-3.341953754
0,6,82,-7.12208271,-3.358525515
0,6,83,-7.164415836,-3.375059128
0,6,84,-7.206961155,-3.391560316
0,6,85,-7.249723434,-3.408034801
0,6,86,-7.292707443,-3.424487352
0,6,87,-7.335916519,-3.440922976
0,6,88,-7.379354477,-3.457346439
0,6,89,-7.423023701,-3.473762035
0,6,90,-7.466928482,-3.490174294
0,6,91,-7.511070728,-3.506587029
0,6,92,-7.555452824,-3.523004293
0,6,93,-7.600076675,-3.539429188
0,6,94,-7.644944191,-3.555865765
0,6,95,-7.690057278,-3.572316647
0,6,96,-7.735416412,-3.588785172
0,6,97,-7.781022549,-3.605273962
0,6,98,-7.826877117,-3.621785879
0,6,99,-7.872980118,-3.638323307
0,6,100,-7.919331551,-3.65488863
0,6,101,-7.965930939,-3.671483755
0,6,102,-8.012779236,-3.688110828
0,6,103,-8.059875488,-3.704771757
0,6,104,-8.107218742,-3.72146821
0,6,105,-8.154808044,-3.73820138
0,6,106,-8.202643394,-3.754973173
0,6,107,-8.250722885,-3.771784782
0,6,108,-8.299045563,-3.788637161
0,6,109,-8.34760952,-3.805531263
0,6,110,-8.396413803,-3.822468281
0,6,111,-8.445455551,-3.839448929
0,6,112,-8.49473381,-3.856473923
0,6,113,-8.54424572,-3.873543739
0,6,114,-8.593990326,-3.890659332
0,6,115,-8.643964767,-3.907820702
0,6,116,-8.694166183,-3.925028324
0,6,117,-8.744591713,-3.942282438
0,6,118,-8.795240402,-3.959583521
0,6,119,-8.84610939,-3.976931334
0,7,0,-3.629558325,-0.7210860252
0,7,1,-3.699995756,-0.7792968154
0,7,2,-3.769268751,-0.836676836
0,7,3,-3.837392807,-0.8932079077
0,7,4,-3.904383898,-0.9488736391
0,7,5,-3.970260143,-1.003661513
0,7,6,-4.035039425,-1.057560682
0,7,7,-4.098741531,-1.110563755
0,7,8,-4.161386013,-1.162664652
0,7,9,-4.222993851,-1.213860631
0,7,10,-4.283585548,-1.264150023
0,7,11,-4.343183994,-1.313534021
0,7,12,-4.401810169,-1.362014651
0,7,13,-4.459487438,-1.409596443
0,7,14,-4.516237736,-1.456284642
0,7,15,-4.572084904,-1.502086639
0,7,16,-4.627051353,-1.547010183
0,7,17,-4.681160927,-1.591065049
0,7,18,-4.734436512,-1.634261131
0,7,19,-4.786901951,-1.676609993
0,7,20,-4.838580608,-1.718123198
0,7,21,-4.889496803,-1.758813858
0,7,22,-4.939672947,-1.798694849
0,7,23,-4.989133358,-1.837780356
0,7,24,-5.037900925,-1.876084328
0,7,25,-5.085999489,-1.913621783
0,7,26,-5.133451462,-1.950407267
0,7,27,-5.180280685,-1.986456513
0,7,28,-5.226509094,-2.021784544
0,7,29,-5.27216053,-2.056407452
0,7,30,-5.317256451,-2.090340614
0,7,31,-5.361820221,-2.123600245
0,7,32,-5.405873299,-2.156202078
0,7,33,-5.449437618,-2.188162565
0,7,34,-5.492535114,-2.219497442
0,7,35,-5.535186768,-2.250222445
0,7,36,-5.577414513,-2.280354023
0,7,37,-5.619238853,-2.309907675
0,7,38,-5.660680771,-2.338899374
0,7,39,-5.701760292,-2.367344618
0,7,40,-5.742497444,-2.395259142
0,7,41,-5.782912731,-2.422658682
0,7,42,-5.823025227,-2.449558258
0,7,43,-5.862854481,-2.475973129
0,7,44,-5.902418613,-2.501918077
0,7,45,-5.941737652,-2.5274086
0,7,46,-5.980829239,-2.552459002
0,7,47,-6.019711018,-2.577083588
0,7,48,-6.058401108,-2.601296663
0,7,49,-6.096917152,-2.625112534
0,7,50,-6.135275841,-2.648545027
0,7,51,-6.173493862,-2.671607971
0,7,52,-6.211587429,-2.694314241
0,7,53,-6.249573231,-2.716677666
0,7,54,-6.287466526,-2.738711119
0,7,55,-6.325282574,-2.760427237
0,7,56,-6.363036156,-2.781838417
0,7,57,-6.400743008,-2.802957535
0,7,58,-6.438416481,-2.823796272
0,7,59,-6.476070881,-2.844366312
0,7,60,-6.513719082,-2.864679337
0,7,61,-6.551374912,-2.884747028
0,7,62,-6.589051247,-2.904580116
0,7,63,-6.626760483,-2.924189568
0,7,64,-6.664514065,-2.943585873
0,7,65,-6.702324867,-2.962779522
0,7,66,-6.740203381,-2.981780529
0,7,67,-6.778161049,-3.000598907
0,7,68,-6.816207886,-3.019243956
0,7,69,-6.854354858,-3.03772521
0,7,70,-6.892611504,-3.056051731
0,7,71,-6.930987358,-3.07423234
0,7,72,-6.969491005,-3.09227562
0,7,73,-7.008132458,-3.110189915
0,7,74,-7.046919346,-3.12798357
0,7,75,-7.085859776,-3.145664215
0,7,76,-7.124961376,-3.163239241
0,7,77,-7.164231777,-3.180716276
0,7,78,-7.203678131,-3.198102474
0,7,79,-7.243306637,-3.215404749
0,7,80,-7.283123493,-3.232629299
0,7,81,-7.323134899,-3.249783039
0,7,82,-7.363346577,-3.266872168
0,7,83,-7.403763771,-3.283902407
0,7,84,-7.444391251,-3.30087924
0,7,85,-7.485233784,-3.317808628
0,7,86,-7.526295662,-3.334695816
0,7,87,-7.567581177,-3.351545572
0,7,88,-7.609093666,-3.368362904
0,7,89,-7.650836468,-3.38515234
0,7,90,-7.69281292,-3.40191865
0,7,91,-7.735025883,-3.418665886
0,7,92,-7.777477741,-3.435398102
0,7,93,-7.820170403,-3.452119112
0,7,94,-7.863106728,-3.468832731
0,7,95,-7.90628767,-3.485542297
0,7,96,-7.949715137,-3.502251148
0,7,97,-7.993390083,-3.518962145
0,7,98,-8.037313461,-3.535678864
0,7,99,-8.081486702,-3.552403688
0,7,100,-8.125909805,-3.569139242
0,7,101,-8.170582771,-3.585887909
0,7,102,-8.215506554,-3.602652311
0,7,103,-8.260680199,-3.619434595
0,7,104,-8.306103706,-3.636236668
0,7,105,-8.351777077,-3.653060198
0,7,106,-8.397699356,-3.66990757
0,7,107,-8.443869591,-3.686779976
0,7,108,-8.490286827,-3.703679085
0,7,109,-8.536950111,-3.720606089
0,7,110,-8.58385849,-3.737562656
0,7,111,-8.631010056,-3.754549742
0,7,112,-8.678402901,-3.771568298
0,7,113,-8.726036072,-3.78861928
0,7,114,-8.773907661,-3.805703878
0,7,115,-8.822015762,-3.822822809
0,7,116,-8.870358467,-3.839976788
0,7,117,-8.918932915,-3.857166052
0,7,118,-8.967738152,-3.874391794
0,7,119,-9.016771317,-3.891654015
0,8,0,-3.042073011,-1.302106261
0,8,1,-3.119544983,-1.359119177
0,8,2,-3.195736408,-1.415147066
0,8,3,-3.270658016,-1.470174193
0,8,4,-3.344320774,-1.524187207
0,8,5,-3.416739464,-1.577176929
0,8,6,-3.487928629,-1.629136443
0,8,7,-3.557906151,-1.680062652
0,8,8,-3.626689911,-1.729954362
0,8,9,-3.694300413,-1.778813839
0,8,10,-3.760757923,-1.826644659
0,8,11,-3.826085329,-1.873453617
0,8,12,-3.890305042,-1.919248343
0,8,13,-3.95344162,-1.964039326
0,8,14,-4.015519142,-2.007837534
0,8,15,-4.076563358,-2.050656557
0,8,16,-4.136599064,-2.092509985
0,8,17,-4.195653439,-2.133413315
0,8,18,-4.253751755,-2.173382521
0,8,19,-4.310921669,-2.212435007
0,8,20,-4.367189884,-2.25058794
0,8,21,-4.42258358,-2.287859917
0,8,22,-4.477128983,-2.324269295
0,8,23,-4.530854225,-2.359835386
0,8,24,-4.583785534,-2.394577503
0,8,25,-4.635950565,-2.428515434
0,8,26,-4.687375546,-2.46166873
0,8,27,-4.738087654,-2.494057417
0,8,28,-4.78811264,-2.525701284
0,8,29,-4.837477684,-2.556620836
0,8,30,-4.886208057,-2.586835384
0,8,31,-4.934330463,-2.616365194
0,8,32,-4.981869698,-2.645230055
0,8,33,-5.028851509,-2.673449516
0,8,34,-5.075300694,-2.701043129
0,8,35,-5.12124157,-2.728030205
0,8,36,-5.166698933,-2.754430056
0,8,37,-5.211696148,-2.780261278
0,8,38,-5.256257534,-2.805542946
0,8,39,-5.300405979,-2.830293417
0,8,40,-5.344164848,-2.85453105
0,8,41,-5.387556553,-2.878273726
0,8,42,-5.430603027,-2.901539326
0,8,43,-5.473326206,-2.924345016
0,8,44,-5.515747547,-2.946707964
0,8,45,-5.557888508,-2.968645573
0,8,46,-5.599769115,-2.990174055
0,8,47,-5.641409874,-3.011309862
0,8,48,-5.682830334,-3.032068729
0,8,49,-5.724050999,-3.052466869
0,8,50,-5.765090466,-3.072519541
0,8,51,-5.805966854,-3.092241764
0,8,52,-5.846698761,-3.111648321
0,8,53,-5.887304306,-3.130753994
0,8,54,-5.927800655,-3.149572849
0,8,55,-5.968204975,-3.168118715
0,8,56,-6.008533001,-3.186405182
0,8,57,-6.048801899,-3.204445839
0,8,58,-6.089027405,-3.222253323
0,8,59,-6.1292243,-3.239840269
0,8,60,-6.169407368,-3.257219076
0,8,61,-6.209591866,-3.274402142
0,8,62,-6.249791622,-3.291400909
0,8,63,-6.290019512,-3.308226824
0,8,64,-6.330288887,-3.324890852
0,8,65,-6.370613098,-3.3414042
0,8,66,-6.411004543,-3.357777119
0,8,67,-6.451474667,-3.374019861
0,8,68,-6.492034435,-3.390142202
0,8,69,-6.53269577,-3.406153917
0,8,70,-6.573468685,-3.422064304
0,8,71,-6.61436367,-3.437882185
0,8,72,-6.655390263,-3.453616142
0,8,73,-6.696557999,-3.469274998
0,8,74,-6.737875938,-3.484866858
0,8,75,-6.779352188,-3.500399351
0,8,76,-6.820994854,-3.515879869
0,8,77,-6.862812042,-3.531316042
0,8,78,-6.904810905,-3.546714544
0,8,79,-6.946998119,-3.562082291
0,8,80,-6.989379883,-3.57742548
0,8,81,-7.031963348,-3.592750549
0,8,82,-7.074753761,-3.608063221
0,8,83,-7.11775589,-3.623369217
0,8,84,-7.160974979,-3.638673544
0,8,85,-7.204416275,-3.653981924
0,8,86,-7.248083115,-3.669298887
0,8,87,-7.29197979,-3.684628963
0,8,88,-7.336110115,-3.699976683
0,8,89,-7.380476475,-3.715346098
0,8,90,-7.425082684,-3.730741501
0,8,91,-7.469930649,-3.746166229
0,8,92,-7.515022755,-3.761623859
0,8,93,-7.560360432,-3.777117729
0,8,94,-7.605946541,-3.792650938
0,8,95,-7.651781559,-3.808226347
0,8,96,-7.697866917,-3.82384634
0,8,97,-7.744202614,-3.83951354
0,8,98,-7.790790081,-3.85523057
0,8,99,-7.837629318,-3.870999098
0,8,100,-7.884720325,-3.88682127
0,8,101,-7.932062626,-3.902698755
0,8,102,-7.979656219,-3.918633461
0,8,103,-8.027500153,-3.934626579
0,8,104,-8.075593948,-3.950679541
0,8,105,-8.123935699,-3.966793299
0,8,106,-8.172525406,-3.982969284
0,8,107,-8.22136116,-3.999208212
0,8,108,-8.270442009,-4.015511036
0,8,109,-8.319765091,-4.031877995
0,8,110,-8.369329453,-4.048309803
0,8,111,-8.419132233,-4.064806938
0,8,112,-8.469171524,-4.081369877
0,8,113,-8.519444466,-4.097998619
0,8,114,-8.569950104,-4.114693642
0,8,115,-8.620685577,-4.131454945
0,8,116,-8.671648026,-4.148282051
0,8,117,-8.722834587,-4.165174961
0,8,118,-8.774242401,-4.182134151
0,8,119,-8.82586956,-4.199158669
0,9,0,-3.905335665,-1.150807381
0,9,1,-3.969903469,-1.204194546
0,9,2,-4.033529282,-1.256752968
0,9,3,-4.096223354,-1.308475971
0,9,4,-4.157996178,-1.359357715
0,9,5,-4.218859673,-1.409395218
0,9,6,-4.278826237,-1.458586097
0,9,7,-4.337909698,-1.506930709
0,9,8,-4.396123409,-1.55442977
0,9,9,-4.453482628,-1.601086497
0,9,10,-4.510002613,-1.64690423
0,9,11,-4.5656991,-1.691888452
0,9,12,-4.620588303,-1.736045003
0,9,13,-4.674686909,-1.779381275
0,9,14,-4.728012085,-1.821905017
0,9,15,-4.780581474,-1.863625407
0,9,16,-4.832411766,-1.904551506
0,9,17,-4.883522034,-1.944694042
0,9,18,-4.933929443,-1.984063387
0,9,19,-4.983653069,-2.022671461
0,9,20,-5.032710552,-2.06052947
0,9,21,-5.081121445,-2.097650051
0,9,22,-5.128903866,-2.134045601
0,9,23,-5.176076889,-2.169729233
0,9,24,-5.222658634,-2.204713821
0,9,25,-5.268668652,-2.239013195
0,9,26,-5.314125538,-2.272640467
0,9,27,-5.359048367,-2.305609941
0,9,28,-5.403455734,-2.337935209
0,9,29,-5.447366714,-2.369630814
0,9,30,-5.490799904,-2.400710344
0,9,31,-5.533773899,-2.431188345
0,9,32,-5.576307297,-2.461078644
0,9,33,-5.61841917,-2.490396023
0,9,34,-5.660127163,-2.51915431
0,9,35,-5.701449871,-2.547367811
0,9,36,-5.742405415,-2.575050831
0,9,37,-5.783011913,-2.602217197
0,9,38,-5.823287487,-2.628881454
0,9,39,-5.863249302,-2.655057192
0,9,40,-5.902915001,-2.680758476
0,9,41,-5.942302704,-2.705999136
0,9,42,-5.9814291,-2.730792761
0,9,43,-6.020310879,-2.755153179
0,9,44,-6.058964729,-2.779093504
0,9,45,-6.097407818,-2.802627325
0,9,46,-6.135656357,-2.825767756
0,9,47,-6.173726082,-2.848527908
0,9,48,-6.211632729,-2.87092042
0,9,49,-6.249392509,-2.892958403
0,9,50,-6.287020683,-2.914654255
0,9,51,-6.324532509,-2.936020374
0,9,52,-6.361941814,-2.957068682
0,9,53,-6.399264336,-2.977811813
0,9,54,-6.436514378,-2.998261213
0,9,55,-6.473705292,-3.018428564
0,9,56,-6.510850906,-3.03832531
0,9,57,-6.547965527,-3.057962894
0,9,58,-6.58506155,-3.077352285
0,9,59,-6.622152328,-3.09650445
0,9,60,-6.659249783,-3.115429878
0,9,61,-6.696366787,-3.134139061
0,9,62,-6.733514786,-3.15264225
0,9,63,-6.7707057,-3.170949697
0,9,64,-6.807950497,-3.189070702
0,9,65,-6.84526062,-3.207015276
0,9,66,-6.882646561,-3.224792719
0,9,67,-6.920118332,-3.242412329
0,9,68,-6.957685947,-3.259882689
0,9,69,-6.995359898,-3.27721262
0,9,70,-7.033148766,-3.294410706
0,9,71,-7.071061611,-3.311485291
0,9,72,-7.109107018,-3.328444004
0,9,73,-7.147294044,-3.345295191
0,9,74,-7.185629845,-3.362046242
0,9,75,-7.224122524,-3.378704548
0,9,76,-7.262779236,-3.395277023
0,9,77,-7.301607132,-3.411770821
0,9,78,-7.340613365,-3.428192616
0,9,79,-7.379803658,-3.444548845
0,9,80,-7.419183731,-3.460845709
0,9,81,-7.458760262,-3.477089405
0,9,82,-7.498538494,-3.493285656
0,9,83,-7.538523197,-3.509440184
0,9,84,-7.578718662,-3.525558233
0,9,85,-7.619130611,-3.541645288
0,9,86,-7.659762383,-3.557706118
0,9,87,-7.700618267,-3.573745728
0,9,88,-7.741701603,-3.58976841
0,9,89,-7.783015251,-3.605778694
0,9,90,-7.824563503,-3.621780872
0,9,91,-7.866348267,-3.637778997
0,9,92,-7.908371925,-3.653776884
0,9,93,-7.950636864,-3.66977787
0,9,94,-7.993145466,-3.685786009
0,9,95,-8.035899162,-3.701804161
0,9,96,-8.078899384,-3.717835665
0,9,97,-8.122146606,-3.733883142
0,9,98,-8.165642738,-3.749949694
0,9,99,-8.209388733,-3.766037941
0,9,100,-8.25338459,-3.782150269
0,9,101,-8.29763031,-3.798288822
0,9,102,-8.3421278,-3.814456224
0,9,103,-8.386875153,-3.830654383
0,9,104,-8.431873322,-3.846885204
0,9,105,-8.477120399,-3.86315012
0,9,106,-8.52261734,-3.879451275
0,9,107,-8.56836319,-3.895789862
0,9,108,-8.614356041,-3.912167311
0,9,109,-8.66059494,-3.928584814
0,9,110,-8.707079887,-3.945043802
0,9,111,-8.753808975,-3.961545229
0,9,112,-8.800780296,-3.978090286
0,9,113,-8.847991943,-3.994679451
0,9,114,-8.895442963,-4.011313915
0,9,115,-8.943131447,-4.027994156
0,9,116,-8.991055489,-4.04472065
0,9,117,-9.039212227,-4.061493874
0,9,118,-9.087600708,-4.078314304
0,9,119,-9.136218071,-4.095182419
0,10,0,-3.851819515,-0.8696067929
0,10,1,-3.918443203,-0.9254546165
0,10,2,-3.984029055,-0.9804837108
0,10,3,-4.04859066,-1.034682274
0,10,4,-4.112141132,-1.088039994
0,10,5,-4.174695969,-1.140549421
0,10,6,-4.236269951,-1.192204356
0,10,7,-4.296880245,-1.24300158
0,10,8,-4.356543541,-1.29293859
0,10,9,-4.415277958,-1.342015743
0,10,10,-4.473101139,-1.390233874
0,10,11,-4.530032158,-1.437596202
0,10,12,-4.586089611,-1.484106421
0,10,13,-4.641293526,-1.529770494
0,10,14,-4.695662498,-1.574594378
0,10,15,-4.749217033,-1.618586063
0,10,16,-4.801977158,-1.661753774
0,10,17,-4.853962898,-1.704107165
0,10,18,-4.905194759,-1.745655894
0,10,19,-4.955693245,-1.786411166
0,10,20,-5.005478382,-1.826383948
0,10,21,-5.054571629,-1.865586638
0,10,22,-5.102993011,-1.904031157
0,10,23,-5.150763512,-1.941730738
0,10,24,-5.197903633,-1.978698134
0,10,25,-5.24443388,-2.014947176
0,10,26,-5.290374756,-2.050491333
0,10,27,-5.335747242,-2.085344791
0,10,28,-5.380570889,-2.119521618
0,10,29,-5.424866676,-2.153036118
0,10,30,-5.468654633,-2.185902596
0,10,31,-5.511954784,-2.218135834
0,10,32,-5.554786682,-2.249750137
0,10,33,-5.59717083,-2.280760288
0,10,34,-5.639126301,-2.31118083
0,10,35,-5.680672646,-2.341026306
0,10,36,-5.721829414,-2.370311499
0,10,37,-5.762615204,-2.399050713
0,10,38,-5.803049564,-2.42725873
0,10,39,-5.843150616,-2.454949617
0,10,40,-5.882936954,-2.482138157
0,10,41,-5.922427177,-2.508838415
0,10,42,-5.961638927,-2.535064459
0,10,43,-6.000590324,-2.560830355
0,10,44,-6.039298534,-2.586149931
0,10,45,-6.077781677,-2.611037254
0,10,46,-6.116055965,-2.635505676
0,10,47,-6.154138565,-2.659568548
0,10,48,-6.192045689,-2.683238983
0,10,49,-6.229794502,-2.706530809
0,10,50,-6.267400265,-2.729456663
0,10,51,-6.304879189,-2.752029181
0,10,52,-6.342246056,-2.774260759
0,10,53,-6.379516602,-2.796164513
0,10,54,-6.416705132,-2.817752123
0,10,55,-6.453826427,-2.839035749
0,10,56,-6.490894318,-2.860027075
0,10,57,-6.527923584,-2.88073802
0,10,58,-6.564927101,-2.90117979
0,10,59,-6.601918221,-2.921363592
0,10,60,-6.63890934,-2.941300154
0,10,61,-6.675914288,-2.961000681
0,10,62,-6.712944508,-2.980475664
0,10,63,-6.750012398,-2.999735355
0,10,64,-6.787128925,-3.01878953
0,10,65,-6.824306011,-3.037648678
0,10,66,-6.861554146,-3.056322098
0,10,67,-6.898884296,-3.074819088
0,10,68,-6.936306,-3.093148947
0,10,69,-6.973830223,-3.111320972
0,10,70,-7.011466026,-3.12934351
0,10,71,-7.049222469,-3.147225142
0,10,72,-7.087108135,-3.164974213
0,10,73,-7.125132561,-3.182598829
0,10,74,-7.163303375,-3.200106859
0,10,75,-7.201628208,-3.217505693
0,10,76,-7.240114689,-3.234802723
0,10,77,-7.278770447,-3.252005339
0,10,78,-7.317601681,-3.269120455
0,10,79,-7.356615543,-3.286154509
0,10,80,-7.39581728,-3.303113937
0,10,81,-7.435214043,-3.320005417
0,10,82,-7.4748106,-3.336834669
0,10,83,-7.514612198,-3.353607655
0,10,84,-7.554623604,-3.370329618
0,10,85,-7.594850063,-3.387006521
0,10,86,-7.635295391,-3.403643131
0,10,87,-7.675963879,-3.420244694
0,10,88,-7.716858864,-3.436815739
0,10,89,-7.757983685,-3.453360796
0,10,90,-7.799342155,-3.469884634
0,10,91,-7.840936661,-3.486391306
0,10,92,-7.882769585,-3.502884626
0,10,93,-7.924843311,-3.51936841
0,10,94,-7.967160225,-3.53584671
0,10,95,-8.009721756,-3.552322626
0,10,96,-8.052530289,-3.568799496
0,10,97,-8.095585823,-3.585280418
0,10,98,-8.138890266,-3.601768494
0,10,99,-8.182444572,-3.618266582
0,10,100,-8.226248741,-3.634777069
0,10,101,-8.270302773,-3.651302338
0,10,102,-8.314608574,-3.667845249
0,10,103,-8.359165192,-3.684407711
0,10,104,-8.403972626,-3.700991631
0,10,105,-8.449029922,-3.717598915
0,10,106,-8.494337082,-3.73423171
0,10,107,-8.53989315,-3.750891447
0,10,108,-8.585698128,-3.767579794
0,10,109,-8.631749153,-3.784297943
0,10,110,-8.67804718,-3.801047564
0,10,111,-8.724589348,-3.817829847
0,10,112,-8.771374702,-3.834645748
0,10,113,-8.818401337,-3.851495981
0,10,114,-8.86566925,-3.868381977
0,10,115,-8.913175583,-3.885304213
0,10,116,-8.960917473,-3.902263641
0,10,117,-9.008893967,-3.91926074
0,10,118,-9.057103157,-3.936296225
0,10,119,-9.105542183,-3.953370571
0,11,0,-3.75151062,-1.47080636
0,11,1,-3.816945791,-1.522479534
0,11,2,-3.881458998,-1.573287249
0,11,3,-3.945057869,-1.623225451
0,11,4,-4.007750511,-1.672291279
0,11,5,-4.0695467,-1.720484257
0,11,6,-4.130456448,-1.767804742
0,11,7,-4.190491676,-1.814255357
0,11,8,-4.24966383,-1.85983932
0,11,9,-4.307987213,-1.904561877
0,11,10,-4.365474701,-1.94842875
0,11,11,-4.422141075,-1.991447568
0,11,12,-4.478000641,-2.033625841
0,11,13,-4.533070087,-2.074973106
0,11,14,-4.587364674,-2.11549902
0,11,15,-4.640901566,-2.15521431
0,11,16,-4.693696976,-2.194129705
0,11,17,-4.745768547,-2.232257605
0,11,18,-4.797133446,-2.269609928
0,11,19,-4.847810268,-2.306199551
0,11,20,-4.897816181,-2.342039585
0,11,21,-4.947170258,-2.37714386
0,11,22,-4.995890141,-2.411525965
0,11,23,-5.04399538,-2.445200205
0,11,24,-5.09150362,-2.478180647
0,11,25,-5.13843441,-2.510482311
0,11,26,-5.18480587,-2.542119265
0,11,27,-5.230637074,-2.573106766
0,11,28,-5.275947094,-2.603459358
0,11,29,-5.320754528,-2.633192301
0,11,30,-5.365078449,-2.662320375
0,11,31,-5.408937454,-2.690858603
0,11,32,-5.45235014,-2.718822002
0,11,33,-5.495336056,-2.746225834
0,11,34,-5.537912846,-2.773084641
0,11,35,-5.580099106,-2.799413443
0,11,36,-5.621913433,-2.825227261
0,11,37,-5.663373947,-2.850540638
0,11,38,-5.704499245,-2.875368357
0,11,39,-5.745306492,-2.89972496
0,11,40,-5.785813808,-2.923624754
0,11,41,-5.826039314,-2.947082281
0,11,42,-5.865999699,-2.970111609
0,11,43,-5.905712605,-2.992727041
0,11,44,-5.945194721,-3.014941931
0,11,45,-5.984463215,-3.036770582
0,11,46,-6.023534775,-3.058226109
0,11,47,-6.062425613,-3.0793221
0,11,48,-6.101151466,-3.100071669
0,11,49,-6.139729023,-3.120488167
0,11,50,-6.178173542,-3.140584469
0,11,51,-6.216500282,-3.160372972
0,11,52,-6.254724503,-3.179866076
0,11,53,-6.292860985,-3.199076414
0,11,54,-6.330924511,-3.218015909
0,11,55,-6.368929386,-3.236696243
0,11,56,-6.406888962,-3.255129099
0,11,57,-6.44481802,-3.273326397
0,11,58,-6.482728958,-3.291298866
0,11,59,-6.520635605,-3.309057713
0,11,60,-6.558549881,-3.326613426
0,11,61,-6.596485138,-3.343976974
0,11,62,-6.63445282,-3.361158609
0,11,63,-6.672465324,-3.378168344
0,11,64,-6.710533142,-3.395015955
0,11,65,-6.748668671,-3.411711216
0,11,66,-6.786881924,-3.428263426
0,11,67,-6.825183392,-3.444681883
0,11,68,-6.863583088,-3.460975409
0,11,69,-6.902091503,-3.477152824
0,11,70,-6.940717697,-3.493222713
0,11,71,-6.97947073,-3.509193182
0,11,72,-7.018359184,-3.525071859
0,11,73,-7.05739212,-3.54086709
0,11,74,-7.096577168,-3.556586027
0,11,75,-7.135921955,-3.572236061
0,11,76,-7.175433636,-3.587824106
0,11,77,-7.215119839,-3.603357315
0,11,78,-7.25498724,-3.618842125
0,11,79,-7.295042038,-3.634284973
0,11,80,-7.335289478,-3.649691582
0,11,81,-7.375736713,-3.665068388
0,11,82,-7.416388512,-3.680420876
0,11,83,-7.457249641,-3.695754528
0,11,84,-7.498324871,-3.711074352
0,11,85,-7.539619446,-3.726385593
0,11,86,-7.581136703,-3.74169302
0,11,87,-7.622880459,-3.7570014
0,11,88,-7.664854527,-3.772314787
0,11,89,-7.707061768,-3.787637472
0,11,90,-7.74950552,-3.802973747
0,11,91,-7.792188168,-3.818327188
0,11,92,-7.835112095,-3.833701372
0,11,93,-7.878279209,-3.849099398
0,11,94,-7.921691895,-3.86452508
0,11,95,-7.965351105,-3.879981279
0,11,96,-8.00925827,-3.895470619
0,11,97,-8.053414345,-3.910995722
0,11,98,-8.097820282,-3.926559687
0,11,99,-8.142477036,-3.942164421
0,11,100,-8.187384605,-3.957812309
0,11,101,-8.232542992,-3.97350502
0,11,102,-8.277953148,-3.989244938
0,11,103,-8.323613167,-4.005033493
0,11,104,-8.369524002,-4.020872593
0,11,105,-8.415683746,-4.036763668
0,11,106,-8.462093353,-4.052708149
0,11,107,-8.508750916,-4.068706989
0,11,108,-8.555654526,-4.08476162
0,11,109,-8.60280323,-4.100872517
0,11,110,-8.650197029,-4.117041111
0,11,111,-8.697833061,-4.133267879
0,11,112,-8.745709419,-4.149553776
0,11,113,-8.79382515,-4.1658988
0,11,114,-8.842178345,-4.182303905
0,11,115,-8.890766144,-4.198769569
0,11,116,-8.939586639,-4.215295792
0,11,117,-8.988637924,-4.231882572
0,11,118,-9.037917137,-4.248530865
0,11,119,-9.087422371,-4.265240192
0,12,0,-2.919770479,-1.081571102
0,12,1,-3.000187159,-1.141081333
0,12,2,-3.07921648,-1.199622631
0,12,3,-3.156870604,-1.257171035
0,12,4,-3.233162403,-1.313705444
0,12,5,-3.308108091,-1.369209766
0,12,6,-3.381724596,-1.42367065
0,12,7,-3.454031944,-1.477079272
0,12,8,-3.525050163,-1.529429197
0,12,9,-3.594802141,-1.58071816
0,12,10,-3.663311005,-1.630945921
0,12,11,-3.730602026,-1.680115819
0,12,12,-3.796700239,-1.728232741
0,12,13,-3.861633062,-1.775304794
0,12,14,-3.925427198,-1.821341276
0,12,15,-3.988111496,-1.866354108
0,12,16,-4.049713612,-1.910355926
0,12,17,-4.110263348,-1.95336175
0,12,18,-4.169789791,-1.995386839
0,12,19,-4.228322506,-2.036448479
0,12,20,-4.285891056,-2.076563835
0,12,21,-4.342525482,-2.115751982
0,12,22,-4.398255348,-2.154031754
0,12,23,-4.453110695,-2.191422939
0,12,24,-4.507120609,-2.227945566
0,12,25,-4.560315132,-2.263620377
0,12,26,-4.612722874,-2.298467636
0,12,27,-4.664373875,-2.332508564
0,12,28,-4.715295792,-2.365763664
0,12,29,-4.765518188,-2.398254395
0,12,30,-4.815068722,-2.430001497
0,12,31,-4.863975525,-2.461026192
0,12,32,-4.912265301,-2.491348982
0,12,33,-4.959966183,-2.520990849
0,12,34,-5.007104397,-2.549972296
0,12,35,-5.053706169,-2.578313589
0,12,36,-5.099797726,-2.606035233
0,12,37,-5.145404339,-2.633157015
0,12,38,-5.190551758,-2.659698725
0,12,39,-5.235263824,-2.685679674
0,12,40,-5.279565334,-2.711119175
0,12,41,-5.323480129,-2.736036301
0,12,42,-5.367031574,-2.760449409
0,12,43,-5.410242081,-2.78437686
0,12,44,-5.45313406,-2.807836533
0,12,45,-5.495730877,-2.83084631
0,12,46,-5.538053036,-2.853423595
0,12,47,-5.580121994,-2.875585556
0,12,48,-5.621958256,-2.897348404
0,12,49,-5.663582325,-2.918729067
0,12,50,-5.705014229,-2.939743519
0,12,51,-5.746273041,-2.960407495
0,12,52,-5.787377357,-2.980736256
0,12,53,-5.828346252,-3.000745296
0,12,54,-5.869197369,-3.020448923
0,12,55,-5.909948349,-3.039861917
0,12,56,-5.950615406,-3.058997869
0,12,57,-5.99121666,-3.077871084
0,12,58,-6.031767368,-3.096494913
0,12,59,-6.072283268,-3.114882231
0,12,60,-6.112779617,-3.133045673
0,12,61,-6.153271675,-3.150998116
0,12,62,-6.193773746,-3.168751478
0,12,63,-6.234299183,-3.186317444
0,12,64,-6.274861336,-3.203707218
0,12,65,-6.315474033,-3.220932484
0,12,66,-6.356149673,-3.238003731
0,12,67,-6.3968997,-3.254931688
0,12,68,-6.437736034,-3.271726131
0,12,69,-6.47867012,-3.288397312
0,12,70,-6.519712448,-3.304954767
0,12,71,-6.560873508,-3.321407557
0,12,72,-6.602162838,-3.337764502
0,12,73,-6.643590927,-3.354034424
0,12,74,-6.685165882,-3.370225668
0,12,75,-6.726896763,-3.386346102
0,12,76,-6.768790722,-3.402403355
0,12,77,-6.810856819,-3.418405056
0,12,78,-6.853102207,-3.434358358
0,12,79,-6.895533562,-3.450270176
0,12,80,-6.938156605,-3.466146708
0,12,81,-6.980978966,-3.481994629
0,12,82,-7.024005413,-3.497819901
0,12,83,-7.067241669,-3.513628244
0,12,84,-7.110692501,-3.529425144
0,12,85,-7.154363155,-3.545216084
0,12,86,-7.198257446,-3.561005831
0,12,87,-7.242379189,-3.576799154
0,12,88,-7.286732197,-3.592600346
0,12,89,-7.331319332,-3.608413935
0,12,90,-7.376143932,-3.624243975
0,12,91,-7.421208382,-3.64009428
0,12,92,-7.466515064,-3.655968189
0,12,93,-7.512065411,-3.67186904
0,12,94,-7.557861805,-3.687800407
0,12,95,-7.603905201,-3.703764915
0,12,96,-7.650196552,-3.719765663
0,12,97,-7.696736336,-3.735804796
0,12,98,-7.743525982,-3.751884937
0,12,99,-7.790565491,-3.768008232
0,12,100,-7.837854862,-3.784176826
0,12,101,-7.885393143,-3.800392389
0,12,102,-7.933180809,-3.816656828
0,12,103,-7.981216908,-3.832971573
0,12,104,-8.029500961,-3.849338055
0,12,105,-8.07803154,-3.865757227
0,12,106,-8.126807213,-3.882230759
0,12,107,-8.175827026,-3.898759365
0,12,108,-8.225090027,-3.915344
0,12,109,-8.2745924,-3.93198514
0,12,110,-8.324335098,-3.948683739
0,12,111,-8.374314308,-3.965440273
0,12,112,-8.424528122,-3.982254982
0,12,113,-8.474973679,-3.999128103
0,12,114,-8.525650024,-4.016060352
0,12,115,-8.576554298,-4.033051491
0,12,116,-8.62768364,-4.050101757
0,12,117,-8.679035187,-4.067210674
0,12,118,-8.730607033,-4.084378719
0,12,119,-8.782395363,-4.101605415
0,13,0,-3.521402121,-1.613632321
0,13,1,-3.589890003,-1.665372729
0,13,2,-3.657390118,-1.716200709
0,13,3,-3.723909378,-1.766112328
0,13,4,-3.789455175,-1.815104485
0,13,5,-3.854037523,-1.863177061
0,13,6,-3.917666197,-1.910330892
0,13,7,-3.980353355,-1.956569195
0,13,8,-4.04211092,-2.001896143
0,13,9,-4.102953434,-2.046317816
0,13,10,-4.162894249,-2.089840889
0,13,11,-4.221949577,-2.132474184
0,13,12,-4.280134678,-2.174226761
0,13,13,-4.337467194,-2.215109348
0,13,14,-4.393963337,-2.255132675
0,13,15,-4.449641705,-2.294309378
0,13,16,-4.504519463,-2.332651615
0,13,17,-4.558616161,-2.370173216
0,13,18,-4.611950397,-2.40688777
0,13,19,-4.664541721,-2.44280982
0,13,20,-4.716409206,-2.477953911
0,13,21,-4.76757288,-2.5123353
0,13,22,-4.818052769,-2.545969248
0,13,23,-4.8678689,-2.578871727
0,13,24,-4.917041302,-2.611058474
0,13,25,-4.965590954,-2.6425457
0,13,26,-5.013537407,-2.673349142
0,13,27,-5.060901642,-2.703485489
0,13,28,-5.107703686,-2.732970715
0,13,29,-5.153964043,-2.761821508
0,13,30,-5.19970274,-2.790054083
0,13,31,-5.244940758,-2.817684889
0,13,32,-5.289697647,-2.844730139
0,13,33,-5.333993912,-2.871206284
0,13,34,-5.377849579,-2.897129297
0,13,35,-5.421283722,-2.922515392
0,13,36,-5.464317322,-2.947380543
0,13,37,-5.506968975,-2.971740484
0,13,38,-5.549258709,-2.995611191
0,13,39,-5.59120512,-3.01900816
0,13,40,-5.632827759,-3.041946888
0,13,41,-5.674145222,-3.064442873
0,13,42,-5.715176105,-3.086510897
0,13,43,-5.755939007,-3.108165979
0,13,44,-5.796451569,-3.129422903
0,13,45,-5.836732864,-3.15029645
0,13,46,-5.876799583,-3.170800924
0,13,47,-5.916669846,-3.190950394
0,13,48,-5.956359863,-3.210758686
0,13,49,-5.99588728,-3.230240107
0,13,50,-6.035268784,-3.249407768
0,13,51,-6.074520111,-3.268275023
0,13,52,-6.113656998,-3.286854982
0,13,53,-6.152696133,-3.305160761
0,13,54,-6.191652775,-3.323204756
0,13,55,-6.230541706,-3.340999365
0,13,56,-6.269377232,-3.358556747
0,13,57,-6.30817461,-3.375889063
0,13,58,-6.34694767,-3.393007755
0,13,59,-6.385709763,-3.409924269
0,13,60,-6.424474239,-3.426649809
0,13,61,-6.463254929,-3.443195343
0,13,62,-6.502064228,-3.4595716
0,13,63,-6.540914536,-3.47578907
0,13,64,-6.579817295,-3.491857767
0,13,65,-6.618785381,-3.507787943
0,13,66,-6.657829285,-3.523588896
0,13,67,-6.696959972,-3.539270163
0,13,68,-6.736187935,-3.554840803
0,13,69,-6.775523663,-3.570310116
0,13,70,-6.814977169,-3.585686445
0,13,71,-6.854557514,-3.600978374
0,13,72,-6.894273281,-3.616193771
0,13,73,-6.934134483,-3.631340742
0,13,74,-6.97414875,-3.646426916
0,13,75,-7.014324188,-3.661459446
0,13,76,-7.05466795,-3.676445484
0,13,77,-7.095188141,-3.691392183
0,13,78,-7.135891438,-3.706306219
0,13,79,-7.176784039,-3.72119379
0,13,80,-7.217872143,-3.736060858
0,13,81,-7.259162426,-3.75091362
0,13,82,-7.300659657,-3.765757561
0,13,83,-7.34236908,-3.780598164
0,13,84,-7.384294987,-3.795440674
0,13,85,-7.4264431,-3.810290098
0,13,86,-7.468816757,-3.825150967
0,13,87,-7.511419773,-3.840028048
0,13,88,-7.554255962,-3.854925394
0,13,89,-7.597327709,-3.869847059
0,13,90,-7.640638828,-3.884797335
0,13,91,-7.684191704,-3.899779558
0,13,92,-7.72798872,-3.914797306
0,13,93,-7.772031307,-3.929853439
0,13,94,-7.81632185,-3.944951534
0,13,95,-7.860861301,-3.960094452
0,13,96,-7.905651093,-3.975284576
0,13,97,-7.9506917,-3.99052453
0,13,98,-7.995984554,-4.005816936
0,13,99,-8.041529655,-4.021163464
0,13,100,-8.087327003,-4.036566257
0,13,101,-8.133377075,-4.052027225
0,13,102,-8.179679871,-4.067548275
0,13,103,-8.226234436,-4.083130836
0,13,104,-8.273039818,-4.09877634
0,13,105,-8.320095062,-4.114485741
0,13,106,-8.367400169,-4.130260468
0,13,107,-8.414954185,-4.146101475
0,13,108,-8.462755203,-4.162009716
0,13,109,-8.510800362,-4.177985668
0,13,110,-8.559090614,-4.194030285
0,13,111,-8.607622147,-4.210143566
0,13,112,-8.656394005,-4.226326466
0,13,113,-8.705403328,-4.242578983
0,13,114,-8.754649162,-4.258902073
0,13,115,-8.804128647,-4.275295258
0,13,116,-8.853839874,-4.291758537
0,13,117,-8.90377903,-4.308292389
0,13,118,-8.95394516,-4.324896336
0,13,119,-9.004335403,-4.341570377
0,14,0,-3.120009184,-1.583148837
0,14,1,-3.195477486,-1.637348652
0,14,2,-3.269750595,-1.690559983
0,14,3,-3.342837095,-1.742773652
0,14,4,-3.414746046,-1.793982387
0,14,5,-3.485490084,-1.844182611
0,14,6,-3.555081606,-1.893372178
0,14,7,-3.62353611,-1.94155252
0,14,8,-3.690869331,-1.988726377
0,14,9,-3.75709939,-2.034899235
0,14,10,-3.822244167,-2.08007741
0,14,11,-3.886324167,-2.124270439
0,14,12,-3.949359417,-2.16748786
0,14,13,-4.011371613,-2.209741592
0,14,14,-4.072382927,-2.251044035
0,14,15,-4.132416248,-2.291409492
0,14,16,-4.191493988,-2.330852509
0,14,17,-4.249640942,-2.369389057
0,14,18,-4.306880474,-2.407035112
0,14,19,-4.363237381,-2.44380784
0,14,20,-4.418735504,-2.479724646
0,14,21,-4.473400593,-2.514803648
0,14,22,-4.527256966,-2.549062967
0,14,23,-4.580329895,-2.5825212
0,14,24,-4.6326437,-2.615197182
0,14,25,-4.684224129,-2.647109985
0,14,26,-4.735095501,-2.678278446
0,14,27,-4.785283089,-2.708721876
0,14,28,-4.834811687,-2.73845911
0,14,29,-4.883705616,-2.767509699
0,14,30,-4.931989193,-2.795892477
0,14,31,-4.979687214,-2.823626757
0,14,32,-5.026823521,-2.850731373
0,14,33,-5.073422432,-2.877225161
0,14,34,-5.119506836,-2.903126955
0,14,35,-5.165100574,-2.928454876
0,14,36,-5.210227013,-2.95322752
0,14,37,-5.254908562,-2.977463007
0,14,38,-5.29916811,-3.001179457
0,14,39,-5.343027592,-3.024394274
0,14,40,-5.386509418,-3.047125101
0,14,41,-5.429635048,-3.069389343
0,14,42,-5.472426414,-3.091204166
0,14,43,-5.514904022,-3.112586021
0,14,44,-5.557088375,-3.133551598
0,14,45,-5.599000931,-3.154117346
0,14,46,-5.640660763,-3.174299002
0,14,47,-5.682087898,-3.194112539
0,14,48,-5.723301411,-3.213573217
0,14,49,-5.764321327,-3.232696533
0,14,50,-5.805165291,-3.251497269
0,14,51,-5.845851898,-3.269989967
0,14,52,-5.886398792,-3.288188934
0,14,53,-5.926824093,-3.306108713
0,14,54,-5.967144489,-3.323762655
0,14,55,-6.007376671,-3.341164589
0,14,56,-6.047536373,-3.358327389
0,14,57,-6.087640762,-3.375264168
0,14,58,-6.12770462,-3.391987562
0,14,59,-6.167743206,-3.408509731
0,14,60,-6.207770824,-3.424842834
0,14,61,-6.247802734,-3.440998793
0,14,62,-6.287852287,-3.456988811
0,14,63,-6.327932835,-3.472824097
0,14,64,-6.368057251,-3.488515377
0,14,65,-6.408239365,-3.50407362
0,14,66,-6.44849062,-3.519508839
0,14,67,-6.488822937,-3.534831047
0,14,68,-6.529247284,-3.550049782
0,14,69,-6.569775581,-3.56517458
0,14,70,-6.610417843,-3.5802145
0,14,71,-6.651184082,-3.595178366
0,14,72,-6.692083836,-3.61007452
0,14,73,-6.733127594,-3.624911547
0,14,74,-6.774323463,-3.639697313
0,14,75,-6.815680027,-3.654439449
0,14,76,-6.857204914,-3.669145107
0,14,77,-6.898907185,-3.683821678
0,14,78,-6.940793037,-3.698476076
0,14,79,-6.982869625,-3.7131145
0,14,80,-7.025143147,-3.727743387
0,14,81,-7.067620754,-3.742368937
0,14,82,-7.110307217,-3.75699687
0,14,83,-7.153208256,-3.771632433
0,14,84,-7.19632864,-3.786281109
0,14,85,-7.239673615,-3.800947905
0,14,86,-7.283246994,-3.81563735
0,14,87,-7.327052593,-3.830354214
0,14,88,-7.371094227,-3.845102549
0,14,89,-7.415374279,-3.859886408
0,14,90,-7.459897041,-3.874709845
0,14,91,-7.504663944,-3.889576197
0,14,92,-7.549677849,-3.904488802
0,14,93,-7.594940186,-3.91945076
0,14,94,-7.640452862,-3.934465408
0,14,95,-7.686217308,-3.949535131
0,14,96,-7.732234478,-3.96466279
0,14,97,-7.778504848,-3.979850292
0,14,98,-7.825029373,-3.99510026
0,14,99,-7.871808529,-4.0104146
0,14,100,-7.918841839,-4.025794983
0,14,101,-7.966128826,-4.041242599
0,14,102,-8.013669968,-4.056759834
0,14,103,-8.061463356,-4.072347641
0,14,104,-8.109509468,-4.088006973
0,14,105,-8.157806396,-4.103738785
0,14,106,-8.206353188,-4.119544506
0,14,107,-8.255147934,-4.135424614
0,14,108,-8.304189682,-4.151379585
0,14,109,-8.353475571,-4.167410374
0,14,110,-8.403004646,-4.183516979
0,14,111,-8.452775002,-4.199699879
0,14,112,-8.502783775,-4.215959549
0,14,113,-8.55302906,-4.232295513
0,14,114,-8.603508949,-4.248708248
0,14,115,-8.654219627,-4.265197277
0,14,116,-8.705159187,-4.281763077
0,14,117,-8.756324768,-4.298404694
0,14,118,-8.807714462,-4.315122128
0,14,119,-8.859324455,-4.331914902
0,15,0,-3.862569571,-1.505912304
0,15,1,-3.926400661,-1.556726575
0,15,2,-3.989356518,-1.606698751
0,15,3,-4.051444054,-1.655825973
0,15,4,-4.112670898,-1.704105973
0,15,5,-4.173046112,-1.751538992
0,15,6,-4.232579231,-1.798125863
0,15,7,-4.291280746,-1.843869686
0,15,8,-4.349162102,-1.888773799
0,15,9,-4.406235695,-1.932843566
0,15,10,-4.462513924,-1.97608459
0,15,11,-4.518010616,-2.018504381
0,15,12,-4.572739124,-2.060110331
0,15,13,-4.626714706,-2.100911379
0,15,14,-4.679951668,-2.140916824
0,15,15,-4.732466221,-2.180137157
0,15,16,-4.784273624,-2.218582392
0,15,17,-4.835390568,-2.256264448
0,15,18,-4.885832787,-2.293194532
0,15,19,-4.935617447,-2.329385281
0,15,20,-4.984761238,-2.364848614
0,15,21,-5.033281803,-2.399597883
0,15,22,-5.081195831,-2.433645964
0,15,23,-5.128521442,-2.467006445
0,15,24,-5.175276279,-2.499692678
0,15,25,-5.221477985,-2.531718731
0,15,26,-5.267143726,-2.563098431
0,15,27,-5.312292099,-2.593846083
0,15,28,-5.356940746,-2.623975515
0,15,29,-5.401107788,-2.653501034
0,15,30,-5.444810867,-2.682436943
0,15,31,-5.488068104,-2.710797787
0,15,32,-5.530897141,-2.738597631
0,15,33,-5.573316097,-2.765851021
0,15,34,-5.615342617,-2.792572021
0,15,35,-5.656993866,-2.818774939
0,15,36,-5.698287964,-2.844474077
0,15,37,-5.739242077,-2.869683504
0,15,38,-5.779874325,-2.894417524
0,15,39,-5.82020092,-2.918689728
0,15,40,-5.860239506,-2.942514181
0,15,41,-5.900007248,-2.965904713
0,15,42,-5.939520836,-2.988875151
0,15,43,-5.978796482,-3.011438847
0,15,44,-6.017850876,-3.033608913
0,15,45,-6.056700706,-3.055399179
0,15,46,-6.095361233,-3.076822281
0,15,47,-6.133848667,-3.097891569
0,15,48,-6.172178268,-3.118619442
0,15,49,-6.210366249,-3.139019012
0,15,50,-6.248427391,-3.15910244
0,15,51,-6.286376953,-3.178882122
0,15,52,-6.324228764,-3.19836998
0,15,53,-6.361998081,-3.217578173
0,15,54,-6.399698734,-3.236518383
0,15,55,-6.437344551,-3.255202293
0,15,56,-6.474948883,-3.273640871
0,15,57,-6.512526035,-3.29184556
0,15,58,-6.550088406,-3.309827328
0,15,59,-6.587648392,-3.327596903
0,15,60,-6.625218868,-3.345164537
0,15,61,-6.662812233,-3.36254096
0,15,62,-6.70043993,-3.379736185
0,15,63,-6.73811388,-3.396759987
0,15,64,-6.775844574,-3.413621902
0,15,65,-6.813643932,-3.430331707
0,15,66,-6.851521969,-3.44689846
0,15,67,-6.889489174,-3.463330984
0,15,68,-6.927555084,-3.4796381
0,15,69,-6.965729713,-3.495828867
0,15,70,-7.004022598,-3.511911154
0,15,71,-7.042442322,-3.527893305
0,15,72,-7.08099699,-3.543782711
0,15,73,-7.119695663,-3.559587717
0,15,74,-7.158546448,-3.575315237
0,15,75,-7.197556496,-3.590972662
0,15,76,-7.23673296,-3.606566906
0,15,77,-7.276083469,-3.622104883
0,15,78,-7.315614223,-3.637593031
0,15,79,-7.355331421,-3.653037548
0,15,80,-7.395240784,-3.668444395
0,15,81,-7.435348988,-3.683819771
0,15,82,-7.475660801,-3.699169159
0,15,83,-7.516180992,-3.714497805
0,15,84,-7.55691433,-3.729810953
0,15,85,-7.597865582,-3.745114088
0,15,86,-7.63903904,-3.760411501
0,15,87,-7.680438042,-3.77570796
0,15,88,-7.722066402,-3.791007996
0,15,89,-7.763926506,-3.806315422
0,15,90,-7.806022644,-3.821634531
0,15,91,-7.848356724,-3.836969137
0,15,92,-7.890931129,-3.852322817
0,15,93,-7.933747768,-3.867698669
0,15,94,-7.976809025,-3.88310051
0,15,95,-8.020115852,-3.89853096
0,15,96,-8.063670158,-3.91399312
0,15,97,-8.10747242,-3.929489613
0,15,98,-8.151524544,-3.94502306
0,15,99,-8.19582653,-3.960596085
0,15,100,-8.240379333,-3.976210594
0,15,101,-8.285181999,-3.991868734
0,15,102,-8.330236435,-4.007572651
0,15,103,-8.375540733,-4.023324013
0,15,104,-8.421095848,-4.039124489
0,15,105,-8.466899872,-4.05497551
0,15,106,-8.512952805,-4.070878506
0,15,107,-8.559253693,-4.086834908
0,15,108,-8.605801582,-4.102845669
0,15,109,-8.652594566,-4.118911743
0,15,110,-8.699632645,-4.135034561
0,15,111,-8.746912956,-4.1512146
0,15,112,-8.794434547,-4.167452812
0,15,113,-8.842195511,-4.183749676
0,15,114,-8.890194893,-4.200105667
0,15,115,-8.938429832,-4.216521263
0,15,116,-8.986898422,-4.232996941
0,15,117,-9.035597801,-4.2495327
0,15,118,-9.084527016,-4.266129017
0,15,119,-9.133683205,-4.282785892
0,16,0,-3.412802219,-0.4770991802
0,16,1,-3.487905025,-0.5382201672
0,16,2,-3.561680317,-0.5985489488
0,16,3,-3.63414669,-0.6580561399
0,16,4,-3.705323219,-0.7167146802
0,16,5,-3.775231123,-0.7745021582
0,16,6,-3.843891859,-0.8313984871
0,16,7,-3.911329031,-0.8873878717
0,16,8,-3.977566004,-0.9424567223
0,16,9,-4.042627811,-0.9965953827
0,16,10,-4.106538773,-1.049796104
0,16,11,-4.169325829,-1.102054715
0,16,12,-4.231014252,-1.153368592
0,16,13,-4.291630745,-1.203738451
0,16,14,-4.351202011,-1.25316596
0,16,15,-4.40975523,-1.30165565
0,16,16,-4.467317581,-1.349213123
0,16,17,-4.523916721,-1.395846367
0,16,18,-4.579579353,-1.441563845
0,16,19,-4.634333611,-1.486376166
0,16,20,-4.688206196,-1.530294299
0,16,21,-4.741225243,-1.573330998
0,16,22,-4.793416977,-1.615499139
0,16,23,-4.844809532,-1.656813145
0,16,24,-4.895429134,-1.697287321
0,16,25,-4.945302963,-1.736937284
0,16,26,-4.994456768,-1.775778532
0,16,27,-5.042917728,-1.813827515
0,16,28,-5.090711594,-1.851100326
0,16,29,-5.137864113,-1.88761425
0,16,30,-5.184400558,-1.923385859
0,16,31,-5.23034668,-1.958432555
0,16,32,-5.275727272,-1.992771387
0,16,33,-5.320566654,-2.026419878
0,16,34,-5.364889622,-2.059395313
0,16,35,-5.40871954,-2.091714859
0,16,36,-5.45208025,-2.123396158
0,16,37,-5.49499464,-2.154456377
0,16,38,-5.537486076,-2.184912682
0,16,39,-5.579576969,-2.214782
0,16,40,-5.621289253,-2.244081259
0,16,41,-5.66264534,-2.272827387
0,16,42,-5.70366621,-2.301037073
0,16,43,-5.744373322,-2.32872653
0,16,44,-5.784786224,-2.35591197
0,16,45,-5.824926376,-2.382609844
0,16,46,-5.864813328,-2.408835649
0,16,47,-5.904466629,-2.434605122
0,16,48,-5.943904877,-2.459933281
0,16,49,-5.983147621,-2.484835863
0,16,50,-6.022212982,-2.509327412
0,16,51,-6.06111908,-2.533422709
0,16,52,-6.099882603,-2.557136059
0,16,53,-6.138521671,-2.580482006
0,16,54,-6.177052498,-2.60347414
0,16,55,-6.215491772,-2.626126051
0,16,56,-6.253854752,-2.64845109
0,16,57,-6.29215765,-2.670462608
0,16,58,-6.330415249,-2.692173243
0,16,59,-6.36864233,-2.713595629
0,16,60,-6.406853199,-2.734741926
0,16,61,-6.44506216,-2.755624533
0,16,62,-6.483282089,-2.776254892
0,16,63,-6.521526337,-2.796644449
0,16,64,-6.559807301,-2.816804171
0,16,65,-6.598137856,-2.836745501
0,16,66,-6.636529446,-2.856478691
0,16,67,-6.674993992,-2.876014233
0,16,68,-6.713541508,-2.8953619
0,16,69,-6.752183914,-2.914532185
0,16,70,-6.790931225,-2.933534145
0,16,71,-6.829792976,-2.952377081
0,16,72,-6.868778229,-2.971069813
0,16,73,-6.907896996,-2.989621401
0,16,74,-6.94715786,-3.00804019
0,16,75,-6.986568928,-3.026334286
0,16,76,-7.026137829,-3.044511557
0,16,77,-7.065872669,-3.062580109
0,16,78,-7.105780602,-3.080546856
0,16,79,-7.145868301,-3.098419189
0,16,80,-7.186141968,-3.116203785
0,16,81,-7.226608276,-3.133907795
0,16,82,-7.267272472,-3.15153718
0,16,83,-7.308140278,-3.169098377
0,16,84,-7.349216461,-3.18659687
0,16,85,-7.390506268,-3.204038858
0,16,86,-7.432013988,-3.221429586
0,16,87,-7.473743439,-3.238774538
0,16,88,-7.515698433,-3.256078482
0,16,89,-7.557882309,-3.273345947
0,16,90,-7.600298882,-3.29058218
0,16,91,-7.642950535,-3.307791233
0,16,92,-7.685839653,-3.32497716
0,16,93,-7.72896862,-3.342144012
0,16,94,-7.772339821,-3.359295607
0,16,95,-7.815954685,-3.376435757
0,16,96,-7.859814644,-3.393567562
0,16,97,-7.90392065,-3.410694122
0,16,98,-7.948274612,-3.427819014
0,16,99,-7.99287653,-3.44494462
0,16,100,-8.037727356,-3.462074041
0,16,101,-8.082826614,-3.479209423
0,16,102,-8.128174782,-3.496353626
0,16,103,-8.173772812,-3.513508558
0,16,104,-8.219618797,-3.530676603
0,16,105,-8.265712738,-3.54785943
0,16,106,-8.312054634,-3.565059185
0,16,107,-8.358643532,-3.582277298
0,16,108,-8.405477524,-3.599515438
0,16,109,-8.452555656,-3.616775036
0,16,110,-8.49987793,-3.634057522
0,16,111,-8.547441483,-3.651364088
0,16,112,-8.595245361,-3.668695927
0,16,113,-8.643286705,-3.686053991
0,16,114,-8.691565514,-3.703439474
0,16,115,-8.740078926,-3.720852852
0,16,116,-8.788825035,-3.738295078
0,16,117,-8.83780098,-3.75576663
0,16,118,-8.887005806,-3.773268461
0,16,119,-8.936436653,-3.79080081
0,17,0,-3.279247761,-0.49098441
0,17,1,-3.356298923,-0.5527576804
0,17,2,-3.431973696,-0.6137291193
0,17,3,-3.506290436,-0.673866272
0,17,4,-3.579267979,-0.7331392765
0,17,5,-3.65092802,-0.7915233374
0,17,6,-3.72129178,-0.8489960432
0,17,7,-3.790383577,-0.9055397511
0,17,8,-3.858227015,-0.9611392021
0,17,9,-3.924847603,-1.01578331
0,17,10,-3.990270853,-1.069463253
0,17,11,-4.054523945,-1.122174144
0,17,12,-4.117633343,-1.173912644
0,17,13,-4.179626942,-1.224678993
0,17,14,-4.240531921,-1.27447474
0,17,15,-4.300377369,-1.323304653
0,17,16,-4.359190941,-1.371174335
0,17,17,-4.417002201,-1.418092012
0,17,18,-4.473838806,-1.464066744
0,17,19,-4.529729843,-1.509109735
0,17,20,-4.584703922,-1.553232431
0,17,21,-4.638790131,-1.596448541
0,17,22,-4.692016602,-1.638771653
0,17,23,-4.744411945,-1.680217147
0,17,24,-4.796004295,-1.720800161
0,17,25,-4.846821785,-1.760537386
0,17,26,-4.896892071,-1.799445033
0,17,27,-4.946243286,-1.837540746
0,17,28,-4.994902134,-1.874841571
0,17,29,-5.042896271,-1.911365628
0,17,30,-5.090251923,-1.947130561
0,17,31,-5.136995792,-1.982154846
0,17,32,-5.183153629,-2.016456366
0,17,33,-5.228751183,-2.050053835
0,17,34,-5.273814201,-2.082965136
0,17,35,-5.318367004,-2.115208387
0,17,36,-5.362434387,-2.146802187
0,17,37,-5.406040668,-2.177764416
0,17,38,-5.44920969,-2.208113194
0,17,39,-5.49196434,-2.237866163
0,17,40,-5.534328461,-2.267041206
0,17,41,-5.576324463,-2.295655966
0,17,42,-5.617974281,-2.323727608
0,17,43,-5.659299374,-2.351273298
0,17,44,-5.700321198,-2.378309488
0,17,45,-5.741061211,-2.404853582
0,17,46,-5.781539917,-2.430921793
0,17,47,-5.821777344,-2.456530094
0,17,48,-5.861792564,-2.481694221
0,17,49,-5.901605606,-2.506430387
0,17,50,-5.941235065,-2.530753851
0,17,51,-5.980699539,-2.554679632
0,17,52,-6.02001667,-2.578222513
0,17,53,-6.059204578,-2.601397276
0,17,54,-6.098279953,-2.624218225
0,17,55,-6.13725996,-2.64669919
0,17,56,-6.176159859,-2.66885376
0,17,57,-6.214996815,-2.690696001
0,17,58,-6.25378561,-2.71223855
0,17,59,-6.292541504,-2.733494282
0,17,60,-6.331278801,-2.754475832
0,17,61,-6.370011806,-2.775195599
0,17,62,-6.408754349,-2.795665503
0,17,63,-6.447519779,-2.815897226
0,17,64,-6.486320496,-2.835901976
0,17,65,-6.525169849,-2.855691195
0,17,66,-6.564079285,-2.875275373
0,17,67,-6.603060722,-2.894665241
0,17,68,-6.64212513,-2.913870811
0,17,69,-6.681283474,-2.932902336
0,17,70,-6.720546246,-2.951769114
0,17,71,-6.759923458,-2.97048068
0,17,72,-6.799424171,-2.989046097
0,17,73,-6.839058399,-3.007474422
0,17,74,-6.878834248,-3.025774002
0,17,75,-6.9187603,-3.043952942
0,17,76,-6.958844185,-3.062019348
0,17,77,-6.999094486,-3.079981089
0,17,78,-7.039517879,-3.097845316
0,17,79,-7.080121517,-3.115619421
0,17,80,-7.120911121,-3.13331008
0,17,81,-7.161893845,-3.150924444
0,17,82,-7.203074932,-3.168468475
0,17,83,-7.244459629,-3.18594861
0,17,84,-7.286052704,-3.203370571
0,17,85,-7.327859879,-3.22074008
0,17,86,-7.369884968,-3.238062859
0,17,87,-7.412132263,-3.255343676
0,17,88,-7.454605103,-3.272587776
0,17,89,-7.497306824,-3.28979969
0,17,90,-7.540240765,-3.306984425
0,17,91,-7.583409786,-3.324146032
0,17,92,-7.626816273,-3.341288567
0,17,93,-7.670462132,-3.358415842
0,17,94,-7.714350224,-3.37553215
0,17,95,-7.758481503,-3.392640591
0,17,96,-7.802857876,-3.409744501
0,17,97,-7.84747982,-3.426846981
0,17,98,-7.892348766,-3.443951368
0,17,99,-7.937465191,-3.461060047
0,17,100,-7.982829571,-3.478175879
0,17,101,-8.028441429,-3.495301247
0,17,102,-8.074302673,-3.512438774
0,17,103,-8.120411873,-3.529590368
0,17,104,-8.166768074,-3.546758175
0,17,105,-8.213371277,-3.563943624
0,17,106,-8.260220528,-3.581149101
0,17,107,-8.307314873,-3.598376036
0,17,108,-8.354654312,-3.615625858
0,17,109,-8.402235985,-3.632899761
0,17,110,-8.450059891,-3.650199413
0,17,111,-8.498123169,-3.667525768
0,17,112,-8.546424866,-3.684880018
0,17,113,-8.594963074,-3.70226264
0,17,114,-8.643735886,-3.719675064
0,17,115,-8.692741394,-3.737117767
0,17,116,-8.741977692,-3.754591465
0,17,117,-8.791440964,-3.772096634
0,17,118,-8.84113121,-3.789633989
0,17,119,-8.891044617,-3.807204008
0,18,0,-3.979917526,-0.7387886643
0,18,1,-4.045683384,-0.7948973179
0,18,2,-4.110416889,-0.8502227068
0,18,3,-4.174132347,-0.9047521949
0,18,4,-4.236843586,-0.9584743381
0,18,5,-4.298566818,-1.011380792
0,18,6,-4.359318256,-1.063464284
0,18,7,-4.419115067,-1.114720345
0,18,8,-4.477973938,-1.165145397
0,18,9,-4.535913944,-1.214738369
0,18,10,-4.592952728,-1.263498902
0,18,11,-4.64910984,-1.311428905
0,18,12,-4.7044034,-1.358530879
0,18,13,-4.758853912,-1.404809237
0,18,14,-4.812479973,-1.450268865
0,18,15,-4.865302086,-1.49491632
0,18,16,-4.917339802,-1.538758516
0,18,17,-4.968613625,-1.581803799
0,18,18,-5.019143105,-1.62406075
0,18,19,-5.068948746,-1.665539145
0,18,20,-5.118050575,-1.706248879
0,18,21,-5.166469097,-1.746201038
0,18,22,-5.214224339,-1.785406351
0,18,23,-5.26133728,-1.823876977
0,18,24,-5.307826996,-1.861624599
0,18,25,-5.353714466,-1.89866209
0,18,26,-5.399019718,-1.935001612
0,18,27,-5.443762779,-1.970656633
0,18,28,-5.4879632,-2.00564003
0,18,29,-5.531641483,-2.039965391
0,18,30,-5.574816704,-2.07364583
0,18,31,-5.617508888,-2.106695414
0,18,32,-5.659737587,-2.139127731
0,18,33,-5.70152235,-2.170956612
0,18,34,-5.742881775,-2.202195883
0,18,35,-5.783835411,-2.232859373
0,18,36,-5.824401855,-2.262961149
0,18,37,-5.864599705,-2.292514801
0,18,38,-5.904448032,-2.321534395
0,18,39,-5.943964481,-2.350033522
0,18,40,-5.983167648,-2.378026247
0,18,41,-6.022075653,-2.405526161
0,18,42,-6.060706139,-2.432546854
0,18,43,-6.099076271,-2.459101677
0,18,44,-6.137203217,-2.485203981
0,18,45,-6.175104618,-2.510867357
0,18,46,-6.212796688,-2.536104918
0,18,47,-6.250296593,-2.560929537
0,18,48,-6.287619591,-2.58535409
0,18,49,-6.324782848,-2.609391451
0,18,50,-6.361801624,-2.633054256
0,18,51,-6.398691654,-2.656354904
0,18,52,-6.43546772,-2.679305553
0,18,53,-6.472145557,-2.701918602
0,18,54,-6.508738995,-2.724205971
0,18,55,-6.545262814,-2.746179104
0,18,56,-6.581730843,-2.767849684
0,18,57,-6.61815691,-2.789229393
0,18,58,-6.654554844,-2.810329199
0,18,59,-6.690937519,-2.831160307
0,18,60,-6.727317333,-2.851733208
0,18,61,-6.763707638,-2.872058868
0,18,62,-6.800120354,-2.892147541
0,18,63,-6.836567402,-2.912009239
0,18,64,-6.87305975,-2.931653976
0,18,65,-6.909609318,-2.951092005
0,18,66,-6.946226597,-2.970332384
0,18,67,-6.982922554,-2.989384651
0,18,68,-7.019706726,-3.008257866
0,18,69,-7.05659008,-3.026961327
0,18,70,-7.093581676,-3.045503378
0,18,71,-7.130690575,-3.063892603
0,18,72,-7.167925358,-3.082137108
0,18,73,-7.205295563,-3.100245237
0,18,74,-7.242808819,-3.118224859
0,18,75,-7.280473232,-3.136083364
0,18,76,-7.318295956,-3.153828144
0,18,77,-7.356284618,-3.171466589
0,18,78,-7.394446373,-3.189005613
0,18,79,-7.432787418,-3.206451893
0,18,80,-7.471313953,-3.223811865
0,18,81,-7.510032654,-3.241091967
0,18,82,-7.548948288,-3.258298397
0,18,83,-7.588066578,-3.275437117
0,18,84,-7.627392292,-3.292513371
0,18,85,-7.666930676,-3.309533358
0,18,86,-7.70668602,-3.326501846
0,18,87,-7.746662617,-3.343424082
0,18,88,-7.786863804,-3.360305071
0,18,89,-7.827292919,-3.377149343
0,18,90,-7.867954254,-3.393961668
0,18,91,-7.908849716,-3.410746098
0,18,92,-7.949982643,-3.427506924
0,18,93,-7.991354942,-3.444247961
0,18,94,-8.032969475,-3.460973263
0,18,95,-8.074828148,-3.477686167
0,18,96,-8.116932869,-3.494390249
0,18,97,-8.159283638,-3.51108861
0,18,98,-8.201883316,-3.527784824
0,18,99,-8.244732857,-3.544481516
0,18,100,-8.28783226,-3.561181545
0,18,101,-8.331181526,-3.577887297
0,18,102,-8.374782562,-3.594601631
0,18,103,-8.418635368,-3.611326933
0,18,104,-8.462738991,-3.628065109
0,18,105,-8.50709343,-3.644818306
0,18,106,-8.551698685,-3.661588907
0,18,107,-8.596554756,-3.678378344
0,18,108,-8.641659737,-3.695188522
0,18,109,-8.687013626,-3.712020874
0,18,110,-8.732615471,-3.728877068
0,18,111,-8.778463364,-3.745758295
0,18,112,-8.824556351,-3.762665987
0,18,113,-8.870893478,-3.779601097
0,18,114,-8.917472839,-3.796565056
0,18,115,-8.964292526,-3.813558578
0,18,116,-9.011351585,-3.830582619
0,18,117,-9.058647156,-3.847637892
0,18,118,-9.106178284,-3.864725351
0,18,119,-9.153942108,-3.881845713
0,19,0,-4.076543808,-1.236102581
0,19,1,-4.138667583,-1.287926435
0,19,2,-4.1999259,-1.338952899
0,19,3,-4.260327339,-1.389177561
0,19,4,-4.319881439,-1.438596487
0,19,5,-4.37859869,-1.487208128
0,19,6,-4.436489105,-1.535011649
0,19,7,-4.493565559,-1.582008243
0,19,8,-4.549839497,-1.628199458
0,19,9,-4.605324745,-1.673588991
0,19,10,-4.66003418,-1.718180656
0,19,11,-4.713982105,-1.761980057
0,19,12,-4.76718235,-1.804992914
0,19,13,-4.81965065,-1.84722662
0,19,14,-4.871401787,-1.888688445
0,19,15,-4.922451496,-1.929387093
0,19,16,-4.972815037,-1.969331264
0,19,17,-5.022509575,-2.008530855
0,19,18,-5.071550369,-2.04699564
0,19,19,-5.119954586,-2.084736586
0,19,20,-5.167738438,-2.121764183
0,19,21,-5.21491909,-2.158090115
0,19,22,-5.261513233,-2.193725586
0,19,23,-5.307538509,-2.228682995
0,19,24,-5.353011608,-2.262974262
0,19,25,-5.397950172,-2.296612024
0,19,26,-5.442370892,-2.329608679
0,19,27,-5.486291409,-2.3619771
0,19,28,-5.529728889,-2.393729925
0,19,29,-5.572700977,-2.424880505
0,19,30,-5.615224838,-2.455441713
0,19,31,-5.657318115,-2.485426903
0,19,32,-5.698997498,-2.514848948
0,19,33,-5.740280628,-2.543721437
0,19,34,-5.781184196,-2.572057486
0,19,35,-5.821725368,-2.599870205
0,19,36,-5.86192131,-2.627172947
0,19,37,-5.901788712,-2.653978825
0,19,38,-5.941344261,-2.680301189
0,19,39,-5.980604649,-2.706152916
0,19,40,-6.019586563,-2.731547117
0,19,41,-6.058306217,-2.756496906
0,19,42,-6.096779823,-2.781014919
0,19,43,-6.135023594,-2.805114031
0,19,44,-6.173052788,-2.828806877
0,19,45,-6.210883617,-2.852106333
0,19,46,-6.248531342,-2.875024557
0,19,47,-6.286011696,-2.897573948
0,19,48,-6.323338985,-2.919766426
0,19,49,-6.360528946,-2.941614628
0,19,50,-6.397595882,-2.963130236
0,19,51,-6.4345541,-2.984324932
0,19,52,-6.471417427,-3.005210161
0,19,53,-6.508200645,-3.025797844
0,19,54,-6.544917583,-3.046098948
0,19,55,-6.581581116,-3.066124916
0,19,56,-6.618204117,-3.08588624
0,19,57,-6.654800415,-3.105394125
0,19,58,-6.691382408,-3.124659061
0,19,59,-6.727962494,-3.14369154
0,19,60,-6.764552116,-3.162501574
0,19,61,-6.80116415,-3.181099653
0,19,62,-6.837809563,-3.199495316
0,19,63,-6.874499798,-3.217698336
0,19,64,-6.911245346,-3.235718012
0,19,65,-6.948057652,-3.253563881
0,19,66,-6.984946251,-3.271244764
0,19,67,-7.021921635,-3.288769722
0,19,68,-7.05899334,-3.306147099
0,19,69,-7.096171379,-3.323385715
0,19,70,-7.133464336,-3.340493679
0,19,71,-7.170881271,-3.357479095
0,19,72,-7.208429813,-3.374349594
0,19,73,-7.246119499,-3.391113043
0,19,74,-7.283957481,-3.407776833
0,19,75,-7.321951389,-3.424348116
0,19,76,-7.360107899,-3.440833569
0,19,77,-7.398434639,-3.457240582
0,19,78,-7.436938286,-3.473575354
0,19,79,-7.475624561,-3.489844322
0,19,80,-7.514499664,-3.506053448
0,19,81,-7.553569794,-3.522208929
0,19,82,-7.592839718,-3.538316488
0,19,83,-7.632314682,-3.554381609
0,19,84,-7.671998978,-3.570409536
0,19,85,-7.71189785,-3.586405754
0,19,86,-7.752015591,-3.602375031
0,19,87,-7.792355537,-3.618322134
0,19,88,-7.832921505,-3.634251595
0,19,89,-7.873716354,-3.650167704
0,19,90,-7.914744377,-3.666074991
0,19,91,-7.956007481,-3.681977272
0,19,92,-7.997508526,-3.697878361
0,19,93,-8.03924942,-3.713781834
0,19,94,-8.081233025,-3.729691267
0,19,95,-8.123459816,-3.745609999
0,19,96,-8.165932655,-3.761541128
0,19,97,-8.208651543,-3.777487516
0,19,98,-8.251618385,-3.793452263
0,19,99,-8.294834137,-3.80943799
0,19,100,-8.338299751,-3.825447083
0,19,101,-8.382014275,-3.841481686
0,19,102,-8.425979614,-3.857544422
0,19,103,-8.470194817,-3.873637199
0,19,104,-8.514660835,-3.889762163
0,19,105,-8.559375763,-3.905920744
0,19,106,-8.604340553,-3.922115088
0,19,107,-8.649554253,-3.938346624
0,19,108,-8.695014954,-3.954616785
0,19,109,-8.740722656,-3.970926523
0,19,110,-8.786676407,-3.987277746
0,19,111,-8.832874298,-4.003671169
0,19,112,-8.879315376,-4.020107746
0,19,113,-8.925997734,-4.036588669
0,19,114,-8.972920418,-4.053114891
0,19,115,-9.02008152,-4.06968689
0,19,116,-9.067479134,-4.086305141
0,19,117,-9.115111351,-4.1029706
0,19,118,-9.162976265,-4.119683743
0,19,119,-9.211071968,-4.136444569
1,0,0,-4.62580061,-0.08334641904
1,0,1,-4.702467918,-0.1118279546
1,0,2,-4.776640892,-0.1400761902
1,0,3,-4.848435879,-0.168142274
1,0,4,-4.917966366,-0.1960750073
1,0,5,-4.985343933,-0.2239216864
1,0,6,-5.050675392,-0.2517267466
1,0,7,-5.11406517,-0.2795327306
1,0,8,-5.17561245,-0.3073790967
1,0,9,-5.235413074,-0.3353031874
1,0,10,-5.293557644,-0.3633390963
1,0,11,-5.350132942,-0.3915188015
1,0,12,-5.405220509,-0.4198709428
1,0,13,-5.458899021,-0.4484219849
1,0,14,-5.511241436,-0.4771951139
1,0,15,-5.562317848,-0.5062113404
1,0,16,-5.612193108,-0.5354883671
1,0,17,-5.660930157,-0.5650418401
1,0,18,-5.708586216,-0.5948841572
1,0,19,-5.755217075,-0.6250257492
1,0,20,-5.80087328,-0.6554739475
1,0,21,-5.845603943,-0.6862341762
1,0,22,-5.889453888,-0.7173089385
1,0,23,-5.932466507,-0.748699069
1,0,24,-5.974681377,-0.7804026604
1,0,25,-6.016136646,-0.8124163747
1,0,26,-6.056867123,-0.8447343111
1,0,27,-6.096907139,-0.8773494363
1,0,28,-6.136287689,-0.9102525115
1,0,29,-6.175038815,-0.943433404
1,0,30,-6.213188648,-0.9768800139
1,0,31,-6.25076437,-1.010579824
1,0,32,-6.287790775,-1.044518471
1,0,33,-6.324293137,-1.078681707
1,0,34,-6.360294342,-1.113053799
1,0,35,-6.395816326,-1.147618771
1,0,36,-6.4308815,-1.18236053
1,0,37,-6.465509892,-1.217262268
1,0,38,-6.499722481,-1.252307534
1,0,39,-6.533538818,-1.287479401
1,0,40,-6.566977978,-1.322761536
1,0,41,-6.600059509,-1.358137846
1,0,42,-6.632801533,-1.393592238
1,0,43,-6.665222168,-1.429109216
1,0,44,-6.697339535,-1.4646734
1,0,45,-6.729171753,-1.500271082
1,0,46,-6.760736465,-1.535888076
1,0,47,-6.792050838,-1.571511149
1,0,48,-6.823132515,-1.607127547
1,0,49,-6.853999138,-1.642726183
1,0,50,-6.884667397,-1.678295732
1,0,51,-6.915154457,-1.713825941
1,0,52,-6.945477009,-1.749306917
1,0,53,-6.975652218,-1.784730673
1,0,54,-7.005696774,-1.820088863
1,0,55,-7.035627365,-1.855374098
1,0,56,-7.065460205,-1.8905797
1,0,57,-7.095211983,-1.925700426
1,0,58,-7.124898434,-1.960730791
1,0,59,-7.15453577,-1.995666385
1,0,60,-7.184139252,-2.030503035
1,0,61,-7.21372509,-2.065237999
1,0,62,-7.243308544,-2.099868298
1,0,63,-7.272904396,-2.134391785
1,0,64,-7.302527428,-2.168806553
1,0,65,-7.332192421,-2.203112125
1,0,66,-7.361913204,-2.237307549
1,0,67,-7.391703606,-2.271392345
1,0,68,-7.421577454,-2.305366278
1,0,69,-7.451547623,-2.339230299
1,0,70,-7.481626987,-2.372984886
1,0,71,-7.511827946,-2.406630993
1,0,72,-7.542162418,-2.440169811
1,0,73,-7.572642326,-2.473603249
1,0,74,-7.603278637,-2.506932735
1,0,75,-7.634081841,-2.540160418
1,0,76,-7.665061951,-2.573287725
1,0,77,-7.696229458,-2.606317759
1,0,78,-7.727593899,-2.639252186
1,0,79,-7.759163857,-2.67209363
1,0,80,-7.790947437,-2.704844236
1,0,81,-7.822953701,-2.737507105
1,0,82,-7.855189323,-2.77008462
1,0,83,-7.887661934,-2.802579403
1,0,84,-7.920378208,-2.834993601
1,0,85,-7.953344822,-2.867330551
1,0,86,-7.98656702,-2.899592876
1,0,87,-8.020051003,-2.931782961
1,0,88,-8.053800583,-2.963903427
1,0,89,-8.087821007,-2.995956421
1,0,90,-8.122117043,-3.02794528
1,0,91,-8.156692505,-3.05987215
1,0,92,-8.191550255,-3.091739416
1,0,93,-8.226693153,-3.123549223
1,0,94,-8.262125015,-3.155304432
1,0,95,-8.297846794,-3.187007189
1,0,96,-8.333861351,-3.218659639
1,0,97,-8.370170593,-3.250263691
1,0,98,-8.406775475,-3.281821966
1,0,99,-8.443677902,-3.313336134
1,0,100,-8.480877876,-3.344808102
1,0,101,-8.518375397,-3.376239538
1,0,102,-8.556172371,-3.407632828
1,0,103,-8.594267845,-3.438989401
1,0,104,-8.632660866,-3.470311165
1,0,105,-8.671352386,-3.501599073
1,0,106,-8.710341454,-3.532855511
1,0,107,-8.74962616,-3.564081669
1,0,108,-8.789206505,-3.595278978
1,0,109,-8.829080582,-3.626448393
1,0,110,-8.869247437,-3.65759182
1,0,111,-8.909706116,-3.688710451
1,0,112,-8.950453758,-3.719805241
1,0,113,-8.991488457,-3.750877142
1,0,114,-9.032809258,-3.781927586
1,0,115,-9.0744133,-3.812957764
1,0,116,-9.116298676,-3.843968391
1,0,117,-9.158462524,-3.874960184
1,0,118,-9.200903893,-3.905934572
1,0,119,-9.243618965,-3.936892271
1,1,0,-4.61020565,-0.1977927685
1,1,1,-4.686926365,-0.2259827703
1,1,2,-4.761213779,-0.2540026009
1,1,3,-4.83317852,-0.2818993032
1,1,4,-4.902928352,-0.3097173274
1,1,5,-4.970569134,-0.3374994099
1,1,6,-5.036202431,-0.3652853668
1,1,7,-5.099927425,-0.3931129277
1,1,8,-5.161838055,-0.4210167229
1,1,9,-5.222024918,-0.4490292072
1,1,10,-5.280573845,-0.4771795571
1,1,11,-5.337567329,-0.5054947734
1,1,12,-5.393083096,-0.5339986682
1,1,13,-5.447195053,-0.562712729
1,1,14,-5.499973297,-0.5916553736
1,1,15,-5.551484108,-0.6208428741
1,1,16,-5.601789474,-0.6502883434
1,1,17,-5.650948524,-0.6800029278
1,1,18,-5.699017048,-0.7099947333
1,1,19,-5.746047497,-0.7402700782
1,1,20,-5.792088985,-0.7708323002
1,1,21,-5.837188244,-0.8016832471
1,1,22,-5.881389141,-0.8328219652
1,1,23,-5.924733162,-0.8642461896
1,1,24,-5.967259407,-0.8959511518
1,1,25,-6.009004593,-0.9279310703
1,1,26,-6.050004005,-0.9601778984
1,1,27,-6.090290546,-0.992682755
1,1,28,-6.12989521,-1.025434852
1,1,29,-6.168848515,-1.058422923
1,1,30,-6.207178116,-1.091634154
1,1,31,-6.244912148,-1.125055552
1,1,32,-6.282075882,-1.158672571
1,1,33,-6.318694592,-1.192471027
1,1,34,-6.354792595,-1.226435781
1,1,35,-6.39039278,-1.260551333
1,1,36,-6.425518036,-1.294802666
1,1,37,-6.460189819,-1.329174042
1,1,38,-6.494430065,-1.36365056
1,1,39,-6.528259277,-1.398216605
1,1,40,-6.56169796,-1.432857633
1,1,41,-6.594766617,-1.467559338
1,1,42,-6.627484322,-1.502307415
1,1,43,-6.659871101,-1.537088394
1,1,44,-6.691945553,-1.571889043
1,1,45,-6.723727226,-1.606697559
1,1,46,-6.755234241,-1.641501904
1,1,47,-6.786485672,-1.676290989
1,1,48,-6.817499638,-1.711054206
1,1,49,-6.848294735,-1.745782495
1,1,50,-6.878888607,-1.780466437
1,1,51,-6.90929985,-1.815097928
1,1,52,-6.939545155,-1.84966898
1,1,53,-6.969643116,-1.884173393
1,1,54,-6.999610901,-1.918604612
1,1,55,-7.029465675,-1.952957153
1,1,56,-7.059224129,-1.98722589
1,1,57,-7.088903904,-2.021407127
1,1,58,-7.118521214,-2.055496931
1,1,59,-7.148092747,-2.089492321
1,1,60,-7.177634239,-2.123390198
1,1,61,-7.207161903,-2.157189369
1,1,62,-7.236691475,-2.190888166
1,1,63,-7.266237736,-2.224485397
1,1,64,-7.295815468,-2.25797987
1,1,65,-7.325440407,-2.291372299
1,1,66,-7.355125904,-2.324662447
1,1,67,-7.384886265,-2.357850552
1,1,68,-7.41473484,-2.390937328
1,1,69,-7.444685459,-2.423924208
1,1,70,-7.474750042,-2.456812382
1,1,71,-7.504941463,-2.489603281
1,1,72,-7.535271168,-2.522298336
1,1,73,-7.565751553,-2.554900169
1,1,74,-7.596393108,-2.587410688
1,1,75,-7.627206326,-2.6198318
1,1,76,-7.658201218,-2.652165651
1,1,77,-7.689387798,-2.684415102
1,1,78,-7.720775604,-2.716582537
1,1,79,-7.752372742,-2.748670578
1,1,80,-7.784187794,-2.780681372
1,1,81,-7.816229343,-2.812618017
1,1,82,-7.848504066,-2.844482899
1,1,83,-7.881019115,-2.876278877
1,1,84,-7.913780689,-2.908008099
1,1,85,-7.946795464,-2.939673901
1,1,86,-7.98006916,-2.971278429
1,1,87,-8.013607025,-3.002824306
1,1,88,-8.047413826,-3.034314156
1,1,89,-8.081493378,-3.065749884
1,1,90,-8.115850449,-3.097134829
1,1,91,-8.1504879,-3.128470898
1,1,92,-8.185409546,-3.159760475
1,1,93,-8.220618248,-3.191005468
1,1,94,-8.256116867,-3.2222085
1,1,95,-8.29190731,-3.253371477
1,1,96,-8.327991486,-3.284496546
1,1,97,-8.3643713,-3.315585375
1,1,98,-8.401047707,-3.346640348
1,1,99,-8.43802166,-3.377663136
1,1,100,-8.475294113,-3.408655405
1,1,101,-8.512864113,-3.439618587
1,1,102,-8.550733566,-3.470554829
1,1,103,-8.58890152,-3.501465321
1,1,104,-8.627367973,-3.532351732
1,1,105,-8.666131973,-3.563215256
1,1,106,-8.70519352,-3.59405756
1,1,107,-8.744550705,-3.624879837
1,1,108,-8.784203529,-3.655683279
1,1,109,-8.824149132,-3.68646884
1,1,110,-8.864387512,-3.717238188
1,1,111,-8.904916763,-3.747992039
1,1,112,-8.945734978,-3.778731346
1,1,113,-8.986839294,-3.809456825
1,1,114,-9.02822876,-3.840169907
1,1,115,-9.069900513,-3.870871305
1,1,116,-9.111852646,-3.901561737
1,1,117,-9.154082298,-3.932241917
1,1,118,-9.196588516,-3.962912798
1,1,119,-9.239367485,-3.993575096
1,2,0,-4.820543766,0.06519576907
1,2,1,-4.894612789,0.03592978418
1,2,2,-4.96626091,0.006952201948
1,2,3,-5.035600185,-0.02178817056
1,2,4,-5.102740765,-0.05034083873
1,2,5,-5.167791367,-0.07875437289
1,2,6,-5.230857372,-0.1070750281
1,2,7,-5.292041302,-0.1353476495
1,2,8,-5.351440907,-0.1636143923
1,2,9,-5.409151077,-0.1919157356
1,2,10,-5.465261936,-0.2202892601
1,2,11,-5.519859791,-0.248770684
1,2,12,-5.573026657,-0.2773926854
1,2,13,-5.624840736,-0.3061860204
1,2,14,-5.675374985,-0.335178256
1,2,15,-5.724699974,-0.3643950224
1,2,16,-5.772881508,-0.393858701
1,2,17,-5.819981575,-0.4235896766
1,2,18,-5.86605835,-0.4536051452
1,2,19,-5.911167145,-0.4839202464
1,2,20,-5.955359459,-0.5145469904
1,2,21,-5.998683929,-0.5454953313
1,2,22,-6.041185379,-0.576772213
1,2,23,-6.0829072,-0.6083825827
1,2,24,-6.123888016,-0.6403285265
1,2,25,-6.164165497,-0.6726104021
1,2,26,-6.203774452,-0.7052256465
1,2,27,-6.242747307,-0.7381703258
1,2,28,-6.281114101,-0.7714378238
1,2,29,-6.318903923,-0.8050202727
1,2,30,-6.356142998,-0.8389075994
1,2,31,-6.392856598,-0.8730887175
1,2,32,-6.429068089,-0.9075504541
1,2,33,-6.464800358,-0.9422792196
1,2,34,-6.500074387,-0.9772597551
1,2,35,-6.534910202,-1.012475967
1,2,36,-6.569326878,-1.047911525
1,2,37,-6.60334301,-1.083548784
1,2,38,-6.636976242,-1.119370461
1,2,39,-6.67024374,-1.155358315
1,2,40,-6.703162193,-1.191494465
1,2,41,-6.735747814,-1.227761149
1,2,42,-6.768016815,-1.264140248
1,2,43,-6.799984455,-1.300614238
1,2,44,-6.83166647,-1.337165475
1,2,45,-6.863078117,-1.373777866
1,2,46,-6.894234657,-1.410434723
1,2,47,-6.925150871,-1.447120547
1,2,48,-6.955841541,-1.483819962
1,2,49,-6.986322403,-1.520519257
1,2,50,-7.016608238,-1.557204723
1,2,51,-7.046713829,-1.593863487
1,2,52,-7.076653957,-1.63048327
1,2,53,-7.106444359,-1.66705358
1,2,54,-7.136099339,-1.70356369
1,2,55,-7.165634155,-1.740004182
1,2,56,-7.195063591,-1.776365876
1,2,57,-7.224402905,-1.812641621
1,2,58,-7.253666878,-1.848823905
1,2,59,-7.282869816,-1.884906292
1,2,60,-7.312026501,-1.920882821
1,2,61,-7.341152191,-1.956749201
1,2,62,-7.370261192,-1.992500901
1,2,63,-7.399367809,-2.028134346
1,2,64,-7.42848587,-2.063646078
1,2,65,-7.457629681,-2.099034309
1,2,66,-7.486813068,-2.134296894
1,2,67,-7.516049385,-2.169432402
1,2,68,-7.545351982,-2.20443964
1,2,69,-7.574734211,-2.239318848
1,2,70,-7.604208469,-2.274069786
1,2,71,-7.633787632,-2.308692694
1,2,72,-7.663483143,-2.343187809
1,2,73,-7.6933074,-2.377557039
1,2,74,-7.723271847,-2.411801338
1,2,75,-7.753387451,-2.445922136
1,2,76,-7.783664227,-2.479920864
1,2,77,-7.814113617,-2.513800383
1,2,78,-7.844744682,-2.547562361
1,2,79,-7.875567436,-2.581209183
1,2,80,-7.906590462,-2.614742994
1,2,81,-7.937822819,-2.648167133
1,2,82,-7.969272614,-2.681483746
1,2,83,-8.000947952,-2.714695692
1,2,84,-8.032855034,-2.747805357
1,2,85,-8.065002441,-2.780816317
1,2,86,-8.097395897,-2.813731194
1,2,87,-8.130042076,-2.84655261
1,2,88,-8.162945747,-2.879283667
1,2,89,-8.196112633,-2.911926985
1,2,90,-8.229548454,-2.944485903
1,2,91,-8.263257027,-2.976963043
1,2,92,-8.297242165,-3.009361029
1,2,93,-8.331508636,-3.041682482
1,2,94,-8.366059303,-3.07393074
1,2,95,-8.400897026,-3.106108189
1,2,96,-8.436024666,-3.138217449
1,2,97,-8.47144413,-3.170260906
1,2,98,-8.507158279,-3.202241421
1,2,99,-8.543168068,-3.234161139
1,2,100,-8.579475403,-3.266022444
1,2,101,-8.616080284,-3.297827482
1,2,102,-8.652985573,-3.329578876
1,2,103,-8.690190315,-3.361278534
1,2,104,-8.727694511,-3.3929286
1,2,105,-8.765499115,-3.424530745
1,2,106,-8.803604126,-3.456087589
1,2,107,-8.842008591,-3.487600565
1,2,108,-8.880711555,-3.519071579
1,2,109,-8.919712067,-3.550502062
1,2,110,-8.959010124,-3.581894159
1,2,111,-8.998603821,-3.613249302
1,2,112,-9.038491249,-3.644569159
1,2,113,-9.078671455,-3.675854683
1,2,114,-9.119143486,-3.707108021
1,2,115,-9.15990448,-3.738330364
1,2,116,-9.20095253,-3.769522905
1,2,117,-9.242285728,-3.800686598
1,2,118,-9.283902168,-3.831823111
1,2,119,-9.325798988,-3.862933397
1,3,0,-4.948958397,-0.2551174164
1,3,1,-5.020883083,-0.2838231027
1,3,2,-5.090701103,-0.3124496937
1,3,3,-5.158500195,-0.3410330713
1,3,4,-5.224365711,-0.3696070611
1,3,5,-5.288383484,-0.3982044458
1,3,6,-5.350635529,-0.4268555641
1,3,7,-5.411202431,-0.4555893242
1,3,8,-5.470161438,-0.4844320416
1,3,9,-5.527587414,-0.5134084225
1,3,10,-5.583551407,-0.5425403118
1,3,11,-5.638122082,-0.5718479753
1,3,12,-5.691364288,-0.6013488173
1,3,13,-5.743340492,-0.6310585141
1,3,14,-5.794109344,-0.6609898806
1,3,15,-5.843727112,-0.6911540627
1,3,16,-5.892246246,-0.7215594053
1,3,17,-5.93971777,-0.7522127628
1,3,18,-5.986188412,-0.7831181884
1,3,19,-6.031703949,-0.8142783642
1,3,20,-6.076305866,-0.8456933498
1,3,21,-6.120034695,-0.8773620129
1,3,22,-6.162928581,-0.909280777
1,3,23,-6.205023289,-0.9414451718
1,3,24,-6.246352196,-0.9738484025
1,3,25,-6.286948204,-1.006483078
1,3,26,-6.326840878,-1.039339781
1,3,27,-6.366060257,-1.072408557
1,3,28,-6.404633045,-1.105677962
1,3,29,-6.442585945,-1.139136195
1,3,30,-6.479943752,-1.172770262
1,3,31,-6.516731262,-1.20656693
1,3,32,-6.552970886,-1.240512013
1,3,33,-6.588685513,-1.274591684
1,3,34,-6.623896122,-1.308791399
1,3,35,-6.658623695,-1.343096375
1,3,36,-6.692888737,-1.377492428
1,3,37,-6.726710796,-1.411964774
1,3,38,-6.760109425,-1.446499586
1,3,39,-6.793103218,-1.481082439
1,3,40,-6.825710773,-1.515699983
1,3,41,-6.857950687,-1.550339222
1,3,42,-6.889840603,-1.584987164
1,3,43,-6.92139864,-1.619631648
1,3,44,-6.952641487,-1.654260755
1,3,45,-6.983587742,-1.688864112
1,3,46,-7.01425457,-1.723430991
1,3,47,-7.044658661,-1.757951617
1,3,48,-7.074817181,-1.792416573
1,3,49,-7.104747295,-1.826818109
1,3,50,-7.134465694,-1.861148119
1,3,51,-7.163989544,-1.89539969
1,3,52,-7.193334579,-1.929565907
1,3,53,-7.222518444,-1.963641763
1,3,54,-7.25155735,-1.997621775
1,3,55,-7.28046751,-2.031501532
1,3,56,-7.309265137,-2.065276861
1,3,57,-7.337966442,-2.098945141
1,3,58,-7.366587162,-2.132503271
1,3,59,-7.395143509,-2.165948868
1,3,60,-7.423650742,-2.199280262
1,3,61,-7.452124596,-2.232496738
1,3,62,-7.480579853,-2.265597105
1,3,63,-7.509031773,-2.298581362
1,3,64,-7.537494659,-2.331449032
1,3,65,-7.565983772,-2.364201307
1,3,66,-7.594512939,-2.396838427
1,3,67,-7.623095989,-2.42936182
1,3,68,-7.651746273,-2.461772442
1,3,69,-7.680478096,-2.494072676
1,3,70,-7.709303379,-2.526263952
1,3,71,-7.738234997,-2.558348656
1,3,72,-7.76728487,-2.590328455
1,3,73,-7.796465874,-2.622206688
1,3,74,-7.825788498,-2.6539855
1,3,75,-7.855264187,-2.685667753
1,3,76,-7.884903431,-2.717256069
1,3,77,-7.914716721,-2.748753786
1,3,78,-7.944713593,-2.780163765
1,3,79,-7.97490406,-2.811488867
1,3,80,-8.005296707,-2.842731953
1,3,81,-8.035900116,-2.873896837
1,3,82,-8.06672287,-2.904986143
1,3,83,-8.097771645,-2.936003208
1,3,84,-8.12905407,-2.966950655
1,3,85,-8.160577774,-2.99783206
1,3,86,-8.192349434,-3.028650284
1,3,87,-8.224374771,-3.059408426
1,3,88,-8.256659508,-3.090109348
1,3,89,-8.289208412,-3.120755672
1,3,90,-8.322026253,-3.151350737
1,3,91,-8.355118752,-3.181897163
1,3,92,-8.38848877,-3.212397575
1,3,93,-8.422140121,-3.242854357
1,3,94,-8.456076622,-3.273270369
1,3,95,-8.490302086,-3.303647995
1,3,96,-8.524817467,-3.33398962
1,3,97,-8.559625626,-3.36429739
1,3,98,-8.594729424,-3.394573927
1,3,99,-8.630130768,-3.424821138
1,3,100,-8.665829659,-3.455040932
1,3,101,-8.701828003,-3.485235214
1,3,102,-8.738126755,-3.51540637
1,3,103,-8.774726868,-3.54555583
1,3,104,-8.811628342,-3.575685501
1,3,105,-8.848830223,-3.605796576
1,3,106,-8.886333466,-3.635891438
1,3,107,-8.924138069,-3.665971041
1,3,108,-8.96224308,-3.696037054
1,3,109,-9.000646591,-3.726090431
1,3,110,-9.039349556,-3.756132841
1,3,111,-9.078350067,-3.786165476
1,3,112,-9.117646217,-3.816189289
1,3,113,-9.157236099,-3.846205235
1,3,114,-9.197119713,-3.876214981
1,3,115,-9.237294197,-3.906219006
1,3,116,-9.277758598,-3.9362185
1,3,117,-9.318510056,-3.966213942
1,3,118,-9.359546661,-3.996206522
1,3,119,-9.400866508,-4.026196957
1,4,0,-4.388482571,-0.3646573126
1,4,1,-4.467720509,-0.3921204507
1,4,2,-4.544455528,-0.4194505811
1,4,3,-4.618800163,-0.4466941953
1,4,4,-4.690863609,-0.4738945663
1,4,5,-4.760753155,-0.5010926127
1,4,6,-4.828570843,-0.5283257365
1,4,7,-4.894415855,-0.5556288362
1,4,8,-4.95838213,-0.5830332637
1,4,9,-5.020560741,-0.6105678678
1,4,10,-5.081037521,-0.63825804
1,4,11,-5.139894962,-0.6661266685
1,4,12,-5.197210312,-0.6941933036
1,4,13,-5.253057957,-0.7224752307
1,4,14,-5.307507038,-0.7509863973
1,4,15,-5.360624313,-0.7797387242
1,4,16,-5.412472248,-0.8087410331
1,4,17,-5.463110447,-0.8380003572
1,4,18,-5.512594223,-0.8675207496
1,4,19,-5.560977459,-0.8973046541
1,4,20,-5.608309746,-0.9273519516
1,4,21,-5.654639244,-0.9576611519
1,4,22,-5.700010777,-0.9882283211
1,4,23,-5.744467258,-1.019048572
1,4,24,-5.788049221,-1.05011487
1,4,25,-5.830795288,-1.081419468
1,4,26,-5.872742176,-1.112952709
1,4,27,-5.913925648,-1.1447047
1,4,28,-5.954378605,-1.176663756
1,4,29,-5.994133949,-1.208818197
1,4,30,-6.033222198,-1.241155267
1,4,31,-6.071672916,-1.27366209
1,4,32,-6.10951519,-1.30632484
1,4,33,-6.146776676,-1.339130282
1,4,34,-6.183484554,-1.372064352
1,4,35,-6.219664574,-1.40511322
1,4,36,-6.255342007,-1.438263416
1,4,37,-6.290542126,-1.471501231
1,4,38,-6.325288773,-1.504813671
1,4,39,-6.359605789,-1.538187504
1,4,40,-6.393516541,-1.571610451
1,4,41,-6.427043915,-1.60507071
1,4,42,-6.460209846,-1.6385566
1,4,43,-6.493036747,-1.672057152
1,4,44,-6.525546074,-1.705561638
1,4,45,-6.557759762,-1.739060998
1,4,46,-6.589698792,-1.772545695
1,4,47,-6.621383667,-1.806007385
1,4,48,-6.652834415,-1.839437723
1,4,49,-6.684072495,-1.872830272
1,4,50,-6.715116978,-1.906178117
1,4,51,-6.745987892,-1.939475298
1,4,52,-6.776704311,-1.972716093
1,4,53,-6.807286263,-2.005896568
1,4,54,-6.837751865,-2.039011955
1,4,55,-6.868119717,-2.072058916
1,4,56,-6.898407459,-2.105034113
1,4,57,-6.92863369,-2.1379354
1,4,58,-6.958815575,-2.170760632
1,4,59,-6.988970757,-2.203508139
1,4,60,-7.019114971,-2.236176252
1,4,61,-7.049265862,-2.268765211
1,4,62,-7.079438686,-2.301274061
1,4,63,-7.109649181,-2.333702803
1,4,64,-7.139912128,-2.366051435
1,4,65,-7.170242786,-2.398321152
1,4,66,-7.20065546,-2.430512428
1,4,67,-7.231163502,-2.462626219
1,4,68,-7.261780262,-2.494663715
1,4,69,-7.292519569,-2.526627064
1,4,70,-7.323392868,-2.558517456
1,4,71,-7.354412556,-2.5903368
1,4,72,-7.3855896,-2.622086525
1,4,73,-7.416935444,-2.653769493
1,4,74,-7.448460579,-2.685387373
1,4,75,-7.480175018,-2.716942549
1,4,76,-7.512087345,-2.748436689
1,4,77,-7.544207573,-2.779872894
1,4,78,-7.576543808,-2.811253071
1,4,79,-7.609104156,-2.842579603
1,4,80,-7.641896248,-2.873854399
1,4,81,-7.674927235,-2.905080557
1,4,82,-7.708203793,-2.936259985
1,4,83,-7.741731644,-2.967395067
1,4,84,-7.77551651,-2.998487711
1,4,85,-7.809564114,-3.029540539
1,4,86,-7.843879223,-3.060555458
1,4,87,-7.878465652,-3.091534853
1,4,88,-7.913328171,-3.122480392
1,4,89,-7.948469639,-3.153393984
1,4,90,-7.983893871,-3.18427825
1,4,91,-8.019603729,-3.215134621
1,4,92,-8.055602074,-3.245965004
1,4,93,-8.091889381,-3.276770592
1,4,94,-8.128469467,-3.307553768
1,4,95,-8.165343285,-3.338315964
1,4,96,-8.202511787,-3.369058609
1,4,97,-8.239974976,-3.399782896
1,4,98,-8.277734756,-3.430490971
1,4,99,-8.31579113,-3.461183786
1,4,100,-8.354144096,-3.491862535
1,4,101,-8.392792702,-3.522528172
1,4,102,-8.4317379,-3.553182364
1,4,103,-8.470978737,-3.583826065
1,4,104,-8.510513306,-3.61446023
1,4,105,-8.550341606,-3.645085573
1,4,106,-8.590462685,-3.675703526
1,4,107,-8.630874634,-3.706314564
1,4,108,-8.671575546,-3.736919641
1,4,109,-8.712563515,-3.767519236
1,4,110,-8.753837585,-3.798114777
1,4,111,-8.795395851,-3.828706503
1,4,112,-8.837235451,-3.859294891
1,4,113,-8.879354477,-3.889880419
1,4,114,-8.921751022,-3.920464277
1,4,115,-8.964422226,-3.951046705
1,4,116,-9.007365227,-3.98162818
1,4,117,-9.050578117,-4.012208939
1,4,118,-9.094058037,-4.042789936
1,4,119,-9.137802124,-4.073370934
1,5,0,-4.927243233,0.1584659666
1,5,1,-4.999794006,0.1287105232
1,5,2,-5.069960594,0.09928490967
1,5,3,-5.137853622,0.07013763487
1,5,4,-5.203580379,0.04121858627
1,5,5,-5.267248631,0.01247821562
1,5,6,-5.328962326,-0.01613099128
1,5,7,-5.388823032,-0.04465543479
1,5,8,-5.446928501,-0.07313907892
1,5,9,-5.503373146,-0.1016244218
1,5,10,-5.558246613,-0.1301512867
1,5,11,-5.611636162,-0.1587578207
1,5,12,-5.663623333,-0.1874793023
1,5,13,-5.714286327,-0.2163492143
1,5,14,-5.763699532,-0.2453980446
1,5,15,-5.811933517,-0.2746543884
1,5,16,-5.859054089,-0.3041437566
1,5,17,-5.905124187,-0.333889693
1,5,18,-5.950202465,-0.3639125824
1,5,19,-5.994345188,-0.3942308724
1,5,20,-6.037603855,-0.4248597324
1,5,21,-6.08002758,-0.4558123946
1,5,22,-6.121661663,-0.4870989025
1,5,23,-6.162549496,-0.5187273622
1,5,24,-6.202730656,-0.5507027507
1,5,25,-6.242242813,-0.5830281973
1,5,26,-6.2811203,-0.6157039404
1,5,27,-6.319395542,-0.6487283707
1,5,28,-6.357098579,-0.6820971966
1,5,29,-6.394257545,-0.7158045769
1,5,30,-6.430898666,-0.7498422265
1,5,31,-6.467046738,-0.7842005491
1,5,32,-6.502723694,-0.818867743
1,5,33,-6.537951946,-0.8538311124
1,5,34,-6.572751045,-0.8890762329
1,5,35,-6.607140064,-0.924587369
1,5,36,-6.641137123,-0.9603484273
1,5,37,-6.674759388,-0.9963418245
1,5,38,-6.708023071,-1.032549977
1,5,39,-6.740943432,-1.06895411
1,5,40,-6.773536205,-1.105535626
1,5,41,-6.805816174,-1.142275929
1,5,42,-6.837797165,-1.179155946
1,5,43,-6.869493484,-1.21615684
1,5,44,-6.900918484,-1.253259659
1,5,45,-6.932086945,-1.290446997
1,5,46,-6.963011742,-1.327700615
1,5,47,-6.993706226,-1.365003347
1,5,48,-7.024184227,-1.402338266
1,5,49,-7.054459572,-1.439690113
1,5,50,-7.084545135,-1.477043271
1,5,51,-7.114455223,-1.514383316
1,5,52,-7.144202709,-1.551696181
1,5,53,-7.173801899,-1.588969827
1,5,54,-7.203266621,-1.626191854
1,5,55,-7.232610226,-1.663351178
1,5,56,-7.261846542,-1.700437069
1,5,57,-7.290990353,-1.737440944
1,5,58,-7.320055008,-1.774353743
1,5,59,-7.349054337,-1.811167717
1,5,60,-7.378002167,-1.847875595
1,5,61,-7.40691328,-1.884471774
1,5,62,-7.435801029,-1.920950532
1,5,63,-7.464678764,-1.957306981
1,5,64,-7.493560314,-1.99353683
1,5,65,-7.522459984,-2.029637337
1,5,66,-7.551390648,-2.065605402
1,5,67,-7.580365658,-2.101438761
1,5,68,-7.609397888,-2.137135506
1,5,69,-7.63850069,-2.17269516
1,5,70,-7.667686462,-2.208116531
1,5,71,-7.696967602,-2.24339962
1,5,72,-7.726355553,-2.278544188
1,5,73,-7.75586319,-2.313551426
1,5,74,-7.78550148,-2.34842205
1,5,75,-7.815281391,-2.383157253
1,5,76,-7.84521389,-2.417757988
1,5,77,-7.875309944,-2.452226877
1,5,78,-7.90557909,-2.486565351
1,5,79,-7.936031342,-2.520775795
1,5,80,-7.966675758,-2.554860115
1,5,81,-7.997521877,-2.588821411
1,5,82,-8.028577805,-2.622662067
1,5,83,-8.059851646,-2.656384706
1,5,84,-8.091350555,-2.689991951
1,5,85,-8.123083115,-2.723487139
1,5,86,-8.155056,-2.756872892
1,5,87,-8.187274933,-2.790152311
1,5,88,-8.21974659,-2.823328495
1,5,89,-8.252476692,-2.856404066
1,5,90,-8.285470963,-2.889382601
1,5,91,-8.318733215,-2.922266722
1,5,92,-8.352269173,-2.955059528
1,5,93,-8.386081696,-2.987763643
1,5,94,-8.420175552,-3.020382643
1,5,95,-8.454553604,-3.052918911
1,5,96,-8.489219666,-3.085375547
1,5,97,-8.524175644,-3.117754698
1,5,98,-8.5594244,-3.150059938
1,5,99,-8.594967842,-3.182293653
1,5,100,-8.630806923,-3.214458227
1,5,101,-8.66694355,-3.246556044
1,5,102,-8.703379631,-3.278589964
1,5,103,-8.740115166,-3.310562372
1,5,104,-8.777151108,-3.342475414
1,5,105,-8.814487457,-3.374330997
1,5,106,-8.852125168,-3.406131983
1,5,107,-8.890063286,-3.437880278
1,5,108,-8.928300858,-3.469577789
1,5,109,-8.966837883,-3.501226187
1,5,110,-9.005674362,-3.532827854
1,5,111,-9.044808388,-3.56438446
1,5,112,-9.084239006,-3.595897675
1,5,113,-9.12396431,-3.627369165
1,5,114,-9.163983345,-3.65880084
1,5,115,-9.204295158,-3.69019413
1,5,116,-9.244896889,-3.721550465
1,5,117,-9.285786629,-3.752871037
1,5,118,-9.326962471,-3.784157991
1,5,119,-9.368422508,-3.815412283
1,6,0,-4.834366798,0.2668774724
1,6,1,-4.908408642,0.2368792742
1,6,2,-4.979899406,0.2073079497
1,6,3,-5.048961163,0.1781062782
1,6,4,-5.115713596,0.1492182314
1,6,5,-5.180274963,0.1205882803
1,6,6,-5.242760181,0.09216290712
1,6,7,-5.303281784,0.06388974935
1,6,8,-5.36194706,0.03571888059
1,6,9,-5.418859959,0.00760191679
1,6,10,-5.474119186,-0.02050682344
1,6,11,-5.527819633,-0.04865128547
1,6,12,-5.580051422,-0.07687253505
1,6,13,-5.63090086,-0.1052097753
1,6,14,-5.680448532,-0.1336992085
1,6,15,-5.728772163,-0.1623750925
1,6,16,-5.775943756,-0.1912685931
1,6,17,-5.822032452,-0.2204087973
1,6,18,-5.867102623,-0.2498216927
1,6,19,-5.911215305,-0.2795311213
1,6,20,-5.954427242,-0.3095577061
1,6,21,-5.996792316,-0.3399199247
1,6,22,-6.038360596,-0.3706329465
1,6,23,-6.07917881,-0.4017098546
1,6,24,-6.119290352,-0.4331604242
1,6,25,-6.158736229,-0.4649923444
1,6,26,-6.197553635,-0.4972100556
1,6,27,-6.235778332,-0.5298160315
1,6,28,-6.273442745,-0.5628095865
1,6,29,-6.310576916,-0.5961883068
1,6,30,-6.347208977,-0.6299467087
1,6,31,-6.383365154,-0.664077878
1,6,32,-6.41906929,-0.6985721588
1,6,33,-6.454343796,-0.7334185839
1,6,34,-6.489209652,-0.7686039805
1,6,35,-6.523685932,-0.8041136265
1,6,36,-6.557791233,-0.8399319053
1,6,37,-6.591542721,-0.8760413527
1,6,38,-6.624956131,-0.9124240875
1,6,39,-6.658047199,-0.9490607977
1,6,40,-6.690830231,-0.9859319329
1,6,41,-6.723320007,-1.023017645
1,6,42,-6.755529881,-1.060297251
1,6,43,-6.787472725,-1.097750306
1,6,44,-6.819161415,-1.13535583
1,6,45,-6.850609779,-1.173094273
1,6,46,-6.881829739,-1.210945249
1,6,47,-6.912834167,-1.248889089
1,6,48,-6.943634987,-1.286906242
1,6,49,-6.974245548,-1.324979067
1,6,50,-7.004678249,-1.363089323
1,6,51,-7.034945965,-1.401219964
1,6,52,-7.065060616,-1.43935442
1,6,53,-7.095036507,-1.477478027
1,6,54,-7.124885559,-1.515575886
1,6,55,-7.154621601,-1.553634405
1,6,56,-7.18425703,-1.591640472
1,6,57,-7.213805676,-1.62958312
1,6,58,-7.243280888,-1.667451143
1,6,59,-7.272696018,-1.705234528
1,6,60,-7.302063942,-1.742923975
1,6,61,-7.331398964,-1.780511975
1,6,62,-7.360714436,-1.81799078
1,6,63,-7.390023708,-1.855353951
1,6,64,-7.419339657,-1.89259541
1,6,65,-7.448676109,-1.929710865
1,6,66,-7.47804594,-1.966695786
1,6,67,-7.507462025,-2.003546476
1,6,68,-7.536937237,-2.040259838
1,6,69,-7.566484928,-2.076833963
1,6,70,-7.59611702,-2.113266945
1,6,71,-7.625845432,-2.14955759
1,6,72,-7.655682564,-2.185704708
1,6,73,-7.685640335,-2.221708536
1,6,74,-7.715729713,-2.257569075
1,6,75,-7.745962143,-2.2932868
1,6,76,-7.776347637,-2.32886219
1,6,77,-7.806897163,-2.364296913
1,6,78,-7.837620735,-2.399592161
1,6,79,-7.868527889,-2.434749842
1,6,80,-7.899628162,-2.469771385
1,6,81,-7.930930138,-2.504659414
1,6,82,-7.962442398,-2.539416075
1,6,83,-7.99417305,-2.574043751
1,6,84,-8.026129723,-2.608544588
1,6,85,-8.058320045,-2.642921925
1,6,86,-8.090750694,-2.677178383
1,6,87,-8.123428345,-2.711316586
1,6,88,-8.156358719,-2.745339394
1,6,89,-8.189546585,-2.77924943
1,6,90,-8.222998619,-2.81305027
1,6,91,-8.256718636,-2.846744537
1,6,92,-8.290711403,-2.880335331
1,6,93,-8.324980736,-2.913825035
1,6,94,-8.359531403,-2.947217226
1,6,95,-8.394366264,-2.980514526
1,6,96,-8.429488182,-3.013719797
1,6,97,-8.464899063,-3.046835661
1,6,98,-8.500601768,-3.079865456
1,6,99,-8.536598206,-3.112811565
1,6,100,-8.572890282,-3.145676613
1,6,101,-8.609478951,-3.178462744
1,6,102,-8.646365166,-3.211173296
1,6,103,-8.683549881,-3.243810415
1,6,104,-8.72103405,-3.276376486
1,6,105,-8.758816719,-3.308873653
1,6,106,-8.796898842,-3.341304779
1,6,107,-8.835280418,-3.37367177
1,6,108,-8.873959541,-3.405976772
1,6,109,-8.912936211,-3.438221693
1,6,110,-8.952210426,-3.470409155
1,6,111,-8.991780281,-3.502540588
1,6,112,-9.031644821,-3.534618139
1,6,113,-9.071802139,-3.566643238
1,6,114,-9.112251282,-3.598618269
1,6,115,-9.152990341,-3.630544662
1,6,116,-9.19401741,-3.662423849
1,6,117,-9.235329628,-3.694257498
1,6,118,-9.276926041,-3.726047516
1,6,119,-9.318803787,-3.757795095
1,7,0,-4.63459444,-0.5113529563
1,7,1,-4.710387707,-0.5390753746
1,7,2,-4.783947468,-0.5667724609
1,7,3,-4.855365276,-0.5944772363
1,7,4,-4.924730778,-0.6222200394
1,7,5,-4.99213171,-0.6500293016
1,7,6,-5.05765295,-0.6779305339
1,7,7,-5.121376991,-0.7059472799
1,7,8,-5.183382034,-0.7341000438
1,7,9,-5.24374485,-0.7624073625
1,7,10,-5.302537441,-0.7908848524
1,7,11,-5.359829903,-0.8195462823
1,7,12,-5.415687561,-0.8484024405
1,7,13,-5.470173836,-0.8774625659
1,7,14,-5.523348808,-0.906733036
1,7,15,-5.575269699,-0.9362187386
1,7,16,-5.625990391,-0.965921998
1,7,17,-5.675562859,-0.9958438873
1,7,18,-5.72403574,-1.025983214
1,7,19,-5.771456242,-1.056337476
1,7,20,-5.817868233,-1.08690238
1,7,21,-5.863314152,-1.117672682
1,7,22,-5.90783453,-1.148641229
1,7,23,-5.951467514,-1.17980051
1,7,24,-5.994249821,-1.211141348
1,7,25,-6.036217213,-1.242654204
1,7,26,-6.077402592,-1.274328351
1,7,27,-6.11783886,-1.306153059
1,7,28,-6.157556534,-1.338116407
1,7,29,-6.196585655,-1.370206833
1,7,30,-6.234955311,-1.402411819
1,7,31,-6.272693634,-1.434719443
1,7,32,-6.309827328,-1.467116952
1,7,33,-6.346382618,-1.499592304
1,7,34,-6.382385254,-1.532133222
1,7,35,-6.417860031,-1.564727545
1,7,36,-6.452831268,-1.59736383
1,7,37,-6.487322807,-1.630030513
1,7,38,-6.521358013,-1.662716866
1,7,39,-6.554959774,-1.695411921
1,7,40,-6.588150501,-1.728105903
1,7,41,-6.620952606,-1.760789394
1,7,42,-6.653387547,-1.793453336
1,7,43,-6.68547678,-1.826089144
1,7,44,-6.71724081,-1.858688712
1,7,45,-6.748701572,-1.891245365
1,7,46,-6.77987957,-1.923752189
1,7,47,-6.81079483,-1.956202984
1,7,48,-6.841466904,-1.988592029
1,7,49,-6.871916771,-2.020915031
1,7,50,-6.902163506,-2.053167343
1,7,51,-6.932226181,-2.08534503
1,7,52,-6.962123871,-2.117444515
1,7,53,-6.991876125,-2.149463892
1,7,54,-7.021501064,-2.181400299
1,7,55,-7.051016808,-2.213252306
1,7,56,-7.080440998,-2.245018005
1,7,57,-7.109792233,-2.276697397
1,7,58,-7.139087677,-2.308289528
1,7,59,-7.168344021,-2.339794397
1,7,60,-7.197577953,-2.371211767
1,7,61,-7.226806164,-2.402543068
1,7,62,-7.256044388,-2.433788776
1,7,63,-7.285308361,-2.464950085
1,7,64,-7.314612865,-2.496027946
1,7,65,-7.34397316,-2.527024984
1,7,66,-7.373403549,-2.55794239
1,7,67,-7.402918339,-2.58878231
1,7,68,-7.432530403,-2.61954689
1,7,69,-7.462253571,-2.650238752
1,7,70,-7.492100239,-2.680860281
1,7,71,-7.522082329,-2.71141386
1,7,72,-7.552211761,-2.741901875
1,7,73,-7.582499981,-2.772327662
1,7,74,-7.612957478,-2.802693605
1,7,75,-7.643595219,-2.833002567
1,7,76,-7.674422264,-2.86325717
1,7,77,-7.705448627,-2.893460512
1,7,78,-7.736682892,-2.923615456
1,7,79,-7.768134117,-2.953724623
1,7,80,-7.799809456,-2.983790398
1,7,81,-7.831717014,-3.013816118
1,7,82,-7.863863945,-3.043804169
1,7,83,-7.896256924,-3.07375741
1,7,84,-7.928901672,-3.103677988
1,7,85,-7.96180439,-3.133569002
1,7,86,-7.994970322,-3.163432598
1,7,87,-8.028404236,-3.19327116
1,7,88,-8.062110901,-3.223086834
1,7,89,-8.096094131,-3.252881765
1,7,90,-8.130358696,-3.282658577
1,7,91,-8.164906502,-3.312419176
1,7,92,-8.199741364,-3.34216547
1,7,93,-8.234866142,-3.371899128
1,7,94,-8.270282745,-3.401622295
1,7,95,-8.30599308,-3.431336641
1,7,96,-8.341999054,-3.461043835
1,7,97,-8.37830162,-3.490745068
1,7,98,-8.414902687,-3.520442486
1,7,99,-8.451802254,-3.550137043
1,7,100,-8.489001274,-3.57983017
1,7,101,-8.526498795,-3.60952282
1,7,102,-8.564295769,-3.6392169
1,7,103,-8.602392197,-3.668913126
1,7,104,-8.640787125,-3.698612452
1,7,105,-8.679479599,-3.728315592
1,7,106,-8.71846962,-3.758024216
1,7,107,-8.757756233,-3.7877388
1,7,108,-8.797337532,-3.81746006
1,7,109,-8.837211609,-3.847188473
1,7,110,-8.877378464,-3.87692523
1,7,111,-8.917835236,-3.906670809
1,7,112,-8.958580017,-3.936425686
1,7,113,-8.999610901,-3.9661901
1,7,114,-9.04092598,-3.995965242
1,7,115,-9.082523346,-4.025751114
1,7,116,-9.124400139,-4.055548191
1,7,117,-9.166554451,-4.085356712
1,7,118,-9.208983421,-4.115177155
1,7,119,-9.251685143,-4.145009995
1,8,0,-4.639192581,0.3690362871
1,8,1,-4.7162714,0.3389514983
1,8,2,-4.79053545,0.3094156086
1,8,3,-4.86212492,0.2803632915
1,8,4,-4.931177139,0.2517303526
1,8,5,-4.997828007,0.2234531343
1,8,6,-5.062209129,0.1954700947
1,8,7,-5.124448299,0.1677210331
1,8,8,-5.184668064,0.1401483417
1,8,9,-5.242986679,0.1126961857
1,8,10,-5.299515247,0.08531162888
1,8,11,-5.354362011,0.05794364214
1,8,12,-5.407628059,0.03054422326
1,8,13,-5.459410191,0.003067390993
1,8,14,-5.50979948,-0.02452974766
1,8,15,-5.55888319,-0.05228799582
1,8,16,-5.606741905,-0.08024501055
1,8,17,-5.653453827,-0.1084363163
1,8,18,-5.699090481,-0.1368942112
1,8,19,-5.743721008,-0.165648818
1,8,20,-5.787408829,-0.1947269142
1,8,21,-5.830214024,-0.2241530865
1,8,22,-5.87219286,-0.2539485097
1,8,23,-5.913398266,-0.2841320634
1,8,24,-5.95387888,-0.3147192001
1,8,25,-5.993680954,-0.3457230926
1,8,26,-6.032846451,-0.3771533966
1,8,27,-6.071414948,-0.4090175331
1,8,28,-6.109422684,-0.4413194954
1,8,29,-6.146903992,-0.4740611017
1,8,30,-6.183889389,-0.5072408319
1,8,31,-6.220407963,-0.5408552885
1,8,32,-6.256486416,-0.5748977661
1,8,33,-6.292149067,-0.6093599796
1,8,34,-6.327418804,-0.6442308426
1,8,35,-6.362316132,-0.679497242
1,8,36,-6.3968606,-0.7151446939
1,8,37,-6.431069851,-0.7511563301
1,8,38,-6.464961052,-0.7875145674
1,8,39,-6.498549461,-0.8241996765
1,8,40,-6.531850338,-0.8611915112
1,8,41,-6.56487751,-0.8984690309
1,8,42,-6.597644806,-0.9360101819
1,8,43,-6.630164623,-0.9737926722
1,8,44,-6.66244936,-1.011793494
1,8,45,-6.694511414,-1.049990654
1,8,46,-6.726363182,-1.088361144
1,8,47,-6.758016109,-1.126882553
1,8,48,-6.789482117,-1.165532589
1,8,49,-6.820773125,-1.204290509
1,8,50,-6.851901054,-1.243134975
1,8,51,-6.882877827,-1.28204596
1,8,52,-6.913715363,-1.321003556
1,8,53,-6.94442606,-1.35999012
1,8,54,-6.975022316,-1.398987651
1,8,55,-7.005516529,-1.43797946
1,8,56,-7.035921097,-1.476949692
1,8,57,-7.066248894,-1.51588428
1,8,58,-7.096512794,-1.554769278
1,8,59,-7.126726151,-1.593592048
1,8,60,-7.156900883,-1.63234067
1,8,61,-7.187051296,-1.671005249
1,8,62,-7.217189789,-1.709575653
1,8,63,-7.247329235,-1.748043299
1,8,64,-7.277482986,-1.786399961
1,8,65,-7.307663918,-1.82463944
1,8,66,-7.33788538,-1.862755299
1,8,67,-7.368159771,-1.900742173
1,8,68,-7.398499489,-1.938595176
1,8,69,-7.428917408,-1.976311207
1,8,70,-7.459425449,-2.01388669
1,8,71,-7.490035534,-2.051319122
1,8,72,-7.520759583,-2.088606119
1,8,73,-7.551609516,-2.125747204
1,8,74,-7.582595825,-2.162740946
1,8,75,-7.613729954,-2.199586868
1,8,76,-7.645021915,-2.236284733
1,8,77,-7.676482201,-2.272835493
1,8,78,-7.708120823,-2.309239626
1,8,79,-7.739946842,-2.345498085
1,8,80,-7.771968842,-2.381611824
1,8,81,-7.804196358,-2.417583227
1,8,82,-7.836637497,-2.453413486
1,8,83,-7.869299889,-2.489104748
1,8,84,-7.902190208,-2.524658918
1,8,85,-7.935316563,-2.560078859
1,8,86,-7.96868515,-2.595366716
1,8,87,-8.00230217,-2.630525112
1,8,88,-8.036172867,-2.665556669
1,8,89,-8.070302963,-2.700463533
1,8,90,-8.104698181,-2.735249281
1,8,91,-8.139362335,-2.769916296
1,8,92,-8.17429924,-2.80446744
1,8,93,-8.209512711,-2.838905334
1,8,94,-8.245006561,-2.873233318
1,8,95,-8.280783653,-2.907453775
1,8,96,-8.316845894,-2.941569567
1,8,97,-8.353196144,-2.975583315
1,8,98,-8.389837265,-3.009498358
1,8,99,-8.42677021,-3.043316841
1,8,100,-8.463995934,-3.077041626
1,8,101,-8.501515388,-3.110675097
1,8,102,-8.539330482,-3.144220352
1,8,103,-8.577440262,-3.177679539
1,8,104,-8.61584568,-3.211055279
1,8,105,-8.654546738,-3.24434948
1,8,106,-8.693543434,-3.277565479
1,8,107,-8.732834816,-3.310704947
1,8,108,-8.77241993,-3.343770266
1,8,109,-8.812297821,-3.376763105
1,8,110,-8.852468491,-3.409686327
1,8,111,-8.892930031,-3.442541838
1,8,112,-8.933680534,-3.475331545
1,8,113,-8.974718094,-3.508056879
1,8,114,-9.016042709,-3.540720701
1,8,115,-9.057650566,-3.573324203
1,8,116,-9.09954071,-3.605869293
1,8,117,-9.141710281,-3.638357639
1,8,118,-9.184158325,-3.670791149
1,8,119,-9.226881027,-3.703171253
1,9,0,-4.523097992,-0.5474576354
1,9,1,-4.60022068,-0.5749366283
1,9,2,-4.675042152,-0.6023810506
1,9,3,-4.74765873,-0.6298255324
1,9,4,-4.818162918,-0.6573015451
1,9,5,-4.886645794,-0.684838593
1,9,6,-4.953194618,-0.7124629617
1,9,7,-5.017895222,-0.7401987314
1,9,8,-5.08082819,-0.7680668831
1,9,9,-5.142072678,-0.7960863113
1,9,10,-5.201702595,-0.8242728114
1,9,11,-5.259790421,-0.852640152
1,9,12,-5.316403389,-0.8811992407
1,9,13,-5.371606827,-0.909959197
1,9,14,-5.425462246,-0.9389262795
1,9,15,-5.478028774,-0.9681053162
1,9,16,-5.529361725,-0.9974984527
1,9,17,-5.57951498,-1.027106643
1,9,18,-5.628539085,-1.056928515
1,9,19,-5.676482201,-1.086961508
1,9,20,-5.723389626,-1.117201209
1,9,21,-5.769305706,-1.147642255
1,9,22,-5.81427145,-1.178277493
1,9,23,-5.858327389,-1.209099412
1,9,24,-5.901511192,-1.240098953
1,9,25,-5.943859577,-1.271266699
1,9,26,-5.985407352,-1.302592039
1,9,27,-6.026187897,-1.334064364
1,9,28,-6.066234112,-1.365671992
1,9,29,-6.105576992,-1.397403717
1,9,30,-6.144246101,-1.42924726
1,9,31,-6.182271481,-1.461191058
1,9,32,-6.219680786,-1.493222713
1,9,33,-6.256502151,-1.525330663
1,9,34,-6.292761803,-1.557502985
1,9,35,-6.328485489,-1.589727998
1,9,36,-6.363699436,-1.621994734
1,9,37,-6.398427963,-1.654292107
1,9,38,-6.432695866,-1.686609864
1,9,39,-6.466526508,-1.718937755
1,9,40,-6.499943733,-1.75126636
1,9,41,-6.532970428,-1.78358674
1,9,42,-6.565629482,-1.815890312
1,9,43,-6.597943306,-1.848169088
1,9,44,-6.629933357,-1.88041544
1,9,45,-6.661622047,-1.912623167
1,9,46,-6.693030834,-1.944785714
1,9,47,-6.724180222,-1.976897478
1,9,48,-6.75509119,-2.008953094
1,9,49,-6.785784245,-2.040948629
1,9,50,-6.816279888,-2.072879791
1,9,51,-6.846597672,-2.104743242
1,9,52,-6.876757145,-2.136535645
1,9,53,-6.906777859,-2.168255329
1,9,54,-6.936678886,-2.19990015
1,9,55,-6.966478825,-2.231468439
1,9,56,-6.996195793,-2.262958765
1,9,57,-7.025847912,-2.294371128
1,9,58,-7.055452824,-2.325705051
1,9,59,-7.085027695,-2.356960535
1,9,60,-7.114589214,-2.388137817
1,9,61,-7.144154549,-2.419238091
1,9,62,-7.173738956,-2.45026207
1,9,63,-7.20335865,-2.481210947
1,9,64,-7.233028412,-2.512085915
1,9,65,-7.2627635,-2.542889357
1,9,66,-7.29257822,-2.573622704
1,9,67,-7.322485924,-2.604288101
1,9,68,-7.352500439,-2.634887218
1,9,69,-7.38263464,-2.665423155
1,9,70,-7.412901402,-2.695898056
1,9,71,-7.443312168,-2.726314306
1,9,72,-7.473878384,-2.756674051
1,9,73,-7.504611969,-2.786980629
1,9,74,-7.535522938,-2.817236185
1,9,75,-7.566621304,-2.847443581
1,9,76,-7.597916126,-2.877604961
1,9,77,-7.629417419,-2.907723665
1,9,78,-7.661133289,-2.937802076
1,9,79,-7.693072319,-2.967842579
1,9,80,-7.725241661,-2.997847795
1,9,81,-7.757648945,-3.027820587
1,9,82,-7.790300846,-3.057763338
1,9,83,-7.823203564,-3.087678432
1,9,84,-7.856362343,-3.117567778
1,9,85,-7.889783859,-3.147434473
1,9,86,-7.923472404,-3.177280426
1,9,87,-7.957432747,-3.207107782
1,9,88,-7.991668701,-3.236918449
1,9,89,-8.026184082,-3.266714334
1,9,90,-8.060982704,-3.29649806
1,9,91,-8.096067429,-3.326271057
1,9,92,-8.131441116,-3.356034994
1,9,93,-8.167104721,-3.385791302
1,9,94,-8.203062057,-3.415542364
1,9,95,-8.239314079,-3.445289135
1,9,96,-8.27586174,-3.475033283
1,9,97,-8.312705994,-3.504775763
1,9,98,-8.349848747,-3.53451848
1,9,99,-8.387290001,-3.56426239
1,9,100,-8.425029755,-3.594008684
1,9,101,-8.463067055,-3.623758078
1,9,102,-8.501402855,-3.653512239
1,9,103,-8.540036201,-3.683271885
1,9,104,-8.578967094,-3.713037729
1,9,105,-8.618193626,-3.742810488
1,9,106,-8.657715797,-3.772591352
1,9,107,-8.6975317,-3.8023808
1,9,108,-8.737639427,-3.832179308
1,9,109,-8.778038025,-3.861987352
1,9,110,-8.818725586,-3.891806126
1,9,111,-8.859700203,-3.921635628
1,9,112,-8.900959969,-3.951476336
1,9,113,-8.942502975,-3.981328487
1,9,114,-8.984327316,-4.011193275
1,9,115,-9.02643013,-4.041070461
1,9,116,-9.068808556,-4.070960045
1,9,117,-9.111459732,-4.100862503
1,9,118,-9.154382706,-4.130778313
1,9,119,-9.197573662,-4.160707474
1,10,0,-4.354181767,0.306827426
1,10,1,-4.435104847,0.2775919735
1,10,2,-4.513012409,0.2489265501
1,10,3,-4.588059425,0.2207592726
1,10,4,-4.66039753,0.1930199116
1,10,5,-4.730175495,0.1656393856
1,10,6,-4.797536373,0.1385512948
1,10,7,-4.8626194,0.1116911694
1,10,8,-4.92555666,0.08499769121
1,10,9,-4.986474991,0.05841179565
1,10,10,-5.045494556,0.03187776357
1,10,11,-5.102730751,0.00534225814
1,10,12,-5.158290863,-0.02124466561
1,10,13,-5.212278843,-0.04793056846
1,10,14,-5.264790535,-0.07475957274
1,10,15,-5.315918446,-0.1017734036
1,10,16,-5.365748405,-0.1290103942
1,10,17,-5.414361954,-0.1565064639
1,10,18,-5.461834908,-0.1842940897
1,10,19,-5.508239746,-0.2124033272
1,10,20,-5.553643227,-0.2408607602
1,10,21,-5.598108768,-0.2696905434
1,10,22,-5.641695023,-0.2989132702
1,10,23,-5.684457302,-0.3285470903
1,10,24,-5.726446629,-0.3586066365
1,10,25,-5.767711163,-0.3891040683
1,10,26,-5.808294773,-0.4200480282
1,10,27,-5.848239422,-0.4514447749
1,10,28,-5.887583256,-0.4832971394
1,10,29,-5.926362038,-0.5156056881
1,10,30,-5.964608192,-0.5483676791
1,10,31,-6.002352715,-0.5815783739
1,10,32,-6.039623737,-0.615229845
1,10,33,-6.076447487,-0.6493125558
1,10,34,-6.112848282,-0.6838142872
1,10,35,-6.148848057,-0.7187207937
1,10,36,-6.184468746,-0.754016459
1,10,37,-6.219729424,-0.7896834612
1,10,38,-6.254649162,-0.8257033229
1,10,39,-6.289244652,-0.8620555401
1,10,40,-6.323533058,-0.8987192512
1,10,41,-6.357530594,-0.9356728196
1,10,42,-6.391252041,-0.9728937149
1,10,43,-6.424712181,-1.010359168
1,10,44,-6.45792532,-1.048045993
1,10,45,-6.490905762,-1.085931897
1,10,46,-6.523667336,-1.123993993
1,10,47,-6.556223869,-1.162209749
1,10,48,-6.588588715,-1.200556993
1,10,49,-6.6207757,-1.239015102
1,10,50,-6.652798653,-1.277563095
1,10,51,-6.684670925,-1.316181064
1,10,52,-6.716405869,-1.354849577
1,10,53,-6.748017788,-1.39355123
1,10,54,-6.779520035,-1.4322685
1,10,55,-6.810926437,-1.470985293
1,10,56,-6.842250824,-1.509685993
1,10,57,-6.873507977,-1.548357129
1,10,58,-6.904711246,-1.58698523
1,10,59,-6.935874462,-1.625558138
1,10,60,-6.967011452,-1.664064407
1,10,61,-6.998136997,-1.702494502
1,10,62,-7.029263973,-1.740839005
1,10,63,-7.060406685,-1.779089451
1,10,64,-7.091578007,-1.817238212
1,10,65,-7.122792244,-1.855279326
1,10,66,-7.154061794,-1.893206716
1,10,67,-7.185400486,-1.931015372
1,10,68,-7.21682024,-1.968700647
1,10,69,-7.248334408,-2.00625968
1,10,70,-7.279954433,-2.043689251
1,10,71,-7.311692715,-2.080986738
1,10,72,-7.343560696,-2.118150234
1,10,73,-7.37556982,-2.155179024
1,10,74,-7.407730579,-2.192071915
1,10,75,-7.44005394,-2.22882843
1,10,76,-7.472549438,-2.265448332
1,10,77,-7.505227089,-2.301932573
1,10,78,-7.538095951,-2.338281393
1,10,79,-7.571165085,-2.374495983
1,10,80,-7.604442596,-2.410577059
1,10,81,-7.637936592,-2.446526527
1,10,82,-7.671654701,-2.482345819
1,10,83,-7.705604076,-2.518036842
1,10,84,-7.739790916,-2.553601027
1,10,85,-7.774221897,-2.589041233
1,10,86,-7.80890274,-2.624359369
1,10,87,-7.843838692,-2.659557819
1,10,88,-7.879034996,-2.694638729
1,10,89,-7.914495468,-2.729604244
1,10,90,-7.950224876,-2.764457464
1,10,91,-7.986227036,-2.799200535
1,10,92,-8.022504807,-2.833836079
1,10,93,-8.05906105,-2.868366241
1,10,94,-8.095899582,-2.902794123
1,10,95,-8.133021355,-2.937121868
1,10,96,-8.170428276,-2.9713521
1,10,97,-8.208122253,-3.005486965
1,10,98,-8.246105194,-3.039529562
1,10,99,-8.284378052,-3.073482037
1,10,100,-8.322940826,-3.107346535
1,10,101,-8.361793518,-3.141125202
1,10,102,-8.40093708,-3.174821138
1,10,103,-8.440371513,-3.208436012
1,10,104,-8.480096817,-3.241972208
1,10,105,-8.520111084,-3.275431395
1,10,106,-8.560414314,-3.308816433
1,10,107,-8.601005554,-3.342128992
1,10,108,-8.64188385,-3.375370979
1,10,109,-8.683047295,-3.408544064
1,10,110,-8.724494934,-3.441650867
1,10,111,-8.766224861,-3.47469306
1,10,112,-8.808235168,-3.507672071
1,10,113,-8.850522995,-3.540589571
1,10,114,-8.893088341,-3.573447943
1,10,115,-8.935927391,-3.606248379
1,10,116,-8.979038239,-3.638992548
1,10,117,-9.022418022,-3.671681643
1,10,118,-9.066065788,-3.704317808
1,10,119,-9.109977722,-3.736902237
1,11,0,-5.118311405,-0.08313208818
1,11,1,-5.187865734,-0.112499997
1,11,2,-5.255370617,-0.1417256892
1,11,3,-5.320911884,-0.1708476543
1,11,4,-5.38457346,-0.1999028623
1,11,5,-5.44644022,-0.2289276421
1,11,6,-5.506593704,-0.2579562962
1,11,7,-5.565114498,-0.2870220542
1,11,8,-5.622079849,-0.3161558509
1,11,9,-5.677565098,-0.3453872204
1,11,10,-5.731641293,-0.3747431636
1,11,11,-5.784378529,-0.4042491615
1,11,12,-5.835841656,-0.4339279532
1,11,13,-5.88609457,-0.4638006389
1,11,14,-5.935195923,-0.4938855767
1,11,15,-5.983202934,-0.5241993666
1,11,16,-6.03016901,-0.5547557473
1,11,17,-6.076145172,-0.5855668187
1,11,18,-6.121178627,-0.6166417599
1,11,19,-6.165315628,-0.6479882002
1,11,20,-6.20859766,-0.679610908
1,11,21,-6.251065731,-0.7115132213
1,11,22,-6.292756557,-0.7436956763
1,11,23,-6.333706379,-0.7761574984
1,11,24,-6.37394762,-0.8088954091
1,11,25,-6.41351223,-0.8419049382
1,11,26,-6.452429295,-0.8751793504
1,11,27,-6.490726948,-0.908710897
1,11,28,-6.528430939,-0.9424898624
1,11,29,-6.56556654,-0.9765058756
1,11,30,-6.602156639,-1.010746717
1,11,31,-6.638223648,-1.045199871
1,11,32,-6.673788548,-1.079851389
1,11,33,-6.708871841,-1.114686966
1,11,34,-6.743492603,-1.149691582
1,11,35,-6.777668953,-1.18484962
1,11,36,-6.811419487,-1.220145583
1,11,37,-6.844760895,-1.255563378
1,11,38,-6.877710819,-1.29108727
1,11,39,-6.910284996,-1.326701045
1,11,40,-6.942499638,-1.362389088
1,11,41,-6.97437048,-1.398136139
1,11,42,-7.005913258,-1.433926821
1,11,43,-7.03714323,-1.46974647
1,11,44,-7.06807518,-1.505580425
1,11,45,-7.098724842,-1.541415811
1,11,46,-7.129106998,-1.577239156
1,11,47,-7.159236431,-1.613037944
1,11,48,-7.189127922,-1.648800015
1,11,49,-7.218797207,-1.684514999
1,11,50,-7.248258591,-1.720172286
1,11,51,-7.277526855,-1.7557621
1,11,52,-7.306616783,-1.791275144
1,11,53,-7.335543633,-1.826703906
1,11,54,-7.364322186,-1.862040639
1,11,55,-7.392966747,-1.897278547
1,11,56,-7.421492577,-1.932411194
1,11,57,-7.449914455,-1.967433929
1,11,58,-7.478247166,-2.002341747
1,11,59,-7.506505489,-2.037130356
1,11,60,-7.534703732,-2.071796179
1,11,61,-7.562856674,-2.10633707
1,11,62,-7.590978622,-2.14075017
1,11,63,-7.619083881,-2.175033808
1,11,64,-7.647185802,-2.209186316
1,11,65,-7.675299644,-2.243207693
1,11,66,-7.703438282,-2.277097225
1,11,67,-7.731615543,-2.31085515
1,11,68,-7.75984478,-2.344481468
1,11,69,-7.788139343,-2.37797761
1,11,70,-7.816511631,-2.41134429
1,11,71,-7.844974518,-2.444583178
1,11,72,-7.873539448,-2.477695704
1,11,73,-7.902219296,-2.510684252
1,11,74,-7.931025505,-2.543550968
1,11,75,-7.959969521,-2.576297998
1,11,76,-7.989061832,-2.608927727
1,11,77,-8.018313408,-2.641443253
1,11,78,-8.047734261,-2.673847437
1,11,79,-8.077334404,-2.706142902
1,11,80,-8.107122421,-2.73833251
1,11,81,-8.137108803,-2.770420074
1,11,82,-8.167301178,-2.802408457
1,11,83,-8.19770813,-2.834300756
1,11,84,-8.228337288,-2.866099834
1,11,85,-8.259197235,-2.897809744
1,11,86,-8.290293694,-2.929433346
1,11,87,-8.321634293,-2.96097374
1,11,88,-8.353224754,-2.992434263
1,11,89,-8.385070801,-3.023817778
1,11,90,-8.417178154,-3.055127859
1,11,91,-8.449552536,-3.086367607
1,11,92,-8.482197762,-3.117539883
1,11,93,-8.515118599,-3.148647308
1,11,94,-8.548318863,-3.17969346
1,11,95,-8.581802368,-3.210680962
1,11,96,-8.615571976,-3.241612434
1,11,97,-8.6496315,-3.272490501
1,11,98,-8.683982849,-3.303318024
1,11,99,-8.718628883,-3.334097624
1,11,100,-8.753570557,-3.364831686
1,11,101,-8.788809776,-3.395522118
1,11,102,-8.82434845,-3.426172018
1,11,103,-8.860187531,-3.456783056
1,11,104,-8.896327972,-3.487357616
1,11,105,-8.932769775,-3.517897367
1,11,106,-8.969513893,-3.548404932
1,11,107,-9.006560326,-3.578881741
1,11,108,-9.043908119,-3.609329939
1,11,109,-9.081557274,-3.639750719
1,11,110,-9.11950779,-3.670146465
1,11,111,-9.157758713,-3.70051837
1,11,112,-9.196308136,-3.730868101
1,11,113,-9.235155106,-3.761196613
1,11,114,-9.274299622,-3.791506052
1,11,115,-9.313739777,-3.821797371
1,11,116,-9.35347271,-3.852072001
1,11,117,-9.393497467,-3.882330656
1,11,118,-9.433813095,-3.912575006
1,11,119,-9.474415779,-3.942806005
1,12,0,-4.689324379,-0.5828181505
1,12,1,-4.764214993,-0.6105460525
1,12,2,-4.836951256,-0.6382809281
1,12,3,-4.907619476,-0.666051507
1,12,4,-4.976302147,-0.6938838363
1,12,5,-5.04308176,-0.721802175
1,12,6,-5.108036995,-0.749827981
1,12,7,-5.171245575,-0.7779809833
1,12,8,-5.232780933,-0.8062779307
1,12,9,-5.292715073,-0.834733963
1,12,10,-5.351115704,-0.863361299
1,12,11,-5.40804863,-0.8921704888
1,12,12,-5.46357584,-0.9211694598
1,12,13,-5.517757893,-0.9503645897
1,12,14,-5.570650578,-0.9797596931
1,12,15,-5.622309208,-1.009357333
1,12,16,-5.672784805,-1.039157748
1,12,17,-5.722127438,-1.069160104
1,12,18,-5.770383358,-1.0993613
1,12,19,-5.817597866,-1.129757524
1,12,20,-5.8638134,-1.160343051
1,12,21,-5.909070969,-1.191111445
1,12,22,-5.953409195,-1.222054839
1,12,23,-5.996865749,-1.253165007
1,12,24,-6.039475918,-1.284432173
1,12,25,-6.081274033,-1.315846562
1,12,26,-6.122292995,-1.347397208
1,12,27,-6.162564278,-1.379073381
1,12,28,-6.202118397,-1.41086328
1,12,29,-6.240984917,-1.442755699
1,12,30,-6.279191971,-1.474738479
1,12,31,-6.316767693,-1.506800175
1,12,32,-6.353738308,-1.538928747
1,12,33,-6.390130043,-1.571112871
1,12,34,-6.42596817,-1.603340983
1,12,35,-6.461277485,-1.635601878
1,12,36,-6.496082306,-1.667884946
1,12,37,-6.530405998,-1.700179577
1,12,38,-6.564272404,-1.732475996
1,12,39,-6.597703457,-1.764764309
1,12,40,-6.630722046,-1.797035694
1,12,41,-6.663350582,-1.829281926
1,12,42,-6.695610523,-1.86149478
1,12,43,-6.727523327,-1.893666744
1,12,44,-6.759109497,-1.925790787
1,12,45,-6.790390968,-1.957861185
1,12,46,-6.821387768,-1.989871979
1,12,47,-6.852120399,-2.021817923
1,12,48,-6.882608891,-2.053694248
1,12,49,-6.912873268,-2.085497618
1,12,50,-6.942933083,-2.117223978
1,12,51,-6.972807407,-2.148870468
1,12,52,-7.002515316,-2.180434465
1,12,53,-7.032076359,-2.211914301
1,12,54,-7.061508656,-2.243308306
1,12,55,-7.090830326,-2.274615526
1,12,56,-7.120059013,-2.30583477
1,12,57,-7.149213314,-2.336966515
1,12,58,-7.178309917,-2.368010521
1,12,59,-7.20736599,-2.398967266
1,12,60,-7.23639822,-2.429837227
1,12,61,-7.265423298,-2.460622072
1,12,62,-7.294456959,-2.491322756
1,12,63,-7.323514462,-2.521940947
1,12,64,-7.352611065,-2.552478075
1,12,65,-7.381762028,-2.582936764
1,12,66,-7.410981655,-2.61331892
1,12,67,-7.440283775,-2.643626928
1,12,68,-7.46968174,-2.673862934
1,12,69,-7.499189377,-2.704030275
1,12,70,-7.528819084,-2.734131098
1,12,71,-7.558582783,-2.764168262
1,12,72,-7.588491917,-2.794144392
1,12,73,-7.618558884,-2.824063063
1,12,74,-7.648793697,-2.853926659
1,12,75,-7.679206848,-2.883738279
1,12,76,-7.70980835,-2.913500547
1,12,77,-7.740607738,-2.943217039
1,12,78,-7.771614075,-2.972890377
1,12,79,-7.802835941,-3.002523184
1,12,80,-7.834280491,-3.03211832
1,12,81,-7.865956783,-3.061679125
1,12,82,-7.897871017,-3.091207981
1,12,83,-7.930030346,-3.120707512
1,12,84,-7.962440491,-3.15018034
1,12,85,-7.995107651,-3.179629326
1,12,86,-8.028037071,-3.209056854
1,12,87,-8.061234474,-3.238465071
1,12,88,-8.094703674,-3.267856598
1,12,89,-8.128448486,-3.297233343
1,12,90,-8.162473679,-3.326597929
1,12,91,-8.196782112,-3.355952024
1,12,92,-8.231377602,-3.385297775
1,12,93,-8.266262054,-3.41463685
1,12,94,-8.301438332,-3.443971395
1,12,95,-8.33690834,-3.47330308
1,12,96,-8.372673988,-3.502633333
1,12,97,-8.408736229,-3.531963587
1,12,98,-8.44509697,-3.561295748
1,12,99,-8.48175621,-3.590631008
1,12,100,-8.518714905,-3.61997056
1,12,101,-8.555973053,-3.649315596
1,12,102,-8.593530655,-3.678667545
1,12,103,-8.631388664,-3.708027363
1,12,104,-8.669545174,-3.737396002
1,12,105,-8.708000183,-3.766773939
1,12,106,-8.746753693,-3.796162844
1,12,107,-8.785803795,-3.825563192
1,12,108,-8.825149536,-3.8549757
1,12,109,-8.864789009,-3.884400606
1,12,110,-8.90472126,-3.91383934
1,12,111,-8.944945335,-3.943292141
1,12,112,-8.985458374,-3.972759485
1,12,113,-9.026258469,-4.002241611
1,12,114,-9.067343712,-4.031739235
1,12,115,-9.108712196,-4.061253071
1,12,116,-9.150362015,-4.090782642
1,12,117,-9.192289352,-4.120328426
1,12,118,-9.234493256,-4.149891376
1,12,119,-9.276970863,-4.179471493
1,13,0,-5.129407406,-0.132731393
1,13,1,-5.198774815,-0.1620007604
1,13,2,-5.266130924,-0.1911570281
1,13,3,-5.331559181,-0.2202366292
1,13,4,-5.395140648,-0.2492744327
1,13,5,-5.456956863,-0.2783046067
1,13,6,-5.517086506,-0.3073592782
1,13,7,-5.5756073,-0.3364695013
1,13,8,-5.632594109,-0.3656639457
1,13,9,-5.688119411,-0.39496997
1,13,10,-5.742251873,-0.4244123697
1,13,11,-5.795059204,-0.4540144205
1,13,12,-5.846604347,-0.4837967157
1,13,13,-5.896948814,-0.5137782097
1,13,14,-5.946149349,-0.5439751148
1,13,15,-5.994261742,-0.5744019151
1,13,16,-6.041337013,-0.6050704122
1,13,17,-6.087425232,-0.6359907389
1,13,18,-6.132572174,-0.6671702266
1,13,19,-6.176821709,-0.6986146569
1,13,20,-6.220215321,-0.730327189
1,13,21,-6.26279211,-0.762309432
1,13,22,-6.304588318,-0.7945605516
1,13,23,-6.345639229,-0.8270783424
1,13,24,-6.385976791,-0.8598583341
1,13,25,-6.425632,-0.8928949237
1,13,26,-6.464633465,-0.9261804223
1,13,27,-6.503008842,-0.9597063065
1,13,28,-6.540783405,-0.9934621453
1,13,29,-6.577982426,-1.027436972
1,13,30,-6.614628315,-1.061618328
1,13,31,-6.650743961,-1.09599328
1,13,32,-6.686349869,-1.130547762
1,13,33,-6.721466541,-1.165267587
1,13,34,-6.756113529,-1.200137734
1,13,35,-6.790309429,-1.235142827
1,13,36,-6.824072361,-1.270267725
1,13,37,-6.857419491,-1.305496693
1,13,38,-6.890368462,-1.34081459
1,13,39,-6.922935486,-1.376205683
1,13,40,-6.955137253,-1.411655188
1,13,41,-6.986989975,-1.447148323
1,13,42,-7.018509388,-1.482670665
1,13,43,-7.049710751,-1.518208146
1,13,44,-7.080609798,-1.553747058
1,13,45,-7.111222744,-1.589275241
1,13,46,-7.141564369,-1.624780059
1,13,47,-7.171649933,-1.660249949
1,13,48,-7.201494217,-1.695673585
1,13,49,-7.231113434,-1.731041312
1,13,50,-7.260521889,-1.766343355
1,13,51,-7.289735317,-1.801570892
1,13,52,-7.318768501,-1.836715341
1,13,53,-7.3476367,-1.871770024
1,13,54,-7.376355171,-1.906727791
1,13,55,-7.404938698,-1.94158268
1,13,56,-7.433402538,-1.976328969
1,13,57,-7.461761475,-2.010962486
1,13,58,-7.490030766,-2.045479059
1,13,59,-7.518225193,-2.079874992
1,13,60,-7.546359062,-2.114147186
1,13,61,-7.574447632,-2.148293972
1,13,62,-7.602505207,-2.182313204
1,13,63,-7.630546093,-2.21620369
1,13,64,-7.658584118,-2.249964237
1,13,65,-7.686633587,-2.283594847
1,13,66,-7.714708805,-2.317095518
1,13,67,-7.742823124,-2.350466728
1,13,68,-7.770989418,-2.383708715
1,13,69,-7.799221516,-2.416823387
1,13,70,-7.827531815,-2.449811935
1,13,71,-7.855933189,-2.482676029
1,13,72,-7.884437561,-2.515417099
1,13,73,-7.913057327,-2.548038244
1,13,74,-7.941803932,-2.580541372
1,13,75,-7.970688343,-2.612929106
1,13,76,-7.999721527,-2.64520359
1,13,77,-8.028914452,-2.677368641
1,13,78,-8.05827713,-2.709426641
1,13,79,-8.087820053,-2.741380692
1,13,80,-8.117551804,-2.773233652
1,13,81,-8.147481918,-2.804989338
1,13,82,-8.17761898,-2.83665061
1,13,83,-8.207970619,-2.868220806
1,13,84,-8.238544464,-2.899702787
1,13,85,-8.269349098,-2.931100607
1,13,86,-8.300391197,-2.962417126
1,13,87,-8.331677437,-2.993655443
1,13,88,-8.363213539,-3.024818897
1,13,89,-8.39500618,-3.055910349
1,13,90,-8.427060127,-3.086933374
1,13,91,-8.459381104,-3.117891073
1,13,92,-8.491972923,-3.148786306
1,13,93,-8.524840355,-3.179621696
1,13,94,-8.557988167,-3.210400581
1,13,95,-8.59141922,-3.241125584
1,13,96,-8.625136375,-3.271799564
1,13,97,-8.659142494,-3.302424669
1,13,98,-8.693441391,-3.333004236
1,13,99,-8.728034019,-3.363540411
1,13,100,-8.762923241,-3.394035816
1,13,101,-8.798110008,-3.424492121
1,13,102,-8.83359623,-3.454912424
1,13,103,-8.869382858,-3.485298634
1,13,104,-8.905470848,-3.515652657
1,13,105,-8.941860199,-3.545976162
1,13,106,-8.978551865,-3.576271772
1,13,107,-9.015544891,-3.606541157
1,13,108,-9.052840233,-3.636785984
1,13,109,-9.090436935,-3.667007446
1,13,110,-9.128334999,-3.697207928
1,13,111,-9.166532516,-3.72738862
1,13,112,-9.205029488,-3.757550955
1,13,113,-9.243824005,-3.787696123
1,13,114,-9.282915115,-3.817826033
1,13,115,-9.322301865,-3.847941637
1,13,116,-9.361982346,-3.878044128
1,13,117,-9.401953697,-3.90813446
1,13,118,-9.442215919,-3.938214064
1,13,119,-9.482766151,-3.968283892
1,14,0,-4.835690498,0.377319932
1,14,1,-4.909832478,0.3468548059
1,14,2,-4.981342316,0.3168987036
1,14,3,-5.050347328,0.287391454
1,14,4,-5.11697197,0.2582738101
1,14,5,-5.181340694,0.2294867486
1,14,6,-5.243574142,0.2009730488
1,14,7,-5.303789616,0.1726765186
1,14,8,-5.362100124,0.1445432603
1,14,9,-5.418615341,0.116520822
1,14,10,-5.47343874,0.08855937421
1,14,11,-5.526670456,0.06061071157
1,14,12,-5.578404903,0.03262943402
1,14,13,-5.628732681,0.004571933299
1,14,14,-5.677739143,-0.02360251173
1,14,15,-5.725505829,-0.05193272233
1,14,16,-5.772109032,-0.08045454323
1,14,17,-5.817621708,-0.1092018113
1,14,18,-5.862112045,-0.1382052898
1,14,19,-5.905644894,-0.1674937159
1,14,20,-5.948279858,-0.1970926076
1,14,21,-5.990074635,-0.227025345
1,14,22,-6.031081676,-0.2573120594
1,14,23,-6.071351051,-0.2879706621
1,14,24,-6.110928535,-0.3190157712
1,14,25,-6.149857998,-0.3504597545
1,14,26,-6.188179493,-0.3823116124
1,14,27,-6.225930214,-0.4145782292
1,14,28,-6.263144016,-0.4472631216
1,14,29,-6.299853802,-0.4803677201
1,14,30,-6.336088181,-0.5138902664
1,14,31,-6.371874809,-0.547827065
1,14,32,-6.407238007,-0.5821714997
1,14,33,-6.442201614,-0.6169151068
1,14,34,-6.476786613,-0.6520470381
1,14,35,-6.511012077,-0.6875542998
1,14,36,-6.544896603,-0.7234225869
1,14,37,-6.578456879,-0.7596354485
1,14,38,-6.611708641,-0.7961755991
1,14,39,-6.644665718,-0.8330237865
1,14,40,-6.677342892,-0.8701604009
1,14,41,-6.70975256,-0.9075648785
1,14,42,-6.741907597,-0.9452157021
1,14,43,-6.773819923,-0.9830911756
1,14,44,-6.805500507,-1.021168947
1,14,45,-6.836961746,-1.059427619
1,14,46,-6.86821413,-1.097844839
1,14,47,-6.899269104,-1.136398792
1,14,48,-6.930137157,-1.175067782
1,14,49,-6.960829735,-1.213831663
1,14,50,-6.991357803,-1.252669692
1,14,51,-7.021732807,-1.291562319
1,14,52,-7.051965714,-1.330490351
1,14,53,-7.082068443,-1.369436502
1,14,54,-7.112052917,-1.40838325
1,14,55,-7.14193058,-1.447314501
1,14,56,-7.171712875,-1.486214638
1,14,57,-7.201412678,-1.52507019
1,14,58,-7.231042385,-1.56386745
1,14,59,-7.260613918,-1.602594256
1,14,60,-7.290139675,-1.641238928
1,14,61,-7.319633007,-1.679791808
1,14,62,-7.349106312,-1.718243241
1,14,63,-7.378571987,-1.756584764
1,14,64,-7.408042908,-1.794808388
1,14,65,-7.437531948,-1.832908273
1,14,66,-7.467051983,-1.8708781
1,14,67,-7.49661541,-1.908712745
1,14,68,-7.52623415,-1.946407437
1,14,69,-7.555921555,-1.983959317
1,14,70,-7.585689068,-2.021365166
1,14,71,-7.615549088,-2.05862236
1,14,72,-7.645513058,-2.095728874
1,14,73,-7.675592899,-2.132684231
1,14,74,-7.705800056,-2.169487476
1,14,75,-7.736145496,-2.206138134
1,14,76,-7.766639233,-2.242635965
1,14,77,-7.797292709,-2.278982162
1,14,78,-7.828115463,-2.315177441
1,14,79,-7.859117031,-2.351222992
1,14,80,-7.89030695,-2.38711977
1,14,81,-7.921694756,-2.422870398
1,14,82,-7.953288555,-2.458476305
1,14,83,-7.985096455,-2.493939877
1,14,84,-8.017126083,-2.529262781
1,14,85,-8.049386024,-2.564448357
1,14,86,-8.081881523,-2.599498987
1,14,87,-8.114620209,-2.634417295
1,14,88,-8.147608757,-2.669206142
1,14,89,-8.180851936,-2.703867912
1,14,90,-8.214355469,-2.73840642
1,14,91,-8.248125076,-2.772824049
1,14,92,-8.282164574,-2.807123899
1,14,93,-8.316478729,-2.841308594
1,14,94,-8.351071358,-2.875381947
1,14,95,-8.38594532,-2.909346342
1,14,96,-8.421104431,-2.943205118
1,14,97,-8.456550598,-2.976960659
1,14,98,-8.492286682,-3.010616541
1,14,99,-8.528315544,-3.044175148
1,14,100,-8.564638138,-3.07763958
1,14,101,-8.601255417,-3.111011982
1,14,102,-8.638169289,-3.144295931
1,14,103,-8.675380707,-3.177493811
1,14,104,-8.712890625,-3.210608244
1,14,105,-8.75069809,-3.243641376
1,14,106,-8.788805008,-3.276596308
1,14,107,-8.827209473,-3.309475183
1,14,108,-8.865912437,-3.342280149
1,14,109,-8.904911995,-3.375013351
1,14,110,-8.944208145,-3.40767765
1,14,111,-8.983799934,-3.440274954
1,14,112,-9.023686409,-3.472807407
1,14,113,-9.063864708,-3.50527668
1,14,114,-9.104334831,-3.537685394
1,14,115,-9.145094872,-3.570034981
1,14,116,-9.186142921,-3.602327347
1,14,117,-9.22747612,-3.634564161
1,14,118,-9.269093513,-3.66674757
1,14,119,-9.310993195,-3.698879004
1,15,0,-5.114044189,-0.2171262801
1,15,1,-5.183592796,-0.2461891919
1,15,2,-5.251162529,-0.275180161
1,15,3,-5.316833496,-0.3041327894
1,15,4,-5.380683422,-0.3330790401
1,15,5,-5.442791462,-0.3620500267
1,15,6,-5.503232956,-0.391074717
1,15,7,-5.562082291,-0.4201809466
1,15,8,-5.619411469,-0.4493941665
1,15,9,-5.675290585,-0.478738457
1,15,10,-5.729785442,-0.5082352757
1,15,11,-5.782960892,-0.5379046202
1,15,12,-5.834877491,-0.5677637458
1,15,13,-5.885593891,-0.5978283882
1,15,14,-5.935165405,-0.6281114817
1,15,15,-5.983644962,-0.6586244702
1,15,16,-6.03108263,-0.6893761158
1,15,17,-6.077526093,-0.7203735113
1,15,18,-6.123019695,-0.7516211867
1,15,19,-6.167605877,-0.7831223011
1,15,20,-6.211324692,-0.8148773909
1,15,21,-6.254214287,-0.8468857408
1,15,22,-6.296310425,-0.879144311
1,15,23,-6.337646484,-0.9116490483
1,15,24,-6.378254414,-0.9443936348
1,15,25,-6.418165207,-0.9773709178
1,15,26,-6.457406521,-1.010571957
1,15,27,-6.496006012,-1.043987036
1,15,28,-6.533988953,-1.077604771
1,15,29,-6.571380138,-1.111413717
1,15,30,-6.608202934,-1.145400882
1,15,31,-6.644479752,-1.179553151
1,15,32,-6.680231571,-1.213856339
1,15,33,-6.715479851,-1.248296499
1,15,34,-6.750244141,-1.282858849
1,15,35,-6.784543514,-1.317528605
1,15,36,-6.818397045,-1.352291346
1,15,37,-6.851822376,-1.387131929
1,15,38,-6.884837627,-1.422036171
1,15,39,-6.917460442,-1.456989527
1,15,40,-6.949707508,-1.491978049
1,15,41,-6.981595993,-1.526988268
1,15,42,-7.013142586,-1.56200695
1,15,43,-7.044363499,-1.597021341
1,15,44,-7.075274467,-1.632019043
1,15,45,-7.105892658,-1.666989207
1,15,46,-7.136233807,-1.701920509
1,15,47,-7.166314125,-1.736802816
1,15,48,-7.196148872,-1.771626115
1,15,49,-7.225754261,-1.806382179
1,15,50,-7.255146503,-1.841062427
1,15,51,-7.284340858,-1.875659347
1,15,52,-7.313353062,-1.910165668
1,15,53,-7.342198849,-1.944575906
1,15,54,-7.370893955,-1.978884101
1,15,55,-7.399454117,-2.013085365
1,15,56,-7.427894115,-2.047175169
1,15,57,-7.456230164,-2.081150293
1,15,58,-7.484477043,-2.115007401
1,15,59,-7.512650013,-2.148743868
1,15,60,-7.540763855,-2.18235755
1,15,61,-7.568834305,-2.215847492
1,15,62,-7.596875668,-2.249212265
1,15,63,-7.624902725,-2.282451391
1,15,64,-7.652929306,-2.315564632
1,15,65,-7.680970669,-2.348552465
1,15,66,-7.709040165,-2.381415606
1,15,67,-7.737151623,-2.414154768
1,15,68,-7.765317917,-2.446770906
1,15,69,-7.793553352,-2.479266405
1,15,70,-7.82186985,-2.511642694
1,15,71,-7.850280762,-2.543901682
1,15,72,-7.878797531,-2.576045513
1,15,73,-7.907433033,-2.608077288
1,15,74,-7.936198711,-2.63999939
1,15,75,-7.965105534,-2.671814442
1,15,76,-7.99416399,-2.703525066
1,15,77,-8.023385048,-2.73513484
1,15,78,-8.052779198,-2.766646624
1,15,79,-8.082355499,-2.798063755
1,15,80,-8.112123489,-2.829388857
1,15,81,-8.142092705,-2.860625982
1,15,82,-8.172270775,-2.891777992
1,15,83,-8.202666283,-2.922848225
1,15,84,-8.233286858,-2.953839779
1,15,85,-8.264140129,-2.984756231
1,15,86,-8.295232773,-3.01560092
1,15,87,-8.326571465,-3.046376705
1,15,88,-8.35816288,-3.077086926
1,15,89,-8.390011787,-3.107734442
1,15,90,-8.422123909,-3.138322592
1,15,91,-8.454504013,-3.168854475
1,15,92,-8.487156868,-3.199332714
1,15,93,-8.520086288,-3.22976017
1,15,94,-8.553296089,-3.260139942
1,15,95,-8.586790085,-3.290474653
1,15,96,-8.62057209,-3.320766926
1,15,97,-8.654644012,-3.351018906
1,15,98,-8.689008713,-3.381233692
1,15,99,-8.723668098,-3.411413431
1,15,100,-8.758624077,-3.441560268
1,15,101,-8.793877602,-3.47167635
1,15,102,-8.829431534,-3.501764297
1,15,103,-8.865285873,-3.531825781
1,15,104,-8.90144062,-3.561862707
1,15,105,-8.937896729,-3.591876745
1,15,106,-8.974655151,-3.621870279
1,15,107,-9.011714935,-3.65184474
1,15,108,-9.049077034,-3.681801558
1,15,109,-9.08673954,-3.711742163
1,15,110,-9.124703407,-3.741668701
1,15,111,-9.162966728,-3.771582127
1,15,112,-9.201528549,-3.80148387
1,15,113,-9.240386963,-3.831374884
1,15,114,-9.279541969,-3.861257076
1,15,115,-9.318991661,-3.891131163
1,15,116,-9.358734131,-3.920998335
1,15,117,-9.398767471,-3.95085907
1,15,118,-9.439090729,-3.980715036
1,15,119,-9.479701042,-4.010567188
1,16,0,-4.178710461,-0.3351375461
1,16,1,-4.26044035,-0.3622345626
1,16,2,-4.339504719,-0.3891358674
1,16,3,-4.4160285,-0.4158959389
1,16,4,-4.490131855,-0.4425656497
1,16,5,-4.561932564,-0.4691929817
1,16,6,-4.631542206,-0.4958220422
1,16,7,-4.699069977,-0.5224939585
1,16,8,-4.764618397,-0.549245894
1,16,9,-4.828286171,-0.5761122108
1,16,10,-4.890166283,-0.603123188
1,16,11,-4.950348377,-0.6303064823
1,16,12,-5.008915901,-0.6576859951
1,16,13,-5.06594944,-0.6852830052
1,16,14,-5.121523857,-0.7131152749
1,16,15,-5.175711155,-0.7411980629
1,16,16,-5.228577614,-0.769543469
1,16,17,-5.280188084,-0.7981612682
1,16,18,-5.330601692,-0.8270581961
1,16,19,-5.379876137,-0.8562390804
1,16,20,-5.428064823,-0.8857059479
1,16,21,-5.475218773,-0.915459156
1,16,22,-5.52138567,-0.9454965591
1,16,23,-5.566611767,-0.9758145809
1,16,24,-5.610939503,-1.006407499
1,16,25,-5.654410839,-1.037268519
1,16,26,-5.6970644,-1.06838882
1,16,27,-5.738937855,-1.099758983
1,16,28,-5.78006649,-1.131368041
1,16,29,-5.820484638,-1.163204551
1,16,30,-5.860224724,-1.195255637
1,16,31,-5.899318695,-1.227508545
1,16,32,-5.937796593,-1.259949446
1,16,33,-5.975687504,-1.292564631
1,16,34,-6.013020039,-1.325339794
1,16,35,-6.049821377,-1.358260512
1,16,36,-6.086118698,-1.391312838
1,16,37,-6.121937275,-1.424482465
1,16,38,-6.157302856,-1.457755685
1,16,39,-6.192240238,-1.49111855
1,16,40,-6.226773739,-1.524557948
1,16,41,-6.2609272,-1.558061361
1,16,42,-6.294723988,-1.591616154
1,16,43,-6.328186989,-1.625210524
1,16,44,-6.361338615,-1.658833027
1,16,45,-6.394201279,-1.69247365
1,16,46,-6.426796913,-1.726122141
1,16,47,-6.459146976,-1.759769082
1,16,48,-6.491271973,-1.793405414
1,16,49,-6.523193836,-1.827023745
1,16,50,-6.554932594,-1.860616446
1,16,51,-6.586508274,-1.894176722
1,16,52,-6.617940903,-1.927698135
1,16,53,-6.649250031,-1.961175799
1,16,54,-6.680454731,-1.994604588
1,16,55,-6.711574078,-2.027980089
1,16,56,-6.742625713,-2.061298132
1,16,57,-6.773628712,-2.094556332
1,16,58,-6.804600239,-2.127751589
1,16,59,-6.835557461,-2.160881519
1,16,60,-6.866517067,-2.193943977
1,16,61,-6.897495747,-2.226938486
1,16,62,-6.928509235,-2.259863377
1,16,63,-6.959573269,-2.29271841
1,16,64,-6.990702152,-2.325502634
1,16,65,-7.021911144,-2.358216763
1,16,66,-7.053214073,-2.390861034
1,16,67,-7.084624767,-2.423435688
1,16,68,-7.116155624,-2.4559412
1,16,69,-7.147819996,-2.48837924
1,16,70,-7.179629326,-2.520750761
1,16,71,-7.211595535,-2.553056955
1,16,72,-7.243729115,-2.585299015
1,16,73,-7.276041031,-2.617479086
1,16,74,-7.308541298,-2.649598598
1,16,75,-7.341239452,-2.681659222
1,16,76,-7.374144077,-2.713662624
1,16,77,-7.407263756,-2.745610952
1,16,78,-7.440606594,-2.777506113
1,16,79,-7.474180222,-2.809350014
1,16,80,-7.507991314,-2.841144085
1,16,81,-7.542046547,-2.872890949
1,16,82,-7.576352119,-2.904592276
1,16,83,-7.610913754,-2.936249971
1,16,84,-7.645735741,-2.967865705
1,16,85,-7.680823803,-2.999441862
1,16,86,-7.716181755,-3.03098011
1,16,87,-7.751813412,-3.062482119
1,16,88,-7.787722588,-3.093949795
1,16,89,-7.823911667,-3.125384331
1,16,90,-7.860383987,-3.156788111
1,16,91,-7.897141933,-3.188162565
1,16,92,-7.934187412,-3.219509125
1,16,93,-7.971521378,-3.250828981
1,16,94,-8.00914669,-3.282124281
1,16,95,-8.047062874,-3.313395977
1,16,96,-8.085271835,-3.3446455
1,16,97,-8.123772621,-3.375873804
1,16,98,-8.162566185,-3.407082558
1,16,99,-8.201653481,-3.438272715
1,16,100,-8.2410326,-3.469445467
1,16,101,-8.280703545,-3.50060153
1,16,102,-8.320666313,-3.531742573
1,16,103,-8.360918999,-3.56286931
1,16,104,-8.401460648,-3.593982458
1,16,105,-8.442290306,-3.625082731
1,16,106,-8.483406067,-3.65617156
1,16,107,-8.524806976,-3.687249422
1,16,108,-8.566490173,-3.718317032
1,16,109,-8.608453751,-3.749374628
1,16,110,-8.650696754,-3.780423641
1,16,111,-8.693216324,-3.81146431
1,16,112,-8.736010551,-3.842497349
1,16,113,-8.779075623,-3.873522997
1,16,114,-8.822410583,-3.904542208
1,16,115,-8.866012573,-3.935555458
1,16,116,-8.909878731,-3.966562986
1,16,117,-8.954006195,-3.997565031
1,16,118,-8.998393059,-4.028562546
1,16,119,-9.043035507,-4.059555531
1,17,0,-4.21652317,0.2547444105
1,17,1,-4.299070835,0.2260326296
1,17,2,-4.378538609,0.1978853643
1,17,3,-4.455086231,0.1702279747
1,17,4,-4.528869629,0.1429878771
1,17,5,-4.600041866,0.1160939783
1,17,6,-4.668749809,0.08947823942
1,17,7,-4.735135078,0.063074857
1,17,8,-4.799332619,0.03682147339
1,17,9,-4.86147213,0.01065826975
1,17,10,-4.921676159,-0.01547098346
1,17,11,-4.980061054,-0.04161991552
1,17,12,-5.036736965,-0.06783853471
1,17,13,-5.091808796,-0.09417426586
1,17,14,-5.145373821,-0.1206709594
1,17,15,-5.197525501,-0.1473698765
1,17,16,-5.24835062,-0.174308762
1,17,17,-5.297932148,-0.2015227824
1,17,18,-5.346346378,-0.2290435433
1,17,19,-5.393666267,-0.2569001317
1,17,20,-5.439959526,-0.2851180136
1,17,21,-5.485289574,-0.3137201965
1,17,22,-5.529716015,-0.342726022
1,17,23,-5.57329464,-0.3721523583
1,17,24,-5.616076469,-0.4020124674
1,17,25,-5.658110619,-0.4323171675
1,17,26,-5.699441433,-0.4630736709
1,17,27,-5.740111351,-0.494286865
1,17,28,-5.78015852,-0.5259581804
1,17,29,-5.819619179,-0.5580868721
1,17,30,-5.858526707,-0.5906689167
1,17,31,-5.896912575,-0.6236983538
1,17,32,-5.934804916,-0.6571661234
1,17,33,-5.972231388,-0.6910616159
1,17,34,-6.009216785,-0.7253716588
1,17,35,-6.045783997,-0.760081172
1,17,36,-6.081955433,-0.7951738834
1,17,37,-6.117751598,-0.8306314349
1,17,38,-6.153192043,-0.8664346933
1,17,39,-6.188295364,-0.9025629759
1,17,40,-6.223078728,-0.9389951825
1,17,41,-6.257559776,-0.9757095575
1,17,42,-6.291754723,-1.01268363
1,17,43,-6.325679302,-1.049894691
1,17,44,-6.359349251,-1.087319851
1,17,45,-6.392779827,-1.124937296
1,17,46,-6.42598629,-1.162724257
1,17,47,-6.458983421,-1.200658917
1,17,48,-6.491785526,-1.238719583
1,17,49,-6.524407864,-1.276886225
1,17,50,-6.556864738,-1.315138459
1,17,51,-6.589170933,-1.353457093
1,17,52,-6.621340752,-1.391823411
1,17,53,-6.653389931,-1.430220842
1,17,54,-6.685332298,-1.46863246
1,17,55,-6.717182636,-1.507042766
1,17,56,-6.748955727,-1.545437098
1,17,57,-6.780666351,-1.583802581
1,17,58,-6.812329292,-1.62212646
1,17,59,-6.843958378,-1.660397172
1,17,60,-6.87556839,-1.698603868
1,17,61,-6.90717411,-1.736737847
1,17,62,-6.938789368,-1.774789929
1,17,63,-6.97042799,-1.812752485
1,17,64,-7.002103806,-1.850618243
1,17,65,-7.033830643,-1.88838172
1,17,66,-7.065621853,-1.926037192
1,17,67,-7.097490788,-1.963580132
1,17,68,-7.129449368,-2.001006365
1,17,69,-7.161510944,-2.03831315
1,17,70,-7.193687439,-2.075497389
1,17,71,-7.225990772,-2.112557173
1,17,72,-7.258431911,-2.149490356
1,17,73,-7.291022301,-2.186296701
1,17,74,-7.32377243,-2.222975016
1,17,75,-7.356692791,-2.259524822
1,17,76,-7.389792442,-2.295946121
1,17,77,-7.423081398,-2.332239628
1,17,78,-7.456568241,-2.368406057
1,17,79,-7.490261555,-2.404446125
1,17,80,-7.524168968,-2.440360546
1,17,81,-7.558298588,-2.476151705
1,17,82,-7.592657089,-2.511820555
1,17,83,-7.627251625,-2.547369003
1,17,84,-7.662087917,-2.582798481
1,17,85,-7.697172165,-2.61811161
1,17,86,-7.732509613,-2.653310061
1,17,87,-7.76810503,-2.688395977
1,17,88,-7.803962708,-2.723371744
1,17,89,-7.840086937,-2.758239031
1,17,90,-7.876481533,-2.793000937
1,17,91,-7.913149834,-2.827659607
1,17,92,-7.9500947,-2.862217188
1,17,93,-7.987318516,-2.896675587
1,17,94,-8.024824142,-2.931038141
1,17,95,-8.062612534,-2.96530652
1,17,96,-8.100686073,-2.999483109
1,17,97,-8.139044762,-3.033570051
1,17,98,-8.17769146,-3.06757021
1,17,99,-8.216625214,-3.101485252
1,17,100,-8.255846977,-3.135317564
1,17,101,-8.29535675,-3.169069052
1,17,102,-8.335154533,-3.202742338
1,17,103,-8.375239372,-3.236339331
1,17,104,-8.415611267,-3.269861937
1,17,105,-8.456269264,-3.303311825
1,17,106,-8.49721241,-3.336691618
1,17,107,-8.538439751,-3.370002747
1,17,108,-8.579949379,-3.403247356
1,17,109,-8.621739388,-3.43642664
1,17,110,-8.663808823,-3.469543219
1,17,111,-8.706155777,-3.502598286
1,17,112,-8.748778343,-3.53559351
1,17,113,-8.79167366,-3.568530321
1,17,114,-8.834840775,-3.601410866
1,17,115,-8.878276825,-3.634236336
1,17,116,-8.921978951,-3.667008162
1,17,117,-8.96594429,-3.699727535
1,17,118,-9.01017189,-3.732396603
1,17,119,-9.054657936,-3.765016079
1,18,0,-5.12872982,-0.258392334
1,18,1,-5.198032856,-0.2873975933
1,18,2,-5.265391827,-0.3163529634
1,18,3,-5.330884457,-0.345290184
1,18,4,-5.394585609,-0.3742392659
1,18,5,-5.456571579,-0.4032294452
1,18,6,-5.516915321,-0.4322877526
1,18,7,-5.575689316,-0.4614401162
1,18,8,-5.632962704,-0.4907101095
1,18,9,-5.688802719,-0.5201199055
1,18,10,-5.743274212,-0.5496891141
1,18,11,-5.796439171,-0.579435885
1,18,12,-5.848356724,-0.6093757153
1,18,13,-5.899083614,-0.6395226121
1,18,14,-5.948673248,-0.6698879004
1,18,15,-5.997177601,-0.7004812956
1,18,16,-6.044644833,-0.73131001
1,18,17,-6.091121674,-0.7623797655
1,18,18,-6.136651039,-0.7936936617
1,18,19,-6.181274414,-0.8252535462
1,18,20,-6.225030899,-0.8570587635
1,18,21,-6.267958164,-0.8891075253
1,18,22,-6.310090065,-0.9213957787
1,18,23,-6.351460934,-0.9539185166
1,18,24,-6.392100811,-0.9866686463
1,18,25,-6.432040691,-1.019638419
1,18,26,-6.471307755,-1.052818298
1,18,27,-6.50992918,-1.086198092
1,18,28,-6.547930241,-1.119766355
1,18,29,-6.585335732,-1.153511167
1,18,30,-6.622168541,-1.187419415
1,18,31,-6.65845108,-1.221477985
1,18,32,-6.694204807,-1.255672812
1,18,33,-6.729450226,-1.289990067
1,18,34,-6.764207363,-1.324415326
1,18,35,-6.79849577,-1.358934045
1,18,36,-6.832334042,-1.393532038
1,18,37,-6.865740299,-1.42819488
1,18,38,-6.898733139,-1.462908626
1,18,39,-6.931329727,-1.497659326
1,18,40,-6.96354723,-1.532433629
1,18,41,-6.995402813,-1.567218661
1,18,42,-7.026913643,-1.602001786
1,18,43,-7.058095932,-1.636770844
1,18,44,-7.088965893,-1.671514153
1,18,45,-7.119540691,-1.706221461
1,18,46,-7.149836063,-1.740882277
1,18,47,-7.179868221,-1.775486827
1,18,48,-7.209652901,-1.81002593
1,18,49,-7.239206791,-1.844491959
1,18,50,-7.268545628,-1.878876925
1,18,51,-7.297685623,-1.913173795
1,18,52,-7.326642036,-1.947376013
1,18,53,-7.35543108,-1.981478572
1,18,54,-7.384068489,-2.015476227
1,18,55,-7.41257,-2.049364328
1,18,56,-7.440950871,-2.083138943
1,18,57,-7.469226837,-2.116797447
1,18,58,-7.497413635,-2.150336981
1,18,59,-7.525526047,-2.183755398
1,18,60,-7.55357933,-2.217050552
1,18,61,-7.581588745,-2.250222206
1,18,62,-7.609568596,-2.283269167
1,18,63,-7.637534142,-2.316191435
1,18,64,-7.66549921,-2.348988771
1,18,65,-7.693478584,-2.381662369
1,18,66,-7.721486092,-2.414212704
1,18,67,-7.749535561,-2.446640968
1,18,68,-7.777639866,-2.478948593
1,18,69,-7.805813313,-2.511137724
1,18,70,-7.834068298,-2.543210268
1,18,71,-7.862417221,-2.575168371
1,18,72,-7.890872478,-2.607014179
1,18,73,-7.919445992,-2.638750792
1,18,74,-7.948149681,-2.670380831
1,18,75,-7.976994514,-2.701907158
1,18,76,-8.005990982,-2.733332396
1,18,77,-8.035150528,-2.764660358
1,18,78,-8.064482689,-2.795893908
1,18,79,-8.093997955,-2.827036381
1,18,80,-8.123703957,-2.858090401
1,18,81,-8.153611183,-2.889060259
1,18,82,-8.183728218,-2.919948816
1,18,83,-8.214061737,-2.950759172
1,18,84,-8.244620323,-2.981494665
1,18,85,-8.275411606,-3.012159109
1,18,86,-8.306442261,-3.042755365
1,18,87,-8.337718964,-3.073286533
1,18,88,-8.369247437,-3.103755951
1,18,89,-8.401033401,-3.134166479
1,18,90,-8.433082581,-3.164521694
1,18,91,-8.465399742,-3.194824457
1,18,92,-8.497989655,-3.225077391
1,18,93,-8.530856133,-3.255283356
1,18,94,-8.564002991,-3.285445452
1,18,95,-8.597434044,-3.315566063
1,18,96,-8.631152153,-3.34564805
1,18,97,-8.665160179,-3.375693321
1,18,98,-8.699460983,-3.405705214
1,18,99,-8.734056473,-3.435685635
1,18,100,-8.768948555,-3.46563673
1,18,101,-8.804138184,-3.495560646
1,18,102,-8.839627266,-3.525459766
1,18,103,-8.875416756,-3.555335999
1,18,104,-8.911507607,-3.585191011
1,18,105,-8.947899818,-3.615026712
1,18,106,-8.984593391,-3.644845247
1,18,107,-9.021589279,-3.674647808
1,18,108,-9.058886528,-3.704436302
1,18,109,-9.096484184,-3.734211922
1,18,110,-9.134383202,-3.763976336
1,18,111,-9.172581673,-3.793730974
1,18,112,-9.211078644,-3.82347703
1,18,113,-9.249872208,-3.853215456
1,18,114,-9.288962364,-3.882947922
1,18,115,-9.328347206,-3.912675381
1,18,116,-9.368024826,-3.942398787
1,18,117,-9.407993317,-3.972118855
1,18,118,-9.448251724,-4.001836777
1,18,119,-9.488797188,-4.031553745
1,19,0,-4.899268627,0.3764179945
1,19,1,-4.972427845,0.3458550274
1,19,2,-5.043018818,0.3157857656
1,19,3,-5.111164093,0.286151737
1,19,4,-5.176983833,0.2568953633
1,19,5,-5.240598679,0.2279591858
1,19,6,-5.302124977,0.1992874593
1,19,7,-5.36167717,0.170825392
1,19,8,-5.419364452,0.142520383
1,19,9,-5.475293159,0.1143211648
1,19,10,-5.529564381,0.08617901057
1,19,11,-5.582275391,0.0580467768
1,19,12,-5.633518219,0.02988001145
1,19,13,-5.683381081,0.001635981724
1,19,14,-5.731947422,-0.02672519535
1,19,15,-5.779296875,-0.05524157733
1,19,16,-5.825504303,-0.08394829929
1,19,17,-5.870640755,-0.1128785387
1,19,18,-5.914772511,-0.1420624405
1,19,19,-5.957963467,-0.1715281308
1,19,20,-6.000271797,-0.2013005763
1,19,21,-6.041753769,-0.2314026803
1,19,22,-6.08246088,-0.2618540823
1,19,23,-6.122442722,-0.2926722467
1,19,24,-6.161743641,-0.3238713741
1,19,25,-6.200406551,-0.355463475
1,19,26,-6.238470554,-0.3874572217
1,19,27,-6.275972366,-0.4198591411
1,19,28,-6.312944889,-0.4526725113
1,19,29,-6.349420071,-0.4858985543
1,19,30,-6.385426521,-0.5195353031
1,19,31,-6.420990944,-0.5535789132
1,19,32,-6.45613718,-0.5880225897
1,19,33,-6.490888596,-0.6228579283
1,19,34,-6.525265217,-0.6580739021
1,19,35,-6.559286118,-0.6936575174
1,19,36,-6.592969418,-0.7295946479
1,19,37,-6.626331329,-0.765868783
1,19,38,-6.659387112,-0.802462697
1,19,39,-6.69215107,-0.8393574357
1,19,40,-6.724636555,-0.8765333891
1,19,41,-6.756856918,-0.913970232
1,19,42,-6.788823605,-0.951646626
1,19,43,-6.820548534,-0.9895410538
1,19,44,-6.852042675,-1.027631402
1,19,45,-6.883317947,-1.065896511
1,19,46,-6.914384842,-1.104314327
1,19,47,-6.945253849,-1.142863274
1,19,48,-6.975935936,-1.181521893
1,19,49,-7.006442547,-1.220270157
1,19,50,-7.036784172,-1.259087801
1,19,51,-7.066971779,-1.297955394
1,19,52,-7.097015858,-1.336853862
1,19,53,-7.126928806,-1.375766277
1,19,54,-7.156721592,-1.414675474
1,19,55,-7.186406136,-1.453565359
1,19,56,-7.215993881,-1.492420554
1,19,57,-7.245497227,-1.531227827
1,19,58,-7.274928093,-1.569973707
1,19,59,-7.304298878,-1.608646035
1,19,60,-7.333621502,-1.647233367
1,19,61,-7.362909317,-1.685726285
1,19,62,-7.392174244,-1.724115252
1,19,63,-7.421429157,-1.762391925
1,19,64,-7.450686455,-1.800548434
1,19,65,-7.479959011,-1.838578939
1,19,66,-7.509259224,-1.876477242
1,19,67,-7.538599968,-1.914238453
1,19,68,-7.567993164,-1.951857924
1,19,69,-7.597451687,-1.989332795
1,19,70,-7.626987457,-2.026659966
1,19,71,-7.656612396,-2.063836813
1,19,72,-7.686338425,-2.100861549
1,19,73,-7.716177464,-2.137733698
1,19,74,-7.74614048,-2.174452066
1,19,75,-7.776238441,-2.211016655
1,19,76,-7.806481838,-2.247427225
1,19,77,-7.836882114,-2.283685207
1,19,78,-7.867448807,-2.319791079
1,19,79,-7.898191452,-2.355746031
1,19,80,-7.929119587,-2.391551256
1,19,81,-7.960243225,-2.427209377
1,19,82,-7.991569996,-2.462721825
1,19,83,-8.023108482,-2.498091221
1,19,84,-8.054866791,-2.533319235
1,19,85,-8.086853027,-2.568409204
1,19,86,-8.119073868,-2.603363514
1,19,87,-8.151535988,-2.638185024
1,19,88,-8.18424511,-2.672876358
1,19,89,-8.217207909,-2.707440376
1,19,90,-8.250430107,-2.741880417
1,19,91,-8.283916473,-2.776199341
1,19,92,-8.317671776,-2.810400248
1,19,93,-8.351699829,-2.84448576
1,19,94,-8.386005402,-2.878459692
1,19,95,-8.420592308,-2.912324667
1,19,96,-8.455463409,-2.946083546
1,19,97,-8.490621567,-2.979739189
1,19,98,-8.526069641,-3.013295174
1,19,99,-8.56180954,-3.046754122
1,19,100,-8.59784317,-3.080118656
1,19,101,-8.63417244,-3.113391638
1,19,102,-8.670798302,-3.146576166
1,19,103,-8.70772171,-3.179674864
1,19,104,-8.744944572,-3.212690353
1,19,105,-8.782465935,-3.245624781
1,19,106,-8.820286751,-3.278481245
1,19,107,-8.858406067,-3.311262131
1,19,108,-8.896824837,-3.343969584
1,19,109,-8.935541153,-3.376605749
1,19,110,-8.974555969,-3.409173489
1,19,111,-9.013867378,-3.441674709
1,19,112,-9.053474426,-3.474111557
1,19,113,-9.093375206,-3.506485701
1,19,114,-9.133569717,-3.538799763
1,19,115,-9.174055099,-3.571055412
1,19,116,-9.214830399,-3.603254557
1,19,117,-9.255892754,-3.635398626
1,19,118,-9.297241211,-3.667490005
1,19,119,-9.33887291,-3.699530125
