subtype,sample_id,time_index,coord1,coord2
0,0,0,10.874027252197266,11.203768730163574
0,0,1,10.935093879699709,11.20157241821289
0,0,2,10.995603561401367,11.19891357421875
0,0,3,11.055667877197266,11.195826530456545
0,0,4,11.115396499633787,11.192346572875977
0,0,5,11.174901962280272,11.18851089477539
0,0,6,11.234296798706056,11.18435764312744
0,0,7,11.293693542480469,11.179925918579102
0,0,8,11.353203773498535,11.175256729125977
0,0,9,11.412938117980955,11.170391082763672
0,0,10,11.473007202148438,11.16537094116211
0,0,11,11.533517837524414,11.160238265991213
0,0,12,11.594575881958008,11.155035972595217
0,0,13,11.65628433227539,11.14980697631836
0,0,14,11.718740463256836,11.144593238830566
0,0,15,11.782039642333984,11.139436721801758
0,0,16,11.846269607543944,11.13437843322754
0,0,17,11.911514282226562,11.129459381103516
0,0,18,11.977849006652832,11.124719619750977
0,0,19,12.04534149169922,11.120196342468262
0,0,20,12.114051818847656,11.115925788879396
0,0,21,12.184030532836914,11.11194133758545
0,0,22,12.255318641662598,11.108275413513184
0,0,23,12.3279447555542,11.104957580566406
0,0,24,12.401927947998049,11.102012634277344
0,0,25,12.477275848388672,11.099464416503906
0,0,26,12.553983688354492,11.097332000732422
0,0,27,12.632034301757812,11.095630645751951
0,0,28,12.711400032043455,11.094372749328612
0,0,29,12.792041778564451,11.093564987182615
0,0,30,12.873908996582031,11.093212127685549
0,0,31,12.95694351196289,11.093313217163086
0,0,32,13.041075706481934,11.093865394592283
0,0,33,13.12623119354248,11.094860076904297
0,0,34,13.212325096130373,11.09628677368164
0,0,35,13.299271583557127,11.098130226135254
0,0,36,13.38697910308838,11.100374221801758
0,0,37,13.475354194641112,11.102999687194824
0,0,38,13.564303398132324,11.105984687805176
0,0,39,13.653733253479004,11.109307289123535
0,0,40,13.74355125427246,11.112942695617676
0,0,41,13.83366870880127,11.116866111755373
0,0,42,13.92400074005127,11.121053695678713
0,0,43,14.014466285705566,11.125479698181152
0,0,44,14.10499095916748,11.130121231079102
0,0,45,14.195505142211914,11.134953498840332
0,0,46,14.285945892333984,11.139954566955566
0,0,47,14.37625789642334,11.145103454589844
0,0,48,14.466391563415527,11.15038013458252
0,0,49,14.556303024291992,11.155765533447266
0,0,50,14.645956993103027,11.161242485046388
0,0,51,14.73532485961914,11.16679573059082
0,0,52,14.824381828308104,11.172411918640137
0,0,53,14.913111686706545,11.178077697753906
0,0,54,15.001502990722656,11.183781623840332
0,0,55,15.08954906463623,11.18951416015625
0,0,56,15.177249908447266,11.195266723632812
0,0,57,15.264608383178713,11.201030731201172
0,0,58,15.351633071899414,11.20680046081543
0,0,59,15.438335418701172,11.212569236755373
0,0,60,15.524730682373049,11.21833324432373
0,0,61,15.61083984375,11.22408676147461
0,0,62,15.696682929992676,11.22982692718506
0,0,63,15.782285690307615,11.235548973083496
0,0,64,15.867673873901367,11.241250991821287
0,0,65,15.95287799835205,11.246929168701172
0,0,66,16.037927627563477,11.252581596374512
0,0,67,16.12285614013672,11.258204460144045
0,0,68,16.207698822021484,11.263795852661133
0,0,69,16.292490005493164,11.269352912902832
0,0,70,16.37726593017578,11.274871826171877
0,0,71,16.46206283569336,11.280350685119627
0,0,72,16.546920776367188,11.285786628723145
0,0,73,16.631879806518555,11.291175842285156
0,0,74,16.716978073120117,11.296515464782717
0,0,75,16.802255630493164,11.301800727844238
0,0,76,16.887752532958984,11.307028770446776
0,0,77,16.9735107421875,11.31219482421875
0,0,78,17.0595703125,11.31729507446289
0,0,79,17.145971298217773,11.322325706481934
0,0,80,17.232755661010742,11.32728099822998
0,0,81,17.319963455200195,11.33215618133545
0,0,82,17.407634735107422,11.336947441101074
0,0,83,17.495811462402344,11.34164810180664
0,0,84,17.584531784057617,11.346254348754885
0,0,85,17.673837661743164,11.350760459899902
0,0,86,17.763765335083008,11.355161666870115
0,0,87,17.854354858398438,11.359452247619627
0,0,88,17.945642471313477,11.363627433776855
0,0,89,18.03766632080078,11.367681503295898
0,0,90,18.130460739135746,11.371610641479492
0,0,91,18.224063873291016,11.375409126281738
0,0,92,18.318504333496094,11.379073143005373
0,0,93,18.413818359375,11.382597923278809
0,0,94,18.510034561157227,11.385980606079102
0,0,95,18.6071834564209,11.389216423034668
0,0,96,18.70528984069824,11.39230251312256
0,0,97,18.804384231567383,11.395236015319824
0,0,98,18.90448570251465,11.398014068603516
0,0,99,19.005619049072266,11.400635719299316
0,0,100,19.107799530029297,11.403099060058594
0,0,101,19.211048126220703,11.405403137207031
0,0,102,19.31537628173828,11.407547950744627
0,0,103,19.420799255371094,11.409533500671388
0,0,104,19.52732276916504,11.411361694335938
0,0,105,19.63495445251465,11.41303253173828
0,0,106,19.743696212768555,11.414548873901367
0,0,107,19.85354995727539,11.415913581848145
0,0,108,19.964508056640625,11.41713047027588
0,0,109,20.076568603515625,11.41820240020752
0,0,110,20.18971824645996,11.419134140014648
0,0,111,20.30394554138184,11.419930458068848
0,0,112,20.41923141479492,11.420597076416016
0,0,113,20.535558700561523,11.421140670776367
0,0,114,20.65289878845215,11.421566009521484
0,0,115,20.771228790283203,11.421880722045898
0,0,116,20.89051628112793,11.422090530395508
0,0,117,21.010730743408203,11.42220401763916
0,0,118,21.1318302154541,11.422226905822754
0,0,119,21.253780364990234,11.42216682434082
0,1,0,10.950139999389648,11.274115562438965
0,1,1,11.010486602783203,11.271357536315918
0,1,2,11.070302963256836,11.268122673034668
0,1,3,11.129697799682615,11.264446258544922
0,1,4,11.188782691955566,11.260363578796388
0,1,5,11.247668266296388,11.255911827087402
0,1,6,11.306467056274414,11.25113010406494
0,1,7,11.365290641784668,11.246057510375977
0,1,8,11.424251556396484,11.24073600769043
0,1,9,11.483460426330566,11.235206604003906
0,1,10,11.5430269241333,11.229511260986328
0,1,11,11.60305881500244,11.223691940307615
0,1,12,11.66366195678711,11.217792510986328
0,1,13,11.724939346313477,11.2118558883667
0,1,14,11.786989212036133,11.205924987792969
0,1,15,11.84990692138672,11.200042724609377
0,1,16,11.91378116607666,11.194250106811523
0,1,17,11.9786958694458,11.188589096069336
0,1,18,12.044726371765137,11.183099746704102
0,1,19,12.11194133758545,11.177820205688477
0,1,20,12.180401802062988,11.1727876663208
0,1,21,12.250157356262209,11.168036460876465
0,1,22,12.321248054504396,11.163599967956545
0,1,23,12.393704414367676,11.159506797790527
0,1,24,12.467544555664062,11.155784606933594
0,1,25,12.542774200439451,11.152456283569336
0,1,26,12.619388580322266,11.149541854858398
0,1,27,12.697370529174805,11.147058486938477
0,1,28,12.776689529418944,11.145017623901367
0,1,29,12.857305526733398,11.143427848815918
0,1,30,12.939167022705078,11.142293930053713
0,1,31,13.022212982177734,11.141615867614746
0,1,32,13.106372833251951,11.141389846801758
0,1,33,13.191568374633787,11.141608238220217
0,1,34,13.277714729309082,11.142260551452637
0,1,35,13.364723205566406,11.143333435058594
0,1,36,13.452500343322754,11.144808769226074
0,1,37,13.540950775146484,11.146668434143066
0,1,38,13.629979133605955,11.148890495300291
0,1,39,13.719491004943848,11.151453018188477
0,1,40,13.809392929077148,11.15433120727539
0,1,41,13.8995943069458,11.157501220703123
0,1,42,13.990010261535645,11.160938262939451
0,1,43,14.080559730529783,11.164618492126465
0,1,44,14.171167373657228,11.168517112731934
0,1,45,14.261764526367188,11.172611236572266
0,1,46,14.352288246154783,11.176878929138184
0,1,47,14.442683219909668,11.181299209594728
0,1,48,14.532899856567385,11.18585205078125
0,1,49,14.622897148132324,11.19052028656006
0,1,50,14.712639808654783,11.19528579711914
0,1,51,14.80210018157959,11.20013427734375
0,1,52,14.891255378723145,11.205052375793455
0,1,53,14.980090141296388,11.210027694702148
0,1,54,15.068594932556152,11.215049743652344
0,1,55,15.15676498413086,11.22010898590088
0,1,56,15.244601249694824,11.225196838378906
0,1,57,15.332108497619627,11.230306625366213
0,1,58,15.419297218322754,11.235431671142578
0,1,59,15.506180763244627,11.240567207336426
0,1,60,15.59277629852295,11.245707511901855
0,1,61,15.679104804992676,11.250848770141602
0,1,62,15.76519012451172,11.255988121032717
0,1,63,15.85105800628662,11.26112174987793
0,1,64,15.936738014221191,11.266246795654297
0,1,65,16.022258758544922,11.271360397338867
0,1,66,16.107654571533203,11.276460647583008
0,1,67,16.192960739135742,11.281543731689451
0,1,68,16.27821159362793,11.286608695983888
0,1,69,16.36344337463379,11.291651725769045
0,1,70,16.448694229125977,11.296670913696287
0,1,71,16.53400421142578,11.301663398742676
0,1,72,16.619413375854492,11.306626319885254
0,1,73,16.704959869384766,11.311556816101074
0,1,74,16.790687561035156,11.316451072692873
0,1,75,16.876636505126953,11.32130527496338
0,1,76,16.962846755981445,11.326116561889648
0,1,77,17.049362182617188,11.330880165100098
0,1,78,17.1362247467041,11.33559226989746
0,1,79,17.223474502563477,11.340249061584473
0,1,80,17.311155319213867,11.34484577178955
0,1,81,17.399309158325195,11.349377632141112
0,1,82,17.48797607421875,11.353839874267578
0,1,83,17.577198028564453,11.35822868347168
0,1,84,17.667016983032227,11.36253833770752
0,1,85,17.757471084594727,11.366764068603516
0,1,86,17.848600387573242,11.370901107788086
0,1,87,17.940444946289062,11.374944686889648
0,1,88,18.033042907714844,11.37889003753662
0,1,89,18.12643051147461,11.382732391357422
0,1,90,18.22064208984375,11.386467933654783
0,1,91,18.31571578979492,11.390091896057127
0,1,92,18.41168212890625,11.393600463867188
0,1,93,18.50857734680176,11.396989822387695
0,1,94,18.606428146362305,11.400257110595703
0,1,95,18.705265045166016,11.403398513793944
0,1,96,18.80511283874512,11.406412124633787
0,1,97,18.9060001373291,11.409296035766602
0,1,98,19.007946014404297,11.412047386169434
0,1,99,19.110973358154297,11.414666175842283
0,1,100,19.215097427368164,11.41715145111084
0,1,101,19.320337295532227,11.419503211975098
0,1,102,19.42670249938965,11.42172145843506
0,1,103,19.53420639038086,11.42380714416504
0,1,104,19.642852783203125,11.425762176513672
0,1,105,19.752647399902344,11.427589416503906
0,1,106,19.86359024047852,11.429290771484377
0,1,107,19.975679397583008,11.430870056152344
0,1,108,20.08890724182129,11.432331085205078
0,1,109,20.20326805114746,11.43367862701416
0,1,110,20.318744659423828,11.434917449951172
0,1,111,20.43532371520996,11.436052322387695
0,1,112,20.552982330322266,11.437089920043944
0,1,113,20.67170143127441,11.43803596496582
0,1,114,20.79145050048828,11.438897132873535
0,1,115,20.91220474243164,11.439680099487305
0,1,116,21.03392601013184,11.440391540527344
0,1,117,21.15657997131348,11.441038131713867
0,1,118,21.280126571655277,11.441627502441406
0,1,119,21.404525756835938,11.442166328430176
0,2,0,10.912717819213867,11.093470573425291
0,2,1,10.973990440368652,11.09125518798828
0,2,2,11.03483772277832,11.088617324829102
0,2,3,11.095372200012209,11.085593223571776
0,2,4,11.155706405639648,11.082220077514648
0,2,5,11.215951919555664,11.078536987304688
0,2,6,11.27622127532959,11.074584007263184
0,2,7,11.336625099182127,11.070401191711426
0,2,8,11.397274017333984,11.066030502319336
0,2,9,11.458276748657228,11.061514854431152
0,2,10,11.519739151000977,11.056896209716797
0,2,11,11.581764221191406,11.052217483520508
0,2,12,11.644451141357422,11.047521591186523
0,2,13,11.70789623260498,11.042851448059082
0,2,14,11.772189140319824,11.038248062133787
0,2,15,11.837413787841797,11.033753395080566
0,2,16,11.90364933013916,11.029407501220703
0,2,17,11.970965385437012,11.025249481201172
0,2,18,12.039423942565918,11.021316528320312
0,2,19,12.109079360961914,11.017643928527832
0,2,20,12.179974555969238,11.014264106750488
0,2,21,12.25214385986328,11.011207580566406
0,2,22,12.32560920715332,11.008501052856444
0,2,23,12.400382041931152,11.006169319152832
0,2,24,12.476462364196776,11.004233360290527
0,2,25,12.553838729858398,11.002710342407228
0,2,26,12.632489204406738,11.001612663269045
0,2,27,12.712379455566406,11.00094985961914
0,2,28,12.793464660644531,11.000726699829102
0,2,29,12.875691413879396,11.00094509124756
0,2,30,12.958996772766112,11.001602172851562
0,2,31,13.043310165405272,11.002692222595217
0,2,32,13.128554344177246,11.004204750061035
0,2,33,13.214648246765137,11.006126403808594
0,2,34,13.301504135131836,11.008441925048828
0,2,35,13.389034271240234,11.011133193969728
0,2,36,13.477148056030272,11.014179229736328
0,2,37,13.565755844116213,11.017558097839355
0,2,38,13.65476894378662,11.021246910095217
0,2,39,13.744101524353027,11.025221824645996
0,2,40,13.83367156982422,11.029458999633787
0,2,41,13.923399925231934,11.033933639526367
0,2,42,14.013213157653809,11.038622856140137
0,2,43,14.10304355621338,11.043502807617188
0,2,44,14.192829132080078,11.048551559448242
0,2,45,14.282514572143556,11.05374813079834
0,2,46,14.372050285339355,11.059073448181152
0,2,47,14.461393356323242,11.064508438110352
0,2,48,14.550507545471191,11.070035934448242
0,2,49,14.639362335205078,11.075640678405762
0,2,50,14.727934837341309,11.08130931854248
0,2,51,14.816205978393556,11.087028503417969
0,2,52,14.90416431427002,11.09278678894043
0,2,53,14.991802215576172,11.0985746383667
0,2,54,15.07911777496338,11.10438346862793
0,2,55,15.16611385345459,11.11020565032959
0,2,56,15.25279712677002,11.116034507751465
0,2,57,15.339178085327148,11.121864318847656
0,2,58,15.42527198791504,11.127690315246582
0,2,59,15.511096000671388,11.13350772857666
0,2,60,15.596670150756836,11.139312744140623
0,2,61,15.682019233703612,11.145102500915527
0,2,62,15.767168998718262,11.150873184204102
0,2,63,15.852147102355955,11.156622886657717
0,2,64,15.936984062194824,11.162347793579102
0,2,65,16.021711349487305,11.168045997619627
0,2,66,16.106361389160156,11.173714637756348
0,2,67,16.19097137451172,11.179351806640623
0,2,68,16.27557373046875,11.184954643249512
0,2,69,16.360206604003906,11.19052028656006
0,2,70,16.444908142089844,11.196046829223633
0,2,71,16.52971649169922,11.201530456542969
0,2,72,16.614669799804688,11.206968307495115
0,2,73,16.69980812072754,11.212356567382812
0,2,74,16.785171508789062,11.217691421508787
0,2,75,16.870800018310547,11.222970008850098
0,2,76,16.95673370361328,11.228187561035156
0,2,77,17.043012619018555,11.233341217041016
0,2,78,17.12967872619629,11.238425254821776
0,2,79,17.216772079467773,11.243435859680176
0,2,80,17.304330825805664,11.248369216918944
0,2,81,17.392396926879883,11.253219604492188
0,2,82,17.48101043701172,11.25798225402832
0,2,83,17.570209503173828,11.262652397155762
0,2,84,17.660032272338867,11.26722526550293
0,2,85,17.750516891479492,11.271696090698242
0,2,86,17.84170150756836,11.276060104370115
0,2,87,17.933624267578125,11.280312538146973
0,2,88,18.026317596435547,11.284448623657228
0,2,89,18.11981773376465,11.288464546203612
0,2,90,18.21415901184082,11.29235553741455
0,2,91,18.30937385559082,11.296117782592772
0,2,92,18.40549087524414,11.299747467041016
0,2,93,18.502540588378903,11.303241729736328
0,2,94,18.600549697875977,11.306596755981444
0,2,95,18.69954490661621,11.309810638427734
0,2,96,18.799549102783203,11.312881469726562
0,2,97,18.900585174560547,11.31580638885498
0,2,98,19.002670288085938,11.318585395812988
0,2,99,19.105825424194336,11.321216583251951
0,2,100,19.210060119628903,11.323700904846191
0,2,101,19.315391540527344,11.326038360595703
0,2,102,19.421823501586918,11.328229904174805
0,2,103,19.52936744689941,11.330277442932127
0,2,104,19.63802146911621,11.332181930541992
0,2,105,19.74778938293457,11.33394718170166
0,2,106,19.858665466308597,11.335576057434082
0,2,107,19.970645904541016,11.33707332611084
0,2,108,20.083717346191406,11.338441848754885
0,2,109,20.1978702545166,11.33968734741211
0,2,110,20.313085556030277,11.340815544128418
0,2,111,20.429346084594727,11.34183120727539
0,2,112,20.54662704467773,11.342741012573242
0,2,113,20.66490173339844,11.343550682067873
0,2,114,20.78413963317871,11.344266891479492
0,2,115,20.90431022644043,11.344897270202637
0,2,116,21.025373458862305,11.34544849395752
0,2,117,21.147294998168945,11.345927238464355
0,2,118,21.270029067993164,11.34634017944336
0,2,119,21.39353370666504,11.346693992614746
0,3,0,10.939131736755373,11.320791244506836
0,3,1,10.999388694763184,11.318042755126951
0,3,2,11.059064865112305,11.314802169799805
0,3,3,11.11826992034912,11.311102867126465
0,3,4,11.177112579345703,11.30698013305664
0,3,5,11.23570442199707,11.302471160888672
0,3,6,11.294156074523926,11.297614097595217
0,3,7,11.352581024169922,11.292447090148926
0,3,8,11.411089897155762,11.28701114654541
0,3,9,11.46979522705078,11.281347274780272
0,3,10,11.528806686401367,11.275497436523438
0,3,11,11.588233947753906,11.269503593444824
0,3,12,11.648184776306152,11.263408660888672
0,3,13,11.70876407623291,11.25725555419922
0,3,14,11.77007293701172,11.251087188720703
0,3,15,11.832208633422852,11.244945526123049
0,3,16,11.895264625549316,11.238873481750488
0,3,17,11.959328651428224,11.23291301727295
0,3,18,12.024480819702148,11.22710418701172
0,3,19,12.09079647064209,11.22148609161377
0,3,20,12.158340454101562,11.216096878051758
0,3,21,12.22716999053955,11.210972785949709
0,3,22,12.29733180999756,11.206147193908691
0,3,23,12.368863105773926,11.201652526855469
0,3,24,12.441789627075195,11.197516441345217
0,3,25,12.516125679016112,11.193764686584473
0,3,26,12.591873168945312,11.190420150756836
0,3,27,12.669022560119627,11.187500953674316
0,3,28,12.747550964355469,11.185022354125977
0,3,29,12.827425003051758,11.182994842529297
0,3,30,12.908598899841309,11.181425094604492
0,3,31,12.99101734161377,11.180316925048828
0,3,32,13.074614524841309,11.179668426513672
0,3,33,13.159316062927246,11.179475784301758
0,3,34,13.245039939880373,11.179729461669922
0,3,35,13.331698417663574,11.18041706085205
0,3,36,13.41919994354248,11.181524276733398
0,3,37,13.507448196411133,11.183032989501951
0,3,38,13.596346855163574,11.184924125671388
0,3,39,13.685798645019531,11.187174797058104
0,3,40,13.775707244873049,11.189762115478516
0,3,41,13.865978240966797,11.19266128540039
0,3,42,13.956522941589355,11.195847511291504
0,3,43,14.04725456237793,11.199296951293944
0,3,44,14.13809299468994,11.202983856201172
0,3,45,14.228963851928713,11.20688533782959
0,3,46,14.319799423217772,11.210977554321287
0,3,47,14.410537719726562,11.215238571166992
0,3,48,14.50112533569336,11.219648361206056
0,3,49,14.591514587402344,11.224186897277832
0,3,50,14.681665420532228,11.228836059570312
0,3,51,14.771544456481934,11.233580589294434
0,3,52,14.861124992370604,11.238405227661133
0,3,53,14.950387001037598,11.243295669555664
0,3,54,15.039316177368164,11.248241424560549
0,3,55,15.127904891967772,11.253231048583984
0,3,56,15.21614933013916,11.258255958557127
0,3,57,15.304052352905272,11.26330852508545
0,3,58,15.391620635986328,11.268381118774414
0,3,59,15.47886562347412,11.273468017578123
0,3,60,15.565801620483398,11.278563499450684
0,3,61,15.652448654174805,11.283662796020508
0,3,62,15.738826751708984,11.288762092590332
0,3,63,15.82496166229248,11.293858528137209
0,3,64,15.910880088806152,11.298948287963867
0,3,65,15.996612548828123,11.304028511047363
0,3,66,16.082189559936523,11.309096336364746
0,3,67,16.167644500732422,11.314149856567385
0,3,68,16.253013610839844,11.319185256958008
0,3,69,16.33833122253418,11.324201583862305
0,3,70,16.42363739013672,11.329195022583008
0,3,71,16.508968353271484,11.334162712097168
0,3,72,16.594364166259766,11.339102745056152
0,3,73,16.67986488342285,11.344011306762695
0,3,74,16.765512466430664,11.348884582519531
0,3,75,16.851346969604492,11.353719711303713
0,3,76,16.937410354614258,11.358513832092283
0,3,77,17.023746490478516,11.363262176513672
0,3,78,17.110395431518555,11.367959976196287
0,3,79,17.197399139404297,11.372604370117188
0,3,80,17.284799575805664,11.377189636230469
0,3,81,17.37264060974121,11.381711959838867
0,3,82,17.460962295532227,11.3861665725708
0,3,83,17.549808502197266,11.390548706054688
0,3,84,17.639219284057617,11.394853591918944
0,3,85,17.72923469543457,11.399075508117676
0,3,86,17.819894790649414,11.403209686279297
0,3,87,17.91124153137207,11.407251358032228
0,3,88,18.003311157226562,11.411195755004885
0,3,89,18.096141815185547,11.415038108825684
0,3,90,18.18977165222168,11.418773651123049
0,3,91,18.284236907958984,11.42239761352539
0,3,92,18.37957000732422,11.42590618133545
0,3,93,18.475807189941406,11.42929458618164
0,3,94,18.57297706604004,11.432559967041016
0,3,95,18.671113967895508,11.435698509216309
0,3,96,18.770240783691406,11.43870735168457
0,3,97,18.87038803100586,11.441584587097168
0,3,98,18.97157859802246,11.444327354431152
0,3,99,19.07383728027344,11.44693374633789
0,3,100,19.17717933654785,11.449402809143066
0,3,101,19.281625747680664,11.45173454284668
0,3,102,19.387189865112305,11.453927993774414
0,3,103,19.493885040283203,11.455985069274902
0,3,104,19.60171890258789,11.457905769348145
0,3,105,19.7106990814209,11.459692001342772
0,3,106,19.82082748413086,11.461346626281738
0,3,107,19.932104110717773,11.462872505187988
0,3,108,20.04452514648437,11.464273452758787
0,3,109,20.1580867767334,11.465553283691406
0,3,110,20.27277374267578,11.466715812683104
0,3,111,20.38857650756836,11.467766761779783
0,3,112,20.505475997924805,11.468711853027344
0,3,113,20.62345314025879,11.46955680847168
0,3,114,20.742481231689453,11.470308303833008
0,3,115,20.86253547668457,11.470972061157228
0,3,116,20.98358154296875,11.471555709838867
0,3,117,21.105588912963867,11.47206687927246
0,3,118,21.228517532348636,11.472511291503906
0,3,119,21.35232925415039,11.472896575927734
0,4,0,10.764216423034668,11.361699104309082
0,4,1,10.82569408416748,11.359994888305664
0,4,2,10.88636875152588,11.357770919799805
0,4,3,10.946345329284668,11.355057716369627
0,4,4,11.005730628967283,11.351887702941896
0,4,5,11.064634323120115,11.348294258117676
0,4,6,11.12316608428955,11.344313621520996
0,4,7,11.181436538696287,11.33998203277588
0,4,8,11.239558219909668,11.335336685180664
0,4,9,11.297642707824709,11.330416679382324
0,4,10,11.355801582336426,11.325262069702148
0,4,11,11.41414737701416,11.319912910461426
0,4,12,11.472790718078612,11.314410209655762
0,4,13,11.531840324401855,11.308795928955078
0,4,14,11.59140396118164,11.30311107635498
0,4,15,11.65158748626709,11.29739761352539
0,4,16,11.71249294281006,11.29169750213623
0,4,17,11.774218559265137,11.286051750183104
0,4,18,11.836858749389648,11.28050136566162
0,4,19,11.90050220489502,11.275086402893066
0,4,20,11.965232849121094,11.269845962524414
0,4,21,12.031126022338867,11.26481819152832
0,4,22,12.09825038909912,11.260040283203123
0,4,23,12.166666030883787,11.255545616149902
0,4,24,12.236424446105955,11.251368522644045
0,4,25,12.307565689086914,11.247538566589355
0,4,26,12.380120277404783,11.244083404541016
0,4,27,12.454107284545898,11.241028785705566
0,4,28,12.529532432556152,11.238395690917969
0,4,29,12.60639190673828,11.23620319366455
0,4,30,12.68466854095459,11.234466552734377
0,4,31,12.764333724975586,11.233196258544922
0,4,32,12.845346450805664,11.232399940490724
0,4,33,12.927655220031738,11.232080459594728
0,4,34,13.011197090148926,11.232237815856934
0,4,35,13.095902442932127,11.232868194580078
0,4,36,13.18169116973877,11.233963966369627
0,4,37,13.268476486206056,11.235512733459473
0,4,38,13.356167793273926,11.23750114440918
0,4,39,13.44466781616211,11.239912033081056
0,4,40,13.533879280090332,11.242725372314451
0,4,41,13.623702049255373,11.245919227600098
0,4,42,13.71403694152832,11.249470710754396
0,4,43,13.804786682128906,11.253355026245115
0,4,44,13.895855903625488,11.25754737854004
0,4,45,13.987153053283691,11.2620210647583
0,4,46,14.07859230041504,11.266751289367676
0,4,47,14.170092582702637,11.271711349487305
0,4,48,14.261578559875488,11.276877403259276
0,4,49,14.352982521057127,11.282225608825684
0,4,50,14.444241523742676,11.287734031677246
0,4,51,14.53530216217041,11.293379783630373
0,4,52,14.626116752624512,11.29914379119873
0,4,53,14.716644287109377,11.305007934570312
0,4,54,14.806851387023926,11.310954093933104
0,4,55,14.896710395812988,11.316967964172363
0,4,56,14.986201286315918,11.323034286499023
0,4,57,15.075308799743652,11.329141616821287
0,4,58,15.164024353027344,11.335278511047363
0,4,59,15.252344131469728,11.341434478759766
0,4,60,15.3402681350708,11.347601890563965
0,4,61,15.427803993225098,11.353772163391112
0,4,62,15.51496124267578,11.359938621520996
0,4,63,15.60175323486328,11.366095542907717
0,4,64,15.68819808959961,11.372237205505373
0,4,65,15.77431583404541,11.378358840942385
0,4,66,15.860129356384276,11.384456634521484
0,4,67,15.94566535949707,11.39052677154541
0,4,68,16.03095054626465,11.396565437316896
0,4,69,16.116016387939453,11.402568817138672
0,4,70,16.20089340209961,11.408534049987791
0,4,71,16.285615921020508,11.414458274841309
0,4,72,16.37021827697754,11.420337677001951
0,4,73,16.454734802246094,11.42616844177246
0,4,74,16.539203643798828,11.431947708129885
0,4,75,16.6236629486084,11.437671661376951
0,4,76,16.708148956298828,11.443336486816406
0,4,77,16.792701721191406,11.448938369750977
0,4,78,16.877361297607422,11.454473495483398
0,4,79,16.962167739868164,11.45993709564209
0,4,80,17.04715919494629,11.465324401855469
0,4,81,17.13237762451172,11.470629692077637
0,4,82,17.217863082885742,11.475849151611328
0,4,83,17.30365562438965,11.480977058410645
0,4,84,17.389795303344727,11.486007690429688
0,4,85,17.4763240814209,11.49093532562256
0,4,86,17.56328010559082,11.49575424194336
0,4,87,17.65070343017578,11.500457763671877
0,4,88,17.73863410949707,11.505041122436523
0,4,89,17.827110290527344,11.509496688842772
0,4,90,17.916170120239258,11.513819694519045
0,4,91,18.0058536529541,11.5180025100708
0,4,92,18.096195220947266,11.522040367126465
0,4,93,18.18723487854004,11.52592658996582
0,4,94,18.279003143310547,11.529654502868652
0,4,95,18.371538162231445,11.53321933746338
0,4,96,18.46487236022949,11.536615371704102
0,4,97,18.559038162231445,11.539836883544922
0,4,98,18.6540641784668,11.542879104614258
0,4,99,18.749980926513672,11.545737266540527
0,4,100,18.84681510925293,11.548406600952148
0,4,101,18.94459342956543,11.550883293151855
0,4,102,19.04333877563477,11.5531644821167
0,4,103,19.14307403564453,11.55524730682373
0,4,104,19.243816375732425,11.55712890625
0,4,105,19.3455867767334,11.558808326721191
0,4,106,19.448396682739254,11.560283660888672
0,4,107,19.55226325988769,11.561553955078123
0,4,108,19.657190322875977,11.562620162963867
0,4,109,19.7631893157959,11.563482284545898
0,4,110,19.87026023864746,11.564142227172852
0,4,111,19.97840690612793,11.56460189819336
0,4,112,20.087623596191406,11.564864158630373
0,4,113,20.197908401489254,11.564932823181152
0,4,114,20.309249877929688,11.564810752868652
0,4,115,20.42163848876953,11.56450366973877
0,4,116,20.53505516052246,11.564016342163086
0,4,117,20.64948272705078,11.5633544921875
0,4,118,20.764896392822266,11.562524795532228
0,4,119,20.88127326965332,11.56153392791748
0,5,0,10.78068733215332,11.382288932800291
0,5,1,10.841989517211914,11.380470275878906
0,5,2,10.90248966217041,11.378128051757812
0,5,3,10.96229362487793,11.37529182434082
0,5,4,11.021507263183594,11.371994018554688
0,5,5,11.080240249633787,11.368268966674805
0,5,6,11.138601303100586,11.364151000976562
0,5,7,11.196702003479004,11.3596773147583
0,5,8,11.254652976989746,11.354886054992676
0,5,9,11.312566757202148,11.34981632232666
0,5,10,11.370555877685549,11.344507217407228
0,5,11,11.42873191833496,11.338998794555664
0,5,12,11.487204551696776,11.333332061767578
0,5,13,11.5460844039917,11.32754898071289
0,5,14,11.60547924041748,11.321691513061523
0,5,15,11.665493965148926,11.315801620483398
0,5,16,11.726231575012209,11.30992031097412
0,5,17,11.787790298461914,11.304089546203612
0,5,18,11.850265502929688,11.29835033416748
0,5,19,11.913745880126951,11.292742729187012
0,5,20,11.978315353393556,11.28730583190918
0,5,21,12.04405117034912,11.282078742980955
0,5,22,12.111021995544434,11.277097702026367
0,5,23,12.179288864135742,11.272397994995115
0,5,24,12.248903274536133,11.268012046813965
0,5,25,12.319907188415527,11.263971328735352
0,5,26,12.392330169677734,11.260303497314451
0,5,27,12.466192245483398,11.257034301757812
0,5,28,12.541501998901367,11.254185676574709
0,5,29,12.618253707885742,11.251776695251465
0,5,30,12.696431159973145,11.249822616577148
0,5,31,12.776006698608398,11.248334884643556
0,5,32,12.856939315795898,11.247321128845217
0,5,33,12.939178466796877,11.246785163879396
0,5,34,13.022661209106444,11.246726989746094
0,5,35,13.10731601715088,11.247142791748049
0,5,36,13.19306468963623,11.248024940490724
0,5,37,13.279820442199709,11.249361991882324
0,5,38,13.367490768432615,11.251140594482422
0,5,39,13.45598030090332,11.25334358215332
0,5,40,13.54518985748291,11.255951881408691
0,5,41,13.635019302368164,11.25894260406494
0,5,42,13.72536849975586,11.262293815612791
0,5,43,13.816139221191406,11.26598072052002
0,5,44,13.907236099243164,11.269977569580078
0,5,45,13.99856662750244,11.274258613586426
0,5,46,14.090044021606444,11.278799057006836
0,5,47,14.18158721923828,11.28357219696045
0,5,48,14.273120880126951,11.288554191589355
0,5,49,14.364575386047363,11.293721199035645
0,5,50,14.455889701843262,11.299050331115724
0,5,51,14.54700756072998,11.304519653320312
0,5,52,14.637882232666016,11.310110092163086
0,5,53,14.728471755981444,11.315802574157717
0,5,54,14.818742752075195,11.321579933166504
0,5,55,14.90866756439209,11.32742691040039
0,5,56,14.998226165771484,11.333330154418944
0,5,57,15.087403297424316,11.339276313781738
0,5,58,15.176189422607422,11.345253944396973
0,5,59,15.264581680297852,11.351253509521484
0,5,60,15.352580070495604,11.357266426086426
0,5,61,15.440192222595217,11.363285064697266
0,5,62,15.527427673339844,11.369302749633787
0,5,63,15.614300727844238,11.37531280517578
0,5,64,15.700828552246094,11.38131046295166
0,5,65,15.787032127380373,11.387290954589844
0,5,66,15.872934341430664,11.393250465393066
0,5,67,15.958561897277832,11.399184226989746
0,5,68,16.043941497802734,11.405089378356934
0,5,69,16.129104614257812,11.410962104797363
0,5,70,16.21408462524414,11.416799545288086
0,5,71,16.298913955688477,11.422598838806152
0,5,72,16.38362693786621,11.428356170654297
0,5,73,16.468259811401367,11.434067726135254
0,5,74,16.55284881591797,11.439730644226074
0,5,75,16.637434005737305,11.445341110229492
0,5,76,16.7220516204834,11.45089626312256
0,5,77,16.806743621826172,11.456391334533691
0,5,78,16.89154815673828,11.461821556091309
0,5,79,16.976505279541016,11.467183113098145
0,5,80,17.061655044555664,11.472472190856934
0,5,81,17.147037506103516,11.477683067321776
0,5,82,17.232694625854492,11.482810020446776
0,5,83,17.318666458129883,11.487849235534668
0,5,84,17.40499496459961,11.492794036865234
0,5,85,17.49172019958496,11.497639656066896
0,5,86,17.578882217407227,11.502379417419434
0,5,87,17.666521072387695,11.507007598876951
0,5,88,17.754674911499023,11.511518478393556
0,5,89,17.8433837890625,11.515905380249023
0,5,90,17.932687759399414,11.52016258239746
0,5,91,18.022624969482425,11.524284362792969
0,5,92,18.113229751586918,11.528264045715332
0,5,93,18.20454216003418,11.532095909118652
0,5,94,18.296594619750977,11.535774230957031
0,5,95,18.38942527770996,11.53929328918457
0,5,96,18.483062744140625,11.542647361755373
0,5,97,18.577543258666992,11.545830726623535
0,5,98,18.672895431518555,11.548839569091797
0,5,99,18.76914978027344,11.551668167114258
0,5,100,18.8663330078125,11.554313659667969
0,5,101,18.9644718170166,11.556771278381348
0,5,102,19.063587188720703,11.559038162231444
0,5,103,19.16370391845703,11.561111450195312
0,5,104,19.26483917236328,11.562989234924316
0,5,105,19.36701393127441,11.564669609069824
0,5,106,19.470237731933597,11.56615161895752
0,5,107,19.57452774047852,11.567434310913086
0,5,108,19.67988967895508,11.56851863861084
0,5,109,19.78633117675781,11.56940460205078
0,5,110,19.893856048583984,11.57009506225586
0,5,111,20.002466201782227,11.57059097290039
0,5,112,20.112154006958008,11.57089614868164
0,5,113,20.222919464111328,11.571014404296877
0,5,114,20.33474922180176,11.570948600769045
0,5,115,20.447633743286133,11.570704460144045
0,5,116,20.56155204772949,11.570287704467772
0,5,117,20.676488876342773,11.569703102111816
0,5,118,20.79241943359375,11.568958282470703
0,5,119,20.909318923950195,11.568058967590332
0,6,0,10.629711151123049,11.304344177246094
0,6,1,10.692485809326172,11.303489685058594
0,6,2,10.754355430603027,11.30212116241455
0,6,3,10.815425872802734,11.30026912689209
0,6,4,10.875802993774414,11.29796314239502
0,6,5,10.935596466064451,11.295236587524414
0,6,6,10.994915962219238,11.292123794555664
0,6,7,11.053872108459473,11.288660049438477
0,6,8,11.112577438354492,11.284882545471191
0,6,9,11.171143531799316,11.280828475952148
0,6,10,11.229683876037598,11.27653694152832
0,6,11,11.28830909729004,11.27204704284668
0,6,12,11.347131729125977,11.267398834228516
0,6,13,11.406261444091797,11.262633323669434
0,6,14,11.465806007385254,11.25779151916504
0,6,15,11.525873184204102,11.25291347503662
0,6,16,11.586566925048828,11.248041152954102
0,6,17,11.647988319396973,11.24321460723877
0,6,18,11.710232734680176,11.23847484588623
0,6,19,11.773393630981444,11.233860969543455
0,6,20,11.837557792663574,11.229412078857422
0,6,21,11.90280532836914,11.22516632080078
0,6,22,11.969210624694824,11.22115993499756
0,6,23,12.036840438842772,11.217427253723145
0,6,24,12.105751991271973,11.21400260925293
0,6,25,12.17599391937256,11.210915565490724
0,6,26,12.247605323791504,11.208195686340332
0,6,27,12.320612907409668,11.2058687210083
0,6,28,12.395033836364746,11.203957557678224
0,6,29,12.470873832702637,11.202481269836426
0,6,30,12.548126220703123,11.201457977294922
0,6,31,12.6267728805542,11.200900077819824
0,6,32,12.70678424835205,11.200817108154297
0,6,33,12.788119316101074,11.201213836669922
0,6,34,12.87072467803955,11.202093124389648
0,6,35,12.95453929901123,11.203453063964844
0,6,36,13.0394926071167,11.20528793334961
0,6,37,13.125505447387695,11.207589149475098
0,6,38,13.21249294281006,11.210344314575195
0,6,39,13.30036449432373,11.213539123535156
0,6,40,13.38902473449707,11.217154502868652
0,6,41,13.47837734222412,11.22117042541504
0,6,42,13.568323135375977,11.22556495666504
0,6,43,13.658763885498049,11.230314254760742
0,6,44,13.749603271484377,11.235392570495604
0,6,45,13.840747833251951,11.240775108337402
0,6,46,13.932106018066406,11.24643611907959
0,6,47,14.023591995239258,11.252348899841309
0,6,48,14.11512565612793,11.258487701416016
0,6,49,14.206631660461426,11.264827728271484
0,6,50,14.298041343688965,11.271344184875488
0,6,51,14.38929271697998,11.278014183044434
0,6,52,14.480329513549805,11.28481674194336
0,6,53,14.571104049682615,11.291730880737305
0,6,54,14.661574363708496,11.298736572265623
0,6,55,14.751705169677734,11.30581760406494
0,6,56,14.84146785736084,11.31295680999756
0,6,57,14.930840492248535,11.32013988494873
0,6,58,15.019805908203123,11.327354431152344
0,6,59,15.108352661132812,11.334588050842283
0,6,60,15.1964750289917,11.341829299926758
0,6,61,15.284173011779783,11.349069595336914
0,6,62,15.37144947052002,11.356301307678224
0,6,63,15.458312034606934,11.363515853881836
0,6,64,15.544772148132324,11.370707511901855
0,6,65,15.630845069885254,11.377869606018066
0,6,66,15.716547966003418,11.384997367858888
0,6,67,15.801902770996094,11.392086029052734
0,6,68,15.886932373046877,11.399130821228027
0,6,69,15.971661567687988,11.4061279296875
0,6,70,16.05611801147461,11.413073539733888
0,6,71,16.140331268310547,11.419963836669922
0,6,72,16.224332809448242,11.42679500579834
0,6,73,16.30815315246582,11.433563232421877
0,6,74,16.391826629638672,11.440265655517578
0,6,75,16.475387573242188,11.446897506713867
0,6,76,16.55887222290039,11.453455924987791
0,6,77,16.642314910888672,11.459936141967772
0,6,78,16.725751876831055,11.466333389282228
0,6,79,16.809221267700195,11.472643852233888
0,6,80,16.892759323120117,11.478862762451172
0,6,81,16.976404190063477,11.484984397888184
0,6,82,17.06019401550293,11.49100399017334
0,6,83,17.144166946411133,11.496915817260742
0,6,84,17.228361129760742,11.502714157104492
0,6,85,17.312814712524414,11.508392333984377
0,6,86,17.397565841674805,11.513945579528809
0,6,87,17.48265266418457,11.519366264343262
0,6,88,17.568113327026367,11.52464771270752
0,6,89,17.65398406982422,11.529784202575684
0,6,90,17.74030303955078,11.534768104553224
0,6,91,17.82710838317871,11.539592742919922
0,6,92,17.9144344329834,11.54425048828125
0,6,93,18.0023193359375,11.548734664916992
0,6,94,18.090797424316406,11.553038597106934
0,6,95,18.179903030395508,11.557154655456545
0,6,96,18.26966857910156,11.561075210571287
0,6,97,18.360130310058597,11.564794540405272
0,6,98,18.45131492614746,11.56830596923828
0,6,99,18.543258666992188,11.571602821350098
0,6,100,18.635986328125,11.574678421020508
0,6,101,18.729528427124023,11.577527046203612
0,6,102,18.823909759521484,11.580143928527832
0,6,103,18.91915702819824,11.582523345947266
0,6,104,19.01529312133789,11.584660530090332
0,6,105,19.112340927124023,11.586551666259766
0,6,106,19.210315704345703,11.588191986083984
0,6,107,19.30923843383789,11.589579582214355
0,6,108,19.409122467041016,11.59071159362793
0,6,109,19.50998306274414,11.591586112976074
0,6,110,19.6118278503418,11.592202186584473
0,6,111,19.71466636657715,11.592558860778809
0,6,112,19.818500518798828,11.592656135559082
0,6,113,19.92333602905273,11.592495918273926
0,6,114,20.02916717529297,11.592079162597656
0,6,115,20.13599395751953,11.591407775878906
0,6,116,20.243806838989254,11.59048557281494
0,6,117,20.352598190307617,11.589315414428713
0,6,118,20.462350845336918,11.587903022766112
0,6,119,20.57305145263672,11.586252212524414
0,7,0,10.6112699508667,11.276570320129396
0,7,1,10.67424774169922,11.27584457397461
0,7,2,10.736322402954102,11.274611473083496
0,7,3,10.797599792480469,11.272900581359863
0,7,4,10.858186721801758,11.270743370056152
0,7,5,10.918192863464355,11.26817226409912
0,7,6,10.977727890014648,11.26522159576416
0,7,7,11.036904335021973,11.261926651000977
0,7,8,11.095833778381348,11.258323669433594
0,7,9,11.15462875366211,11.254451751708984
0,7,10,11.213400840759276,11.250348091125488
0,7,11,11.272262573242188,11.246053695678713
0,7,12,11.33132553100586,11.241607666015623
0,7,13,11.390700340270996,11.237051010131836
0,7,14,11.450494766235352,11.232423782348633
0,7,15,11.510814666748049,11.22776699066162
0,7,16,11.57176399230957,11.223122596740724
0,7,17,11.633442878723145,11.218530654907228
0,7,18,11.695947647094728,11.214031219482422
0,7,19,11.759368896484377,11.20966339111328
0,7,20,11.823793411254885,11.205466270446776
0,7,21,11.889301300048828,11.201478004455566
0,7,22,11.955965042114258,11.197733879089355
0,7,23,12.023850440979004,11.194268226623535
0,7,24,12.093012809753418,11.19111442565918
0,7,25,12.16349983215332,11.188302993774414
0,7,26,12.235349655151367,11.185861587524414
0,7,27,12.308588027954102,11.183815956115724
0,7,28,12.383230209350586,11.182188987731934
0,7,29,12.459280014038086,11.18099880218506
0,7,30,12.53672981262207,11.180262565612791
0,7,31,12.615560531616213,11.179991722106934
0,7,32,12.695741653442385,11.180195808410645
0,7,33,12.777231216430664,11.180880546569824
0,7,34,12.859975814819336,11.182045936584473
0,7,35,12.943912506103516,11.183690071105955
0,7,36,13.028971672058104,11.18580722808838
0,7,37,13.115073204040527,11.188387870788574
0,7,38,13.20213222503662,11.19141960144043
0,7,39,13.290058135986328,11.194886207580566
0,7,40,13.378756523132324,11.198769569396973
0,7,41,13.468130111694336,11.203049659729004
0,7,42,13.55808162689209,11.207703590393066
0,7,43,13.648513793945312,11.21270751953125
0,7,44,13.739331245422363,11.218035697937012
0,7,45,13.830440521240234,11.223663330078123
0,7,46,13.921751976013184,11.22956371307373
0,7,47,14.01318073272705,11.235711097717283
0,7,48,14.104647636413574,11.242080688476562
0,7,49,14.196078300476074,11.248645782470703
0,7,50,14.287405014038086,11.255383491516112
0,7,51,14.37856674194336,11.2622709274292
0,7,52,14.469508171081545,11.269285202026367
0,7,53,14.560182571411133,11.276407241821287
0,7,54,14.650548934936523,11.28361701965332
0,7,55,14.740571975708008,11.290897369384766
0,7,56,14.83022403717041,11.298233032226562
0,7,57,14.919483184814451,11.305608749389648
0,7,58,15.008333206176758,11.31301212310791
0,7,59,15.096762657165527,11.320430755615234
0,7,60,15.18476676940918,11.32785415649414
0,7,61,15.272344589233398,11.33527374267578
0,7,62,15.35949993133545,11.342679977416992
0,7,63,15.44624137878418,11.35006618499756
0,7,64,15.53257942199707,11.357426643371582
0,7,65,15.618529319763184,11.364754676818848
0,7,66,15.704108238220217,11.372044563293455
0,7,67,15.789337158203123,11.379292488098145
0,7,68,15.874239921569824,11.386492729187012
0,7,69,15.95884132385254,11.39364242553711
0,7,70,16.043169021606445,11.400737762451172
0,7,71,16.12725067138672,11.407773971557615
0,7,72,16.211118698120117,11.414748191833496
0,7,73,16.294803619384766,11.421656608581545
0,7,74,16.378337860107422,11.428495407104492
0,7,75,16.46175765991211,11.435260772705078
0,7,76,16.545095443725586,11.441948890686035
0,7,77,16.628387451171875,11.448555946350098
0,7,78,16.711669921875,11.455077171325684
0,7,79,16.794981002807617,11.461507797241213
0,7,80,16.87835693359375,11.467843055725098
0,7,81,16.961833953857422,11.474078178405762
0,7,82,17.04545021057129,11.480207443237305
0,7,83,17.129243850708008,11.486225128173828
0,7,84,17.213253021240234,11.492125511169434
0,7,85,17.297513961791992,11.497902870178224
0,7,86,17.38206672668457,11.503551483154297
0,7,87,17.466947555541992,11.509063720703123
0,7,88,17.552194595336914,11.514433860778809
0,7,89,17.63784408569336,11.519654273986816
0,7,90,17.72393226623535,11.524718284606934
0,7,91,17.81049919128418,11.529619216918944
0,7,92,17.8975772857666,11.53434944152832
0,7,93,17.985204696655273,11.538902282714844
0,7,94,18.073413848876957,11.543270111083984
0,7,95,18.162242889404297,11.547445297241213
0,7,96,18.2517204284668,11.551422119140623
0,7,97,18.34188270568848,11.555192947387695
0,7,98,18.432758331298828,11.55875015258789
0,7,99,18.52438163757324,11.562088012695312
0,7,100,18.616777420043945,11.565200805664062
0,7,101,18.709976196289062,11.568081855773926
0,7,102,18.80400276184082,11.570725440979004
0,7,103,18.89888572692871,11.573126792907717
0,7,104,18.994644165039062,11.57528018951416
0,7,105,19.09130096435547,11.577181816101074
0,7,106,19.188875198364254,11.578827857971191
0,7,107,19.287384033203125,11.580215454101562
0,7,108,19.386842727661133,11.581341743469238
0,7,109,19.48726463317871,11.58220386505127
0,7,110,19.588659286499023,11.582801818847656
0,7,111,19.691036224365234,11.583133697509766
0,7,112,19.794397354125977,11.583200454711914
0,7,113,19.89874649047852,11.583002090454102
0,7,114,20.00408172607422,11.58254051208496
0,7,115,20.110401153564453,11.581817626953123
0,7,116,20.21769523620605,11.580836296081545
0,7,117,20.32595634460449,11.579599380493164
0,7,118,20.435169219970703,11.578112602233888
0,7,119,20.545318603515625,11.576379776000977
0,8,0,10.710885047912598,11.436549186706545
0,8,1,10.772765159606934,11.435140609741213
0,8,2,10.833725929260254,11.433187484741213
0,8,3,10.893869400024414,11.430718421936035
0,8,4,10.95330047607422,11.427764892578123
0,8,5,11.012125015258787,11.424359321594238
0,8,6,11.070451736450195,11.420536041259766
0,8,7,11.128389358520508,11.416329383850098
0,8,8,11.18604850769043,11.411776542663574
0,8,9,11.24354076385498,11.406914710998535
0,8,10,11.300976753234863,11.401782035827637
0,8,11,11.358469009399414,11.396418571472168
0,8,12,11.416129112243652,11.390863418579102
0,8,13,11.47406768798828,11.38515853881836
0,8,14,11.532395362854004,11.37934398651123
0,8,15,11.591218948364258,11.37346076965332
0,8,16,11.65064525604248,11.36755084991455
0,8,17,11.71077823638916,11.361656188964844
0,8,18,11.771716117858888,11.355816841125488
0,8,19,11.833556175231934,11.350072860717772
0,8,20,11.896389961242676,11.344465255737305
0,8,21,11.960302352905272,11.339032173156738
0,8,22,12.025373458862305,11.33381175994873
0,8,23,12.0916748046875,11.32884120941162
0,8,24,12.159271240234377,11.3241548538208
0,8,25,12.228217124938965,11.319785118103027
0,8,26,12.298559188842772,11.315763473510742
0,8,27,12.370331764221191,11.312118530273438
0,8,28,12.443559646606444,11.30887508392334
0,8,29,12.518255233764648,11.30605697631836
0,8,30,12.5944185256958,11.303682327270508
0,8,31,12.672039031982422,11.30176830291748
0,8,32,12.751093864440918,11.30032730102539
0,8,33,12.831546783447266,11.299367904663086
0,8,34,12.913350105285645,11.298895835876465
0,8,35,12.99644660949707,11.298911094665527
0,8,36,13.080768585205078,11.299412727355955
0,8,37,13.166239738464355,11.300393104553224
0,8,38,13.252775192260742,11.301843643188477
0,8,39,13.34028434753418,11.303750991821287
0,8,40,13.428670883178713,11.30609893798828
0,8,41,13.517836570739746,11.30886936187744
0,8,42,13.60767936706543,11.312041282653809
0,8,43,13.698097229003906,11.315592765808104
0,8,44,13.788990020751951,11.319498062133787
0,8,45,13.880257606506348,11.32373332977295
0,8,46,13.971805572509766,11.328271865844728
0,8,47,14.063541412353516,11.333087921142578
0,8,48,14.15537929534912,11.33815574645996
0,8,49,14.247238159179688,11.343449592590332
0,8,50,14.339044570922852,11.348944664001465
0,8,51,14.430730819702148,11.35461711883545
0,8,52,14.522235870361328,11.360444068908691
0,8,53,14.613506317138672,11.36640453338623
0,8,54,14.704496383666992,11.372478485107422
0,8,55,14.795166969299316,11.378647804260254
0,8,56,14.88548469543457,11.384895324707031
0,8,57,14.975424766540527,11.391205787658691
0,8,58,15.064967155456545,11.397565841674805
0,8,59,15.154098510742188,11.40396213531494
0,8,60,15.242810249328612,11.41038417816162
0,8,61,15.331101417541504,11.416821479797363
0,8,62,15.418973922729492,11.42326545715332
0,8,63,15.506433486938477,11.42970848083496
0,8,64,15.593491554260254,11.43614387512207
0,8,65,15.68016242980957,11.442564964294434
0,8,66,15.766464233398438,11.448966979980469
0,8,67,15.852417945861816,11.455345153808594
0,8,68,15.9380464553833,11.461694717407228
0,8,69,16.02337646484375,11.468010902404783
0,8,70,16.108436584472656,11.47429084777832
0,8,71,16.193256378173828,11.480530738830566
0,8,72,16.27786636352539,11.486726760864258
0,8,73,16.362300872802734,11.492875099182127
0,8,74,16.44659423828125,11.498971939086914
0,8,75,16.53078269958496,11.505014419555664
0,8,76,16.61490249633789,11.510998725891112
0,8,77,16.698989868164062,11.51692008972168
0,8,78,16.783082962036133,11.522774696350098
0,8,79,16.867219924926758,11.528557777404783
0,8,80,16.951440811157227,11.534265518188477
0,8,81,17.035785675048828,11.539892196655272
0,8,82,17.12029266357422,11.545433044433594
0,8,83,17.205001831054688,11.550883293151855
0,8,84,17.289953231811523,11.55623722076416
0,8,85,17.375185012817383,11.561488151550291
0,8,86,17.460739135742188,11.566630363464355
0,8,87,17.546655654907227,11.57165813446045
0,8,88,17.632970809936523,11.57656478881836
0,8,89,17.7197265625,11.581343650817873
0,8,90,17.806961059570312,11.58598804473877
0,8,91,17.894712448120117,11.59049129486084
0,8,92,17.98301887512207,11.594846725463867
0,8,93,18.071918487548828,11.59904670715332
0,8,94,18.16144561767578,11.6030855178833
0,8,95,18.25164031982422,11.606956481933594
0,8,96,18.342533111572266,11.610651969909668
0,8,97,18.434162139892575,11.614166259765623
0,8,98,18.52655601501465,11.61749267578125
0,8,99,18.6197509765625,11.620625495910645
0,8,100,18.713773727416992,11.62355899810791
0,8,101,18.808656692504883,11.626287460327148
0,8,102,18.9044246673584,11.628806114196776
0,8,103,19.0011043548584,11.631110191345217
0,8,104,19.09872055053711,11.63319492340088
0,8,105,19.197296142578125,11.63505744934082
0,8,106,19.29684829711914,11.63669490814209
0,8,107,19.39739799499512,11.638103485107422
0,8,108,19.49895668029785,11.6392822265625
0,8,109,19.60154151916504,11.640229225158691
0,8,110,19.70516014099121,11.640944480895996
0,8,111,19.809823989868164,11.641427993774414
0,8,112,19.9155330657959,11.641679763793944
0,8,113,20.022293090820312,11.641701698303224
0,8,114,20.13010025024414,11.641496658325195
0,8,115,20.23895072937012,11.641066551208496
0,8,116,20.34883689880371,11.64041519165039
0,8,117,20.45974922180176,11.63954734802246
0,8,118,20.57167053222656,11.638466835021973
0,8,119,20.684585571289062,11.63718032836914
0,9,0,11.156606674194336,11.08334732055664
0,9,1,11.216901779174805,11.079760551452637
0,9,2,11.277037620544434,11.075790405273438
0,9,3,11.33712673187256,11.071477890014648
0,9,4,11.397278785705566,11.06686305999756
0,9,5,11.45760440826416,11.06198787689209
0,9,6,11.51821231842041,11.056896209716797
0,9,7,11.579208374023438,11.051630973815918
0,9,8,11.64069652557373,11.046236991882324
0,9,9,11.702776908874512,11.04075813293457
0,9,10,11.765546798706056,11.035239219665527
0,9,11,11.829097747802734,11.029723167419434
0,9,12,11.893516540527344,11.02425479888916
0,9,13,11.95888328552246,11.018876075744627
0,9,14,12.02527141571045,11.013628959655762
0,9,15,12.092745780944824,11.008553504943848
0,9,16,12.161362648010254,11.003686904907228
0,9,17,12.23116970062256,10.999066352844238
0,9,18,12.302203178405762,10.994725227355955
0,9,19,12.37449073791504,10.990693092346191
0,9,20,12.448046684265137,10.986998558044434
0,9,21,12.52287483215332,10.983665466308594
0,9,22,12.598968505859377,10.980713844299316
0,9,23,12.676308631896973,10.97815990447998
0,9,24,12.754865646362305,10.9760160446167
0,9,25,12.834599494934082,10.97429084777832
0,9,26,12.915460586547852,10.97298812866211
0,9,27,12.997390747070312,10.972107887268066
0,9,28,13.080322265625,10.971647262573242
0,9,29,13.164182662963867,10.971597671508787
0,9,30,13.248893737792969,10.971948623657228
0,9,31,13.334373474121094,10.972686767578123
0,9,32,13.420536041259766,10.973794937133787
0,9,33,13.507296562194824,10.975255966186523
0,9,34,13.59456729888916,10.977048873901367
0,9,35,13.682263374328612,10.97915267944336
0,9,36,13.770301818847656,10.981544494628906
0,9,37,13.858604431152344,10.98420238494873
0,9,38,13.947094917297363,10.987104415893556
0,9,39,14.035703659057615,10.990227699279783
0,9,40,14.12436580657959,10.99355125427246
0,9,41,14.213022232055664,10.99705410003662
0,9,42,14.30161952972412,11.000717163085938
0,9,43,14.390111923217772,11.004522323608398
0,9,44,14.478458404541016,11.008452415466309
0,9,45,14.56662654876709,11.012491226196287
0,9,46,14.654587745666504,11.016626358032228
0,9,47,14.74232006072998,11.020844459533691
0,9,48,14.829809188842772,11.025134086608888
0,9,49,14.917044639587402,11.029485702514648
0,9,50,15.004020690917969,11.033889770507812
0,9,51,15.090738296508787,11.038339614868164
0,9,52,15.177201271057127,11.042828559875488
0,9,53,15.263419151306152,11.047351837158203
0,9,54,15.349404335021973,11.05190372467041
0,9,55,15.435173988342283,11.056480407714844
0,9,56,15.520747184753418,11.061079025268556
0,9,57,15.606146812438965,11.065696716308594
0,9,58,15.691397666931152,11.070330619812012
0,9,59,15.776527404785156,11.07497787475586
0,9,60,15.861565589904783,11.07963752746582
0,9,61,15.946544647216797,11.084306716918944
0,9,62,16.031497955322266,11.088984489440918
0,9,63,16.1164608001709,11.093667984008787
0,9,64,16.201467514038086,11.098356246948242
0,9,65,16.286558151245117,11.103047370910645
0,9,66,16.371768951416016,11.107739448547363
0,9,67,16.45713996887207,11.112430572509766
0,9,68,16.54271125793457,11.117117881774902
0,9,69,16.628522872924805,11.121798515319824
0,9,70,16.714616775512695,11.126470565795898
0,9,71,16.80103302001953,11.131131172180176
0,9,72,16.887813568115234,11.135777473449709
0,9,73,16.975000381469727,11.140405654907228
0,9,74,17.06263542175293,11.145012855529783
0,9,75,17.150760650634766,11.149595260620115
0,9,76,17.239418029785156,11.154150009155272
0,9,77,17.328649520874023,11.158672332763672
0,9,78,17.418495178222656,11.163159370422363
0,9,79,17.508995056152344,11.167607307434082
0,9,80,17.600189208984375,11.172012329101562
0,9,81,17.692119598388672,11.17637062072754
0,9,82,17.784822463989258,11.180678367614746
0,9,83,17.87833595275879,11.184931755065918
0,9,84,17.972698211669922,11.189126968383787
0,9,85,18.067943572998047,11.193262100219728
0,9,86,18.164108276367188,11.197333335876465
0,9,87,18.2612247467041,11.201336860656738
0,9,88,18.359323501586918,11.20527172088623
0,9,89,18.458436965942383,11.209135055541992
0,9,90,18.55858993530273,11.212924003601074
0,9,91,18.659812927246094,11.216638565063477
0,9,92,18.76212501525879,11.220276832580566
0,9,93,18.86555290222168,11.223837852478027
0,9,94,18.97011375427246,11.22732162475586
0,9,95,19.075824737548828,11.230728149414062
0,9,96,19.18269920349121,11.234058380126951
0,9,97,19.290752410888672,11.237313270568848
0,9,98,19.39998817443848,11.24049472808838
0,9,99,19.51041603088379,11.243605613708496
0,9,100,19.62203598022461,11.246647834777832
0,9,101,19.734848022460938,11.249624252319336
0,9,102,19.848846435546875,11.25253963470459
0,9,103,19.96402740478516,11.255396842956545
0,9,104,20.08037567138672,11.258201599121094
0,9,105,20.1978816986084,11.260957717895508
0,9,106,20.3165225982666,11.263670921325684
0,9,107,20.436281204223636,11.26634693145752
0,9,108,20.55712890625,11.268990516662598
0,9,109,20.67904090881348,11.271608352661133
0,9,110,20.801982879638672,11.274206161499023
0,9,111,20.92592430114746,11.276790618896484
0,9,112,21.05082321166992,11.279367446899414
0,9,113,21.17664337158203,11.281942367553713
0,9,114,21.30333709716797,11.28452205657959
0,9,115,21.430864334106445,11.287111282348633
0,9,116,21.559171676635746,11.289715766906738
0,9,117,21.688213348388672,11.292340278625488
0,9,118,21.81793212890625,11.294989585876465
0,9,119,21.948280334472656,11.29766845703125
0,10,0,11.17483139038086,11.128572463989258
0,10,1,11.234811782836914,11.124755859375
0,10,2,11.294617652893066,11.120542526245115
0,10,3,11.35435962677002,11.115972518920898
0,10,4,11.414149284362791,11.111085891723633
0,10,5,11.47409725189209,11.10592555999756
0,10,6,11.534311294555664,11.100533485412598
0,10,7,11.594900131225586,11.094953536987305
0,10,8,11.655967712402344,11.08923053741455
0,10,9,11.71761703491211,11.08340835571289
0,10,10,11.779945373535156,11.077531814575195
0,10,11,11.843046188354492,11.07164478302002
0,10,12,11.90700912475586,11.065791130065918
0,10,13,11.971916198730469,11.060014724731444
0,10,14,12.037842750549316,11.054356575012209
0,10,15,12.104857444763184,11.048858642578123
0,10,16,12.173019409179688,11.043559074401855
0,10,17,12.24237823486328,11.038495063781738
0,10,18,12.31297492980957,11.03370189666748
0,10,19,12.384838104248049,11.029211044311523
0,10,20,12.45798683166504,11.02505111694336
0,10,21,12.532428741455078,11.021246910095217
0,10,22,12.608159065246582,11.017820358276367
0,10,23,12.685161590576172,11.014790534973145
0,10,24,12.763409614562988,11.01216983795166
0,10,25,12.842865943908691,11.009968757629396
0,10,26,12.923481941223145,11.00819206237793
0,10,27,13.005200386047363,11.006841659545898
0,10,28,13.087955474853516,11.005915641784668
0,10,29,13.171674728393556,11.005407333374023
0,10,30,13.256279945373535,11.005306243896484
0,10,31,13.341689109802246,11.005599975585938
0,10,32,13.427815437316896,11.00627326965332
0,10,33,13.514572143554688,11.00730800628662
0,10,34,13.6018705368042,11.008685111999512
0,10,35,13.689624786376951,11.010382652282717
0,10,36,13.777749061584473,11.01237964630127
0,10,37,13.866162300109863,11.014653205871582
0,10,38,13.954787254333496,11.01718044281006
0,10,39,14.043551445007324,11.019939422607422
0,10,40,14.132387161254885,11.022908210754396
0,10,41,14.221232414245604,11.026065826416016
0,10,42,14.310032844543455,11.02939224243164
0,10,43,14.3987398147583,11.032869338989258
0,10,44,14.487310409545898,11.036478996276855
0,10,45,14.575709342956545,11.040205955505373
0,10,46,14.663907051086426,11.04403591156006
0,10,47,14.751880645751951,11.047956466674805
0,10,48,14.839612007141112,11.051955223083496
0,10,49,14.927090644836426,11.056022644042969
0,10,50,15.014310836791992,11.06014919281006
0,10,51,15.10127067565918,11.064327239990234
0,10,52,15.18797492980957,11.06855010986328
0,10,53,15.274431228637695,11.072813034057615
0,10,54,15.360651969909668,11.077110290527344
0,10,55,15.44665241241455,11.081438064575195
0,10,56,15.532452583312988,11.085792541503906
0,10,57,15.618075370788574,11.090170860290527
0,10,58,15.70354461669922,11.09457015991211
0,10,59,15.788888931274414,11.09898853302002
0,10,60,15.874136924743652,11.103424072265623
0,10,61,15.959321975708008,11.107874870300291
0,10,62,16.044477462768555,11.112339973449709
0,10,63,16.129638671875,11.116816520690918
0,10,64,16.214839935302734,11.12130355834961
0,10,65,16.300121307373047,11.125798225402832
0,10,66,16.385520935058594,11.13029956817627
0,10,67,16.471078872680664,11.134804725646973
0,10,68,16.556833267211914,11.139311790466309
0,10,69,16.6428279876709,11.143818855285645
0,10,70,16.729103088378906,11.148323059082031
0,10,71,16.81570053100586,11.15282154083252
0,10,72,16.90266227722168,11.15731143951416
0,10,73,16.99003028869629,11.161789894104004
0,10,74,17.07784652709961,11.166253089904783
0,10,75,17.166154861450195,11.170698165893556
0,10,76,17.254995346069336,11.175121307373049
0,10,77,17.344411849975586,11.179518699645996
0,10,78,17.434444427490234,11.183887481689451
0,10,79,17.525135040283203,11.188222885131836
0,10,80,17.616525650024414,11.192522048950195
0,10,81,17.708654403686523,11.196781158447266
0,10,82,17.80156135559082,11.20099639892578
0,10,83,17.89528465270996,11.205163955688477
0,10,84,17.98986053466797,11.209280967712402
0,10,85,18.0853271484375,11.213343620300291
0,10,86,18.181718826293945,11.2173490524292
0,10,87,18.27906990051269,11.221294403076172
0,10,88,18.377410888671875,11.225177764892578
0,10,89,18.47677230834961,11.228996276855469
0,10,90,18.577184677124023,11.232748031616213
0,10,91,18.678674697875977,11.236431121826172
0,10,92,18.78126335144043,11.240045547485352
0,10,93,18.88497734069824,11.243589401245115
0,10,94,18.98983383178711,11.247062683105469
0,10,95,19.09585189819336,11.250466346740724
0,10,96,19.203044891357425,11.25380039215088
0,10,97,19.311426162719727,11.25706672668457
0,10,98,19.421003341674805,11.260266304016112
0,10,99,19.531784057617188,11.263401985168455
0,10,100,19.643768310546875,11.26647663116455
0,10,101,19.7569580078125,11.269492149353027
0,10,102,19.871347427368164,11.272453308105469
0,10,103,19.9869327545166,11.27536392211914
0,10,104,20.10369873046875,11.278228759765623
0,10,105,20.22163391113281,11.281051635742188
0,10,106,20.34071922302246,11.283839225769045
0,10,107,20.460935592651367,11.286596298217772
0,10,108,20.58225440979004,11.28932762145996
0,10,109,20.704652786254883,11.292040824890137
0,10,110,20.828094482421875,11.294740676879885
0,10,111,20.95254898071289,11.297433853149414
0,10,112,21.07797622680664,11.300126075744627
0,10,113,21.20433807373047,11.302823066711426
0,10,114,21.331586837768555,11.30553150177002
0,10,115,21.45968246459961,11.308256149291992
0,10,116,21.588571548461918,11.311002731323242
0,10,117,21.71820831298828,11.313776016235352
0,10,118,21.84853744506836,11.316580772399902
0,10,119,21.97950935363769,11.31942081451416
0,11,0,11.194783210754396,11.24044704437256
0,11,1,11.254084587097168,11.236246109008787
0,11,2,11.313143730163574,11.231612205505373
0,11,3,11.372072219848633,11.22658348083496
0,11,4,11.430981636047363,11.221199035644531
0,11,5,11.489982604980469,11.215500831604004
0,11,6,11.549185752868652,11.2095308303833
0,11,7,11.6087007522583,11.20333194732666
0,11,8,11.668635368347168,11.196948051452637
0,11,9,11.729095458984377,11.190423011779783
0,11,10,11.790183067321776,11.183801651000977
0,11,11,11.85199737548828,11.177128791809082
0,11,12,11.914632797241213,11.170449256896973
0,11,13,11.978178977966309,11.163806915283203
0,11,14,12.042719841003418,11.157244682312012
0,11,15,12.108331680297852,11.150805473327637
0,11,16,12.17508316040039,11.144530296325684
0,11,17,12.243034362792969,11.138458251953123
0,11,18,12.312235832214355,11.1326265335083
0,11,19,12.382728576660156,11.127070426940918
0,11,20,12.45454216003418,11.121822357177734
0,11,21,12.527694702148438,11.11691188812256
0,11,22,12.60219383239746,11.112364768981934
0,11,23,12.678033828735352,11.108202934265137
0,11,24,12.755197525024414,11.10444450378418
0,11,25,12.83365535736084,11.101103782653809
0,11,26,12.913368225097656,11.098191261291504
0,11,27,12.994285583496094,11.095712661743164
0,11,28,13.076348304748535,11.093669891357422
0,11,29,13.159486770629885,11.092061042785645
0,11,30,13.243624687194824,11.090879440307615
0,11,31,13.328680992126465,11.090116500854492
0,11,32,13.414568901062012,11.08975887298584
0,11,33,13.501198768615724,11.08979034423828
0,11,34,13.588478088378906,11.09019374847412
0,11,35,13.676316261291504,11.090949058532717
0,11,36,13.764622688293455,11.092034339904783
0,11,37,13.853309631347656,11.093427658081056
0,11,38,13.942291259765623,11.095107078552246
0,11,39,14.031487464904783,11.09704875946045
0,11,40,14.12082290649414,11.09922981262207
0,11,41,14.210227966308594,11.101629257202148
0,11,42,14.299639701843262,11.104225158691406
0,11,43,14.388999938964844,11.1069974899292
0,11,44,14.478260040283203,11.1099271774292
0,11,45,14.567376136779783,11.112998008728027
0,11,46,14.65631103515625,11.116192817687988
0,11,47,14.745035171508787,11.119497299194336
0,11,48,14.833525657653809,11.122899055480955
0,11,49,14.92176628112793,11.126385688781738
0,11,50,15.00974464416504,11.129947662353516
0,11,51,15.097455978393556,11.133575439453123
0,11,52,15.18489933013916,11.137262344360352
0,11,53,15.272079467773438,11.141000747680664
0,11,54,15.35900592803955,11.14478588104248
0,11,55,15.445691108703612,11.14861297607422
0,11,56,15.532153129577637,11.152477264404297
0,11,57,15.618412017822266,11.156375885009766
0,11,58,15.70449161529541,11.160305976867676
0,11,59,15.79041862487793,11.164264678955078
0,11,60,15.876220703125,11.168251037597656
0,11,61,15.961931228637695,11.17226219177246
0,11,62,16.047582626342773,11.17629623413086
0,11,63,16.133209228515625,11.18035125732422
0,11,64,16.218847274780273,11.184426307678224
0,11,65,16.304534912109375,11.188519477844238
0,11,66,16.39031219482422,11.192628860473633
0,11,67,16.47621726989746,11.196752548217772
0,11,68,16.562292098999023,11.200888633728027
0,11,69,16.648578643798828,11.205035209655762
0,11,70,16.735118865966797,11.209189414978027
0,11,71,16.82195472717285,11.213348388671877
0,11,72,16.909130096435547,11.217510223388672
0,11,73,16.996688842773438,11.221671104431152
0,11,74,17.084672927856445,11.225828170776367
0,11,75,17.173126220703125,11.229978561401367
0,11,76,17.26209259033203,11.234118461608888
0,11,77,17.351613998413086,11.238245010375977
0,11,78,17.441734313964844,11.242354393005373
0,11,79,17.532495498657227,11.246441841125488
0,11,80,17.623939514160156,11.250505447387695
0,11,81,17.716108322143555,11.25454044342041
0,11,82,17.80904197692871,11.258543014526367
0,11,83,17.902780532836914,11.262510299682615
0,11,84,17.997364044189453,11.266437530517578
0,11,85,18.09282875061035,11.270322799682615
0,11,86,18.189210891723636,11.274162292480469
0,11,87,18.286548614501957,11.277953147888184
0,11,88,18.38487243652344,11.281692504882812
0,11,89,18.48421669006348,11.285378456115724
0,11,90,18.58460998535156,11.28900909423828
0,11,91,18.686084747314453,11.29258155822754
0,11,92,18.78866195678711,11.296095848083496
0,11,93,18.892370223999023,11.29955005645752
0,11,94,18.997228622436523,11.30294418334961
0,11,95,19.103260040283203,11.306278228759766
0,11,96,19.21047782897949,11.309552192687988
0,11,97,19.31889915466309,11.31276798248291
0,11,98,19.42853164672852,11.315926551818848
0,11,99,19.539386749267575,11.319029808044434
0,11,100,19.651466369628903,11.3220796585083
0,11,101,19.76477432250977,11.325079917907717
0,11,102,19.87930679321289,11.328033447265623
0,11,103,19.99506187438965,11.330945014953612
0,11,104,20.11202621459961,11.333817481994627
0,11,105,20.23019218444824,11.33665657043457
0,11,106,20.34954071044922,11.33946704864502
0,11,107,20.47005653381348,11.342254638671877
0,11,108,20.59171295166016,11.34502410888672
0,11,109,20.714487075805664,11.347782135009766
0,11,110,20.83834457397461,11.350533485412598
0,11,111,20.9632568359375,11.353285789489746
0,11,112,21.08918571472168,11.356043815612791
0,11,113,21.21609306335449,11.358814239501951
0,11,114,21.343935012817383,11.361602783203123
0,11,115,21.47266960144043,11.364415168762209
0,11,116,21.602245330810547,11.36725616455078
0,11,117,21.73261833190918,11.370131492614746
0,11,118,21.863731384277344,11.373045921325684
0,11,119,21.99553680419922,11.376004219055176
0,12,0,11.1351318359375,11.395068168640137
0,12,1,11.193965911865234,11.39099407196045
0,12,2,11.252370834350586,11.386425971984863
0,12,3,11.310455322265623,11.381400108337402
0,12,4,11.368330001831056,11.375954627990724
0,12,5,11.426104545593262,11.370126724243164
0,12,6,11.483891487121582,11.363956451416016
0,12,7,11.541802406311035,11.3574857711792
0,12,8,11.599947929382324,11.35075569152832
0,12,9,11.658438682556152,11.3438081741333
0,12,10,11.71738338470459,11.336687088012695
0,12,11,11.77688980102539,11.329437255859377
0,12,12,11.83706283569336,11.322101593017578
0,12,13,11.89800262451172,11.31472396850586
0,12,14,11.95980739593506,11.30734920501709
0,12,15,12.02256965637207,11.300021171569824
0,12,16,12.08637523651123,11.292781829833984
0,12,17,12.151305198669434,11.285674095153809
0,12,18,12.21743106842041,11.278738021850586
0,12,19,12.284817695617676,11.272013664245604
0,12,20,12.353520393371582,11.265538215637209
0,12,21,12.423583984375,11.259347915649414
0,12,22,12.495041847229004,11.253474235534668
0,12,23,12.567915916442873,11.247947692871094
0,12,24,12.642217636108398,11.24279499053955
0,12,25,12.717945098876951,11.23803997039795
0,12,26,12.795083045959473,11.233701705932615
0,12,27,12.873605728149414,11.229795455932615
0,12,28,12.953474044799805,11.226332664489746
0,12,29,13.034638404846191,11.223320960998535
0,12,30,13.117037773132324,11.220763206481934
0,12,31,13.200602531433104,11.21865940093994
0,12,32,13.28525447845459,11.21700382232666
0,12,33,13.370908737182615,11.215787887573242
0,12,34,13.457473754882812,11.214999198913574
0,12,35,13.544855117797852,11.214622497558594
0,12,36,13.63295555114746,11.214640617370604
0,12,37,13.721677780151367,11.215033531188965
0,12,38,13.81092357635498,11.215779304504396
0,12,39,13.900598526000977,11.216856002807615
0,12,40,13.990610122680664,11.218238830566406
0,12,41,14.080870628356934,11.219904899597168
0,12,42,14.171297073364258,11.221830368041992
0,12,43,14.261812210083008,11.223991394042969
0,12,44,14.35234546661377,11.226365089416504
0,12,45,14.44283390045166,11.228930473327637
0,12,46,14.533221244812012,11.231667518615724
0,12,47,14.623457908630373,11.234556198120115
0,12,48,14.713501930236816,11.23758029937744
0,12,49,14.803318977355955,11.24072265625
0,12,50,14.892881393432615,11.243969917297363
0,12,51,14.98216724395752,11.247308731079102
0,12,52,15.071163177490234,11.250727653503418
0,12,53,15.159859657287598,11.254217147827148
0,12,54,15.248254776000977,11.257767677307127
0,12,55,15.336350440979004,11.261372566223145
0,12,56,15.424153327941896,11.26502513885498
0,12,57,15.511676788330078,11.268719673156738
0,12,58,15.5989351272583,11.272451400756836
0,12,59,15.685949325561523,11.276216506958008
0,12,60,15.772741317749023,11.280012130737305
0,12,61,15.859338760375977,11.28383445739746
0,12,62,15.94576930999756,11.287681579589844
0,12,63,16.03206443786621,11.29155158996582
0,12,64,16.118257522583008,11.29544162750244
0,12,65,16.204383850097656,11.299349784851074
0,12,66,16.29047966003418,11.303275108337402
0,12,67,16.376585006713867,11.307214736938477
0,12,68,16.462738037109375,11.311166763305664
0,12,69,16.548978805541992,11.315129280090332
0,12,70,16.635351181030273,11.319099426269531
0,12,71,16.721895217895508,11.323075294494627
0,12,72,16.80865478515625,11.327054023742676
0,12,73,16.895673751831055,11.33103370666504
0,12,74,16.982995986938477,11.335010528564451
0,12,75,17.07066535949707,11.338981628417969
0,12,76,17.15872573852539,11.34294319152832
0,12,77,17.247220993041992,11.34689235687256
0,12,78,17.336196899414062,11.350824356079102
0,12,79,17.425695419311523,11.354736328125
0,12,80,17.515762329101562,11.358624458312988
0,12,81,17.6064395904541,11.362483978271484
0,12,82,17.697771072387695,11.366311073303224
0,12,83,17.789798736572266,11.370101928710938
0,12,84,17.882564544677734,11.373852729797363
0,12,85,17.976110458374023,11.377558708190918
0,12,86,18.07047462463379,11.381217002868652
0,12,87,18.16569709777832,11.384822845458984
0,12,88,18.261816024780277,11.388373374938965
0,12,89,18.358867645263672,11.391864776611328
0,12,90,18.456886291503903,11.395294189453123
0,12,91,18.555906295776367,11.398658752441406
0,12,92,18.65595817565918,11.40195655822754
0,12,93,18.7570743560791,11.405184745788574
0,12,94,18.85927963256836,11.40834140777588
0,12,95,18.96260452270508,11.411425590515137
0,12,96,19.067068099975582,11.414436340332031
0,12,97,19.17269325256348,11.417372703552246
0,12,98,19.279497146606445,11.420235633850098
0,12,99,19.387496948242188,11.423025131225586
0,12,100,19.4967041015625,11.425743103027344
0,12,101,19.60713005065918,11.428390502929688
0,12,102,19.71877861022949,11.43096923828125
0,12,103,19.83165740966797,11.433483123779297
0,12,104,19.945762634277344,11.43593406677246
0,12,105,20.061094284057617,11.438326835632324
0,12,106,20.177640914916992,11.440665245056152
0,12,107,20.29539680480957,11.442954063415527
0,12,108,20.414344787597656,11.445198059082031
0,12,109,20.534469604492188,11.447402954101562
0,12,110,20.655746459960938,11.44957447052002
0,12,111,20.778154373168945,11.4517183303833
0,12,112,20.90166282653809,11.45384120941162
0,12,113,21.026243209838867,11.455949783325195
0,12,114,21.15185546875,11.458049774169922
0,12,115,21.278467178344727,11.460147857666016
0,12,116,21.40603256225586,11.462249755859377
0,12,117,21.53450965881348,11.464362144470217
0,12,118,21.66385078430176,11.46649169921875
0,12,119,21.79401016235352,11.468643188476562
0,13,0,11.19042682647705,11.282095909118652
0,13,1,11.249529838562012,11.277840614318848
0,13,2,11.308353424072266,11.273136138916016
0,13,3,11.367008209228516,11.268021583557127
0,13,4,11.42560577392578,11.262535095214844
0,13,5,11.484256744384766,11.256717681884766
0,13,6,11.543072700500488,11.250611305236816
0,13,7,11.602163314819336,11.244258880615234
0,13,8,11.661638259887695,11.237703323364258
0,13,9,11.721603393554688,11.23098850250244
0,13,10,11.782164573669434,11.224159240722656
0,13,11,11.843421936035156,11.217260360717772
0,13,12,11.905473709106444,11.210335731506348
0,13,13,11.968411445617676,11.20343017578125
0,13,14,12.03232192993164,11.196587562561035
0,13,15,12.097286224365234,11.189849853515623
0,13,16,12.16337776184082,11.183259963989258
0,13,17,12.230660438537598,11.176856994628906
0,13,18,12.299190521240234,11.170680046081545
0,13,19,12.369013786315918,11.164765357971191
0,13,20,12.440166473388672,11.159146308898926
0,13,21,12.51267147064209,11.153854370117188
0,13,22,12.586542129516602,11.148916244506836
0,13,23,12.661778450012209,11.144356727600098
0,13,24,12.73836898803711,11.140196800231934
0,13,25,12.816290855407717,11.136451721191406
0,13,26,12.8955078125,11.133134841918944
0,13,27,12.975975036621094,11.130253791809082
0,13,28,13.057635307312012,11.127812385559082
0,13,29,13.140422821044922,11.125810623168944
0,13,30,13.22426414489746,11.12424373626709
0,13,31,13.30907917022705,11.123104095458984
0,13,32,13.394782066345217,11.122381210327148
0,13,33,13.481283187866213,11.12205982208252
0,13,34,13.568489074707031,11.12212371826172
0,13,35,13.656307220458984,11.122552871704102
0,13,36,13.74464511871338,11.123327255249023
0,13,37,13.83341121673584,11.124424934387209
0,13,38,13.922517776489258,11.12582302093506
0,13,39,14.011880874633787,11.127498626708984
0,13,40,14.101420402526855,11.129427909851074
0,13,41,14.191062927246094,11.13158893585205
0,13,42,14.28074073791504,11.133959770202637
0,13,43,14.37039279937744,11.136519432067873
0,13,44,14.459964752197266,11.139248847961426
0,13,45,14.549408912658691,11.142128944396973
0,13,46,14.63868522644043,11.145143508911133
0,13,47,14.727760314941406,11.148276329040527
0,13,48,14.816606521606444,11.151514053344728
0,13,49,14.905203819274902,11.154844284057615
0,13,50,14.993537902832031,11.15825653076172
0,13,51,15.0816011428833,11.16174030303955
0,13,52,15.169389724731444,11.165287971496582
0,13,53,15.256906509399414,11.16889190673828
0,13,54,15.344158172607422,11.17254638671875
0,13,55,15.431157112121582,11.17624568939209
0,13,56,15.51791763305664,11.179986000061035
0,13,57,15.604459762573242,11.18376350402832
0,13,58,15.690805435180664,11.18757438659668
0,13,59,15.77698040008545,11.19141674041748
0,13,60,15.863012313842772,11.195287704467772
0,13,61,15.948931694030762,11.199185371398926
0,13,62,16.034770965576172,11.20310878753662
0,13,63,16.12056541442871,11.20705509185791
0,13,64,16.206350326538086,11.211023330688477
0,13,65,16.292163848876953,11.215011596679688
0,13,66,16.3780460357666,11.21901798248291
0,13,67,16.464035034179688,11.223040580749512
0,13,68,16.550172805786133,11.22707748413086
0,13,69,16.636499404907227,11.231125831604004
0,13,70,16.723058700561523,11.235183715820312
0,13,71,16.809892654418945,11.239249229431152
0,13,72,16.897045135498047,11.243319511413574
0,13,73,16.984560012817383,11.247391700744627
0,13,74,17.072479248046875,11.25146198272705
0,13,75,17.16084861755371,11.25552749633789
0,13,76,17.249710083007812,11.2595853805542
0,13,77,17.339107513427734,11.263631820678713
0,13,78,17.42908477783203,11.26766300201416
0,13,79,17.519685745239258,11.27167510986328
0,13,80,17.610950469970703,11.275664329528809
0,13,81,17.702922821044922,11.279627799987791
0,13,82,17.795642852783203,11.283561706542969
0,13,83,17.88915252685547,11.287461280822754
0,13,84,17.983489990234375,11.2913236618042
0,13,85,18.07869529724121,11.295145988464355
0,13,86,18.1748046875,11.298924446105955
0,13,87,18.2718563079834,11.302655220031738
0,13,88,18.369882583618164,11.306336402893066
0,13,89,18.468917846679688,11.309965133666992
0,13,90,18.568992614746094,11.313539505004885
0,13,91,18.670137405395508,11.317057609558104
0,13,92,18.77237892150879,11.320517539978027
0,13,93,18.8757438659668,11.323918342590332
0,13,94,18.98025321960449,11.327259063720703
0,13,95,19.0859317779541,11.330540657043455
0,13,96,19.19279289245605,11.333762168884276
0,13,97,19.30085563659668,11.33692455291748
0,13,98,19.41012954711914,11.340028762817385
0,13,99,19.520626068115234,11.343077659606934
0,13,100,19.63235092163086,11.34607219696045
0,13,101,19.74530792236328,11.349016189575195
0,13,102,19.859495162963867,11.35191249847412
0,13,103,19.974910736083984,11.354763984680176
0,13,104,20.09154510498047,11.35757541656494
0,13,105,20.209392547607425,11.3603515625
0,13,106,20.32843399047852,11.363097190856934
0,13,107,20.448654174804688,11.36581802368164
0,13,108,20.570030212402344,11.368518829345703
0,13,109,20.69253921508789,11.37120532989502
0,13,110,20.816150665283203,11.373884201049805
0,13,111,20.94083595275879,11.376561164855955
0,13,112,21.066556930541992,11.379241943359377
0,13,113,21.193279266357425,11.381933212280272
0,13,114,21.32095718383789,11.38464069366455
0,13,115,21.44955062866211,11.387370109558104
0,13,116,21.579010009765625,11.390127182006836
0,13,117,21.709291458129883,11.39291763305664
0,13,118,21.84033966064453,11.395746231079102
0,13,119,21.97210502624512,11.398616790771484
0,14,0,10.590152740478516,11.457554817199709
0,14,1,10.653300285339355,11.456884384155272
0,14,2,10.715383529663086,11.45565700531006
0,14,3,10.776501655578612,11.453899383544922
0,14,4,10.836756706237791,11.451640129089355
0,14,5,10.896252632141112,11.4489107131958
0,14,6,10.955095291137695,11.445743560791016
0,14,7,11.01339340209961,11.442171096801758
0,14,8,11.071255683898926,11.43822956085205
0,14,9,11.128791809082031,11.433954238891602
0,14,10,11.186113357543944,11.42938232421875
0,14,11,11.243330955505373,11.424551963806152
0,14,12,11.300557136535645,11.419501304626465
0,14,13,11.357902526855469,11.414271354675291
0,14,14,11.415477752685549,11.40890121459961
0,14,15,11.473393440246582,11.403430938720703
0,14,16,11.531757354736328,11.39790153503418
0,14,17,11.590676307678224,11.392353057861328
0,14,18,11.650253295898438,11.386826515197754
0,14,19,11.710590362548828,11.381361961364746
0,14,20,11.771784782409668,11.375999450683594
0,14,21,11.833930015563965,11.37077808380127
0,14,22,11.897113800048828,11.365736961364746
0,14,23,11.961419105529783,11.360912322998049
0,14,24,12.026921272277832,11.356340408325195
0,14,25,12.093688011169434,11.352055549621582
0,14,26,12.161779403686523,11.34809112548828
0,14,27,12.231246948242188,11.344477653503418
0,14,28,12.302131652832031,11.341242790222168
0,14,29,12.37446403503418,11.33841323852539
0,14,30,12.448264122009276,11.33601188659668
0,14,31,12.523539543151855,11.33405876159668
0,14,32,12.600287437438965,11.332571029663086
0,14,33,12.678491592407228,11.331562042236328
0,14,34,12.758123397827148,11.331042289733888
0,14,35,12.839144706726074,11.331018447875977
0,14,36,12.921504974365234,11.331493377685549
0,14,37,13.005142211914062,11.33246612548828
0,14,38,13.08998680114746,11.333931922912598
0,14,39,13.175959587097168,11.335883140563965
0,14,40,13.26297378540039,11.338309288024902
0,14,41,13.350936889648438,11.341195106506348
0,14,42,13.439751625061035,11.344524383544922
0,14,43,13.52931785583496,11.34827709197998
0,14,44,13.61953353881836,11.352432250976562
0,14,45,13.710296630859377,11.356966018676758
0,14,46,13.801505088806152,11.36185359954834
0,14,47,13.893060684204102,11.367069244384766
0,14,48,13.984867095947266,11.372587203979492
0,14,49,14.07683277130127,11.37838077545166
0,14,50,14.16887092590332,11.38442325592041
0,14,51,14.26090145111084,11.3906888961792
0,14,52,14.352849960327148,11.397153854370115
0,14,53,14.44464874267578,11.40379238128662
0,14,54,14.536236763000488,11.410582542419434
0,14,55,14.62756061553955,11.417503356933594
0,14,56,14.718572616577148,11.424532890319824
0,14,57,14.809233665466309,11.43165397644043
0,14,58,14.899510383605955,11.438848495483398
0,14,59,14.989376068115234,11.446101188659668
0,14,60,15.07880973815918,11.453396797180176
0,14,61,15.167798042297363,11.460722923278809
0,14,62,15.25633144378662,11.46806812286377
0,14,63,15.344406127929688,11.475421905517578
0,14,64,15.432022094726562,11.48277473449707
0,14,65,15.519185066223145,11.490118980407717
0,14,66,15.60590362548828,11.49744701385498
0,14,67,15.692191123962402,11.504751205444336
0,14,68,15.778063774108888,11.5120267868042
0,14,69,15.863540649414062,11.519268035888672
0,14,70,15.94864273071289,11.526470184326172
0,14,71,16.033395767211914,11.533628463745115
0,14,72,16.11782455444336,11.540738105773926
0,14,73,16.201955795288086,11.547795295715332
0,14,74,16.28582191467285,11.55479621887207
0,14,75,16.36945152282715,11.561737060546877
0,14,76,16.452878952026367,11.56861400604248
0,14,77,16.536136627197266,11.575422286987305
0,14,78,16.619258880615234,11.582158088684082
0,14,79,16.702281951904297,11.58881664276123
0,14,80,16.785240173339844,11.595393180847168
0,14,81,16.8681697845459,11.601882934570312
0,14,82,16.951107025146484,11.608281135559082
0,14,83,17.034090042114258,11.614582061767578
0,14,84,17.117155075073242,11.620779991149902
0,14,85,17.200340270996094,11.626869201660156
0,14,86,17.28368377685547,11.63284397125244
0,14,87,17.367223739624023,11.638697624206545
0,14,88,17.45099449157715,11.644423484802246
0,14,89,17.535036087036133,11.650014877319336
0,14,90,17.619384765625,11.65546417236328
0,14,91,17.70408058166504,11.66076374053955
0,14,92,17.78915786743164,11.66590690612793
0,14,93,17.87465476989746,11.670886039733888
0,14,94,17.96060562133789,11.675692558288574
0,14,95,18.047048568725582,11.68031883239746
0,14,96,18.134017944335938,11.684757232666016
0,14,97,18.221548080444336,11.689000129699709
0,14,98,18.30967330932617,11.693038940429688
0,14,99,18.39842796325684,11.696866035461426
0,14,100,18.487842559814453,11.70047378540039
0,14,101,18.57794952392578,11.70385456085205
0,14,102,18.668779373168945,11.707000732421877
0,14,103,18.76036262512207,11.709904670715332
0,14,104,18.852724075317383,11.712559700012209
0,14,105,18.945894241333008,11.714960098266602
0,14,106,19.039894104003903,11.7170991897583
0,14,107,19.134750366210938,11.718971252441406
0,14,108,19.230484008789062,11.72057056427002
0,14,109,19.32711601257324,11.721893310546877
0,14,110,19.42466163635254,11.72293472290039
0,14,111,19.52313995361328,11.7236909866333
0,14,112,19.622560501098636,11.724159240722656
0,14,113,19.722938537597656,11.724337577819824
0,14,114,19.824277877807617,11.724225044250488
0,14,115,19.926589965820312,11.723819732666016
0,14,116,20.02987289428711,11.723122596740724
0,14,117,20.134130477905277,11.72213363647461
0,14,118,20.23935890197754,11.720853805541992
0,14,119,20.345552444458008,11.71928596496582
0,15,0,11.022221565246582,11.562540054321287
0,15,1,11.081222534179688,11.559096336364746
0,15,2,11.139538764953612,11.555097579956056
0,15,3,11.197273254394531,11.550576210021973
0,15,4,11.254531860351562,11.545564651489258
0,15,5,11.31142234802246,11.540099143981934
0,15,6,11.368053436279297,11.534215927124023
0,15,7,11.424534797668455,11.527952194213867
0,15,8,11.480977058410645,11.521347999572754
0,15,9,11.537492752075195,11.51444149017334
0,15,10,11.594192504882812,11.507274627685549
0,15,11,11.651187896728516,11.49988842010498
0,15,12,11.708589553833008,11.49232578277588
0,15,13,11.766507148742676,11.484628677368164
0,15,14,11.825047492980955,11.476840019226074
0,15,15,11.884316444396973,11.469002723693848
0,15,16,11.944416046142578,11.461159706115724
0,15,17,12.005444526672363,11.453354835510254
0,15,18,12.067495346069336,11.445629119873049
0,15,19,12.130657196044922,11.43802547454834
0,15,20,12.195012092590332,11.430583953857422
0,15,21,12.26063346862793,11.423343658447266
0,15,22,12.327588081359863,11.416343688964844
0,15,23,12.395933151245115,11.409619331359863
0,15,24,12.465715408325195,11.403205871582031
0,15,25,12.53697109222412,11.397133827209473
0,15,26,12.609724044799805,11.391432762145996
0,15,27,12.683987617492676,11.38612937927246
0,15,28,12.759760856628418,11.381245613098145
0,15,29,12.837030410766602,11.376800537109377
0,15,30,12.915770530700684,11.372810363769531
0,15,31,12.995944023132324,11.369285583496094
0,15,32,13.077499389648438,11.366233825683594
0,15,33,13.160375595092772,11.363658905029297
0,15,34,13.244500160217283,11.361559867858888
0,15,35,13.329792022705078,11.35993194580078
0,15,36,13.416163444519045,11.358766555786133
0,15,37,13.50351905822754,11.358052253723145
0,15,38,13.591758728027344,11.357773780822754
0,15,39,13.680780410766602,11.35791301727295
0,15,40,13.770479202270508,11.358449935913086
0,15,41,13.860751152038574,11.359362602233888
0,15,42,13.951494216918944,11.36062717437744
0,15,43,14.042609214782717,11.36221981048584
0,15,44,14.133999824523926,11.36411476135254
0,15,45,14.225576400756836,11.366287231445312
0,15,46,14.317254066467283,11.368712425231934
0,15,47,14.408955574035645,11.371366500854492
0,15,48,14.500609397888184,11.374226570129396
0,15,49,14.59215259552002,11.377269744873049
0,15,50,14.6835298538208,11.380475044250488
0,15,51,14.77469253540039,11.38382339477539
0,15,52,14.8656005859375,11.38729763031006
0,15,53,14.956220626831056,11.390881538391112
0,15,54,15.046526908874512,11.394559860229492
0,15,55,15.13650131225586,11.398320198059082
0,15,56,15.226130485534668,11.40215015411377
0,15,57,15.315407752990724,11.40604019165039
0,15,58,15.404333114624023,11.409981727600098
0,15,59,15.492910385131836,11.413966178894045
0,15,60,15.581148147583008,11.417986869812012
0,15,61,15.669061660766602,11.422039031982422
0,15,62,15.756669044494627,11.426116943359377
0,15,63,15.843990325927734,11.430215835571287
0,15,64,15.93105125427246,11.434332847595217
0,15,65,16.017879486083984,11.438464164733888
0,15,66,16.104503631591797,11.442606925964355
0,15,67,16.19095802307129,11.446758270263672
0,15,68,16.27727508544922,11.450915336608888
0,15,69,16.363492965698242,11.455076217651367
0,15,70,16.449649810791016,11.459237098693848
0,15,71,16.535783767700195,11.463397026062012
0,15,72,16.62193489074707,11.467552185058594
0,15,73,16.708145141601562,11.47170066833496
0,15,74,16.794456481933594,11.475838661193848
0,15,75,16.880910873413086,11.479963302612305
0,15,76,16.967552185058594,11.484071731567385
0,15,77,17.054424285888672,11.488160133361816
0,15,78,17.141571044921875,11.492223739624023
0,15,79,17.22903823852539,11.496259689331056
0,15,80,17.31686782836914,11.500264167785645
0,15,81,17.405105590820312,11.504231452941896
0,15,82,17.49379539489746,11.508158683776855
0,15,83,17.58298110961914,11.512040138244627
0,15,84,17.67270851135254,11.515871047973633
0,15,85,17.763019561767578,11.519646644592283
0,15,86,17.85395622253418,11.523362159729004
0,15,87,17.9455623626709,11.527012825012209
0,15,88,18.037878036499023,11.530593872070312
0,15,89,18.13094520568848,11.534100532531738
0,15,90,18.224803924560547,11.537527084350586
0,15,91,18.319494247436523,11.54086971282959
0,15,92,18.4150505065918,11.544124603271484
0,15,93,18.511512756347656,11.547286987304688
0,15,94,18.60891342163086,11.550353050231934
0,15,95,18.70728874206543,11.553318977355955
0,15,96,18.80666732788086,11.556181907653809
0,15,97,18.907081604003903,11.558938026428224
0,15,98,19.00855827331543,11.561585426330566
0,15,99,19.11112594604492,11.564123153686523
0,15,100,19.21480369567871,11.566548347473145
0,15,101,19.319616317749023,11.56886100769043
0,15,102,19.425580978393555,11.571060180664062
0,15,103,19.53271484375,11.573145866394045
0,15,104,19.64102935791016,11.575119018554688
0,15,105,19.750537872314453,11.576981544494627
0,15,106,19.861242294311523,11.578734397888184
0,15,107,19.97315216064453,11.5803804397583
0,15,108,20.08626365661621,11.581923484802246
0,15,109,20.20057678222656,11.583366394042969
0,15,110,20.316082000732425,11.584712982177734
0,15,111,20.43277359008789,11.58596897125244
0,15,112,20.55063247680664,11.587139129638672
0,15,113,20.669647216796875,11.588229179382324
0,15,114,20.789793014526367,11.589244842529297
0,15,115,20.911046981811523,11.59019374847412
0,15,116,21.03338050842285,11.591081619262695
0,15,117,21.15676498413086,11.591915130615234
0,15,118,21.28116226196289,11.59270191192627
0,15,119,21.406538009643555,11.593448638916016
0,16,0,10.736867904663086,10.83694553375244
0,16,1,10.80018138885498,10.836360931396484
0,16,2,10.863083839416504,10.835419654846191
0,16,3,10.925688743591309,10.83415699005127
0,16,4,10.988109588623049,10.832611083984377
0,16,5,11.050458908081056,10.83082103729248
0,16,6,11.112848281860352,10.828824996948242
0,16,7,11.17538833618164,10.826664924621582
0,16,8,11.238186836242676,10.824380874633787
0,16,9,11.301349639892578,10.822013854980469
0,16,10,11.364977836608888,10.81960678100586
0,16,11,11.429170608520508,10.81719970703125
0,16,12,11.49402141571045,10.814834594726562
0,16,13,11.559618949890137,10.81255054473877
0,16,14,11.626046180725098,10.810388565063477
0,16,15,11.693379402160645,10.80838680267334
0,16,16,11.761688232421877,10.806581497192385
0,16,17,11.83103370666504,10.805008888244627
0,16,18,11.901467323303224,10.803701400756836
0,16,19,11.97303295135498,10.802689552307127
0,16,20,12.045763969421388,10.802001953125
0,16,21,12.119684219360352,10.801664352416992
0,16,22,12.194806098937988,10.801698684692385
0,16,23,12.27113151550293,10.802123069763184
0,16,24,12.348651885986328,10.802952766418455
0,16,25,12.427348136901855,10.80419921875
0,16,26,12.50719165802002,10.805869102478027
0,16,27,12.588142395019531,10.80796718597412
0,16,28,12.67015266418457,10.81049346923828
0,16,29,12.753165245056152,10.813443183898926
0,16,30,12.837117195129396,10.81680965423584
0,16,31,12.9219388961792,10.820582389831545
0,16,32,13.00755500793457,10.824748039245604
0,16,33,13.093887329101562,10.829290390014648
0,16,34,13.180852890014648,10.834190368652344
0,16,35,13.268369674682615,10.83942699432373
0,16,36,13.35635471343994,10.844979286193848
0,16,37,13.44472599029541,10.850824356079102
0,16,38,13.533402442932127,10.856937408447266
0,16,39,13.622306823730469,10.863295555114746
0,16,40,13.71136474609375,10.869874000549316
0,16,41,13.80050563812256,10.876648902893066
0,16,42,13.88966464996338,10.883597373962402
0,16,43,13.978781700134276,10.89069652557373
0,16,44,14.06780242919922,10.89792537689209
0,16,45,14.156678199768066,10.905263900756836
0,16,46,14.245365142822266,10.91269302368164
0,16,47,14.333827018737791,10.920194625854492
0,16,48,14.42203140258789,10.927753448486328
0,16,49,14.509952545166016,10.935354232788086
0,16,50,14.597570419311523,10.942984580993652
0,16,51,14.684869766235352,10.950631141662598
0,16,52,14.77184009552002,10.958284378051758
0,16,53,14.858475685119627,10.965933799743652
0,16,54,14.944775581359863,10.97357177734375
0,16,55,15.030742645263672,10.981189727783203
0,16,56,15.11638355255127,10.988781929016112
0,16,57,15.201708793640137,10.996342658996582
0,16,58,15.286731719970703,11.003866195678713
0,16,59,15.371469497680664,11.011348724365234
0,16,60,15.455939292907717,11.01878547668457
0,16,61,15.540164947509766,11.026172637939451
0,16,62,15.62416934967041,11.033507347106934
0,16,63,15.707977294921877,11.040786743164062
0,16,64,15.791617393493652,11.048007011413574
0,16,65,15.875118255615234,11.055166244506836
0,16,66,15.95850944519043,11.062260627746582
0,16,67,16.04182243347168,11.06928825378418
0,16,68,16.125091552734375,11.076245307922363
0,16,69,16.208349227905273,11.083128929138184
0,16,70,16.291629791259766,11.089936256408691
0,16,71,16.374967575073242,11.09666347503662
0,16,72,16.458398818969727,11.103306770324709
0,16,73,16.541959762573242,11.109862327575684
0,16,74,16.625686645507812,11.116327285766602
0,16,75,16.70961570739746,11.12269687652588
0,16,76,16.79378318786621,11.128966331481934
0,16,77,16.87822723388672,11.135130882263184
0,16,78,16.96298599243164,11.141186714172363
0,16,79,17.048095703125,11.147128105163574
0,16,80,17.13359260559082,11.152950286865234
0,16,81,17.219512939453125,11.158647537231444
0,16,82,17.30589485168457,11.164215087890623
0,16,83,17.39277458190918,11.16964626312256
0,16,84,17.480188369750977,11.17493724822998
0,16,85,17.56817054748535,11.180081367492676
0,16,86,17.656757354736328,11.185072898864746
0,16,87,17.745981216430664,11.18990707397461
0,16,88,17.83587646484375,11.194578170776367
0,16,89,17.926475524902344,11.199081420898438
0,16,90,18.01780891418457,11.203410148620604
0,16,91,18.109909057617188,11.207560539245604
0,16,92,18.20280265808105,11.211527824401855
0,16,93,18.296520233154297,11.215307235717772
0,16,94,18.39108657836914,11.218894958496094
0,16,95,18.486528396606445,11.22228717803955
0,16,96,18.58286666870117,11.22548007965088
0,16,97,18.680126190185547,11.228470802307127
0,16,98,18.778322219848636,11.231257438659668
0,16,99,18.87747573852539,11.233837127685549
0,16,100,18.977598190307617,11.23620891571045
0,16,101,19.078706741333008,11.23837184906006
0,16,102,19.18080711364746,11.240325927734377
0,16,103,19.283910751342773,11.242071151733398
0,16,104,19.388019561767575,11.243607521057127
0,16,105,19.493139266967773,11.244937896728516
0,16,106,19.59926414489746,11.246063232421877
0,16,107,19.706396102905277,11.246987342834473
0,16,108,19.81452369689941,11.24771213531494
0,16,109,19.92363929748535,11.248242378234863
0,16,110,20.033727645874023,11.24858283996582
0,16,111,20.144775390625,11.248737335205078
0,16,112,20.256759643554688,11.248712539672852
0,16,113,20.36966133117676,11.248513221740724
0,16,114,20.48344993591309,11.248146057128906
0,16,115,20.59809875488281,11.247617721557615
0,16,116,20.713573455810547,11.246933937072754
0,16,117,20.829843521118164,11.246103286743164
0,16,118,20.94686508178711,11.245131492614746
0,16,119,21.06460189819336,11.244026184082031
0,17,0,11.244657516479492,10.990653038024902
0,17,1,11.305255889892578,10.986878395080566
0,17,2,11.365853309631348,10.982772827148438
0,17,3,11.426558494567873,10.978378295898438
0,17,4,11.487479209899902,10.973737716674805
0,17,5,11.548721313476562,10.968894958496094
0,17,6,11.610387802124023,10.963894844055176
0,17,7,11.672578811645508,10.958781242370604
0,17,8,11.735390663146973,10.953598976135254
0,17,9,11.798914909362791,10.948392868041992
0,17,10,11.863238334655762,10.943207740783691
0,17,11,11.92844009399414,10.938085556030272
0,17,12,11.994593620300291,10.933069229125977
0,17,13,12.06176471710205,10.928199768066406
0,17,14,12.130009651184082,10.92351531982422
0,17,15,12.199377059936523,10.91905403137207
0,17,16,12.269904136657717,10.914849281311035
0,17,17,12.341619491577148,10.910932540893556
0,17,18,12.414539337158203,10.907331466674805
0,17,19,12.488670349121094,10.904071807861328
0,17,20,12.564007759094238,10.901174545288086
0,17,21,12.640536308288574,10.898655891418455
0,17,22,12.718229293823242,10.896530151367188
0,17,23,12.797051429748535,10.894805908203123
0,17,24,12.87695598602295,10.893487930297852
0,17,25,12.95788860321045,10.892577171325684
0,17,26,13.039788246154783,10.892070770263672
0,17,27,13.122587203979492,10.891963005065918
0,17,28,13.20621109008789,10.89224338531494
0,17,29,13.290582656860352,10.892899513244627
0,17,30,13.375622749328612,10.893916130065918
0,17,31,13.461249351501465,10.895275115966797
0,17,32,13.547381401062012,10.896958351135254
0,17,33,13.633939743041992,10.898945808410645
0,17,34,13.720844268798828,10.901215553283691
0,17,35,13.80802059173584,10.903746604919434
0,17,36,13.895398139953612,10.90651798248291
0,17,37,13.982909202575684,10.909507751464844
0,17,38,14.070491790771484,10.91269588470459
0,17,39,14.158090591430664,10.916062355041504
0,17,40,14.245655059814451,10.919589042663574
0,17,41,14.33314037322998,10.923258781433104
0,17,42,14.42050838470459,10.92705535888672
0,17,43,14.507726669311523,10.930963516235352
0,17,44,14.594769477844238,10.93497085571289
0,17,45,14.681615829467772,10.939064979553224
0,17,46,14.768250465393066,10.94323444366455
0,17,47,14.854663848876951,10.947470664978027
0,17,48,14.940851211547852,10.951765060424805
0,17,49,15.026812553405762,10.956110954284668
0,17,50,15.112552642822266,10.960501670837402
0,17,51,15.198080062866213,10.964932441711426
0,17,52,15.283407211303713,10.969399452209473
0,17,53,15.368549346923828,10.97389793395996
0,17,54,15.453526496887209,10.97842502593994
0,17,55,15.538360595703123,10.982977867126465
0,17,56,15.623075485229492,10.987554550170898
0,17,57,15.707697868347168,10.99215316772461
0,17,58,15.792258262634276,10.996770858764648
0,17,59,15.876786231994627,11.0014066696167
0,17,60,15.96131420135498,11.006059646606444
0,17,61,16.04587745666504,11.010726928710938
0,17,62,16.130512237548828,11.01540756225586
0,17,63,16.215253829956055,11.020099639892578
0,17,64,16.300140380859375,11.024802207946776
0,17,65,16.385210037231445,11.029512405395508
0,17,66,16.470500946044922,11.034228324890137
0,17,67,16.556055068969727,11.038948059082031
0,17,68,16.64191246032715,11.04366970062256
0,17,69,16.728113174438477,11.048389434814451
0,17,70,16.814697265625,11.053105354309082
0,17,71,16.90170669555664,11.057814598083496
0,17,72,16.98918342590332,11.062514305114746
0,17,73,17.07716941833496,11.067200660705566
0,17,74,17.16570472717285,11.071870803833008
0,17,75,17.25482940673828,11.076520919799805
0,17,76,17.344585418701172,11.081148147583008
0,17,77,17.435012817382812,11.085748672485352
0,17,78,17.526151657104492,11.09031867980957
0,17,79,17.618040084838867,11.094855308532717
0,17,80,17.710718154907227,11.09935474395752
0,17,81,17.804222106933594,11.103814125061035
0,17,82,17.898588180541992,11.108230590820312
0,17,83,17.993852615356445,11.112600326538086
0,17,84,18.090049743652344,11.116920471191406
0,17,85,18.187211990356445,11.12118911743164
0,17,86,18.285369873046875,11.125404357910156
0,17,87,18.38455581665039,11.129563331604004
0,17,88,18.48479461669922,11.13366413116455
0,17,89,18.58611297607422,11.13770580291748
0,17,90,18.688535690307617,11.141688346862791
0,17,91,18.792085647583008,11.145609855651855
0,17,92,18.896778106689453,11.149471282958984
0,17,93,19.002634048461918,11.15327262878418
0,17,94,19.109664916992188,11.15701389312744
0,17,95,19.217884063720703,11.16069793701172
0,17,96,19.32729721069336,11.164325714111328
0,17,97,19.437911987304688,11.167899131774902
0,17,98,19.549728393554688,11.17142105102539
0,17,99,19.662748336791992,11.17489528656006
0,17,100,19.776966094970703,11.178324699401855
0,17,101,19.89237403869629,11.181713104248049
0,17,102,20.008960723876957,11.185065269470217
0,17,103,20.126712799072266,11.188386917114258
0,17,104,20.2456111907959,11.19168186187744
0,17,105,20.36563491821289,11.194955825805664
0,17,106,20.486757278442383,11.198213577270508
0,17,107,20.60895538330078,11.201461791992188
0,17,108,20.732192993164062,11.204705238342283
0,17,109,20.85643768310547,11.207950592041016
0,17,110,20.981651306152344,11.21120262145996
0,17,111,21.10779571533203,11.214468002319336
0,17,112,21.23482322692871,11.217751502990724
0,17,113,21.362693786621094,11.221057891845703
0,17,114,21.491355895996094,11.224392890930176
0,17,115,21.62076187133789,11.227760314941406
0,17,116,21.75085830688477,11.231164932250977
0,17,117,21.881593704223636,11.234610557556152
0,17,118,22.012910842895508,11.238100051879885
0,17,119,22.144758224487305,11.241636276245115
0,18,0,10.69733428955078,11.597158432006836
0,18,1,10.759345054626465,11.595844268798828
0,18,2,10.820301055908203,11.593942642211914
0,18,3,10.88029956817627,11.59148120880127
0,18,4,10.93943977355957,11.588488578796388
0,18,5,10.997822761535645,11.584996223449709
0,18,6,11.05555248260498,11.581035614013672
0,18,7,11.1127347946167,11.576640129089355
0,18,8,11.169476509094238,11.571844100952148
0,18,9,11.225887298583984,11.56668472290039
0,18,10,11.282075881958008,11.561198234558104
0,18,11,11.338151931762695,11.55542278289795
0,18,12,11.394227027893066,11.549397468566896
0,18,13,11.45041275024414,11.54316234588623
0,18,14,11.506818771362305,11.53675651550293
0,18,15,11.563555717468262,11.530220985412598
0,18,16,11.620733261108398,11.52359676361084
0,18,17,11.678459167480469,11.516923904418944
0,18,18,11.736838340759276,11.510244369506836
0,18,19,11.795974731445312,11.503599166870115
0,18,20,11.85596752166748,11.497028350830078
0,18,21,11.916913032531738,11.490571975708008
0,18,22,11.97890281677246,11.48426914215088
0,18,23,12.04202365875244,11.478157997131348
0,18,24,12.10635471343994,11.47227668762207
0,18,25,12.171969413757324,11.466660499572754
0,18,26,12.238932609558104,11.461343765258787
0,18,27,12.307299613952637,11.456358909606934
0,18,28,12.377118110656738,11.451736450195312
0,18,29,12.448423385620115,11.447504997253418
0,18,30,12.521240234375,11.443689346313477
0,18,31,12.595582962036133,11.440311431884766
0,18,32,12.671452522277832,11.43739128112793
0,18,33,12.748838424682615,11.434945106506348
0,18,34,12.827716827392578,11.432985305786133
0,18,35,12.908051490783691,11.43152141571045
0,18,36,12.989795684814451,11.43055820465088
0,18,37,13.072890281677246,11.430097579956056
0,18,38,13.157266616821287,11.430137634277344
0,18,39,13.242846488952637,11.430672645568848
0,18,40,13.32954216003418,11.431693077087402
0,18,41,13.417261123657228,11.433187484741213
0,18,42,13.505904197692873,11.435139656066896
0,18,43,13.59536838531494,11.43753147125244
0,18,44,13.68554973602295,11.440342903137209
0,18,45,13.776341438293455,11.443551063537598
0,18,46,13.867637634277344,11.447132110595703
0,18,47,13.959336280822754,11.451061248779297
0,18,48,14.051336288452148,11.455312728881836
0,18,49,14.14354133605957,11.45985984802246
0,18,50,14.235861778259276,11.464675903320312
0,18,51,14.328211784362791,11.469735145568848
0,18,52,14.420513153076172,11.47501277923584
0,18,53,14.512693405151367,11.480483055114746
0,18,54,14.60468864440918,11.486124038696287
0,18,55,14.69644260406494,11.491912841796877
0,18,56,14.787904739379885,11.49782943725586
0,18,57,14.879033088684082,11.503854751586914
0,18,58,14.969791412353516,11.509970664978027
0,18,59,15.060152053833008,11.516161918640137
0,18,60,15.15009307861328,11.52241325378418
0,18,61,15.239599227905272,11.528711318969728
0,18,62,15.32866096496582,11.53504467010498
0,18,63,15.41727352142334,11.541401863098145
0,18,64,15.505437850952148,11.547774314880373
0,18,65,15.593159675598145,11.554153442382812
0,18,66,15.680447578430176,11.560532569885254
0,18,67,15.767315864562988,11.566904067993164
0,18,68,15.853781700134276,11.573262214660645
0,18,69,15.939865112304688,11.579602241516112
0,18,70,16.025588989257812,11.585919380187988
0,18,71,16.110979080200195,11.592207908630373
0,18,72,16.196063995361328,11.598464965820312
0,18,73,16.280872344970703,11.60468578338623
0,18,74,16.365434646606445,11.61086654663086
0,18,75,16.449785232543945,11.617003440856934
0,18,76,16.533958435058594,11.623092651367188
0,18,77,16.61798858642578,11.62912940979004
0,18,78,16.70191192626953,11.63511085510254
0,18,79,16.7857666015625,11.641032218933104
0,18,80,16.86958885192871,11.646888732910156
0,18,81,16.953418731689453,11.65267562866211
0,18,82,17.037294387817383,11.658388137817385
0,18,83,17.121253967285156,11.664021492004396
0,18,84,17.205337524414062,11.66956901550293
0,18,85,17.28958511352539,11.675025939941406
0,18,86,17.37403678894043,11.680386543273926
0,18,87,17.45873260498047,11.685644149780272
0,18,88,17.543710708618164,11.690792083740234
0,18,89,17.629011154174805,11.695823669433594
0,18,90,17.714672088623047,11.700732231140137
0,18,91,17.800735473632812,11.705511093139648
0,18,92,17.887237548828125,11.710152626037598
0,18,93,17.974220275878906,11.714649200439451
0,18,94,18.061717987060547,11.718994140625
0,18,95,18.14977264404297,11.723179817199709
0,18,96,18.23841667175293,11.727197647094728
0,18,97,18.32769012451172,11.73104190826416
0,18,98,18.417625427246094,11.73470401763916
0,18,99,18.50826072692871,11.738177299499512
0,18,100,18.59962654113769,11.741454124450684
0,18,101,18.69175720214844,11.744528770446776
0,18,102,18.784683227539062,11.747393608093262
0,18,103,18.87843513488769,11.750041961669922
0,18,104,18.973041534423828,11.752469062805176
0,18,105,19.068531036376957,11.754668235778809
0,18,106,19.16492462158203,11.756634712219238
0,18,107,19.262250900268555,11.758363723754885
0,18,108,19.36052894592285,11.759851455688477
0,18,109,19.459779739379883,11.761093139648438
0,18,110,19.56001853942871,11.762086868286133
0,18,111,19.661264419555664,11.762829780578612
0,18,112,19.763526916503903,11.763320922851562
0,18,113,19.866817474365234,11.763558387756348
0,18,114,19.971141815185547,11.763542175292969
0,18,115,20.07650756835937,11.763273239135742
0,18,116,20.182910919189453,11.762752532958984
0,18,117,20.290355682373047,11.761981964111328
0,18,118,20.398832321166992,11.760964393615724
0,18,119,20.508337020874023,11.759702682495115
0,19,0,10.845731735229492,10.76156997680664
0,19,1,10.908913612365724,10.760706901550291
0,19,2,10.971858978271484,10.759531021118164
0,19,3,11.034679412841797,10.758079528808594
0,19,4,11.097487449645996,10.756392478942873
0,19,5,11.160391807556152,10.754509925842283
0,19,6,11.22350025177002,10.752473831176758
0,19,7,11.28691864013672,10.750325202941896
0,19,8,11.350748062133787,10.748106002807615
0,19,9,11.415087699890137,10.745858192443848
0,19,10,11.480030059814451,10.743623733520508
0,19,11,11.54566478729248,10.741442680358888
0,19,12,11.61207389831543,10.73935604095459
0,19,13,11.67933464050293,10.737403869628906
0,19,14,11.747515678405762,10.73562240600586
0,19,15,11.816678047180176,10.734048843383787
0,19,16,11.886874198913574,10.73271656036377
0,19,17,11.958148956298828,10.73165798187256
0,19,18,12.030535697937012,10.730901718139648
0,19,19,12.104058265686035,10.730473518371582
0,19,20,12.178730964660645,10.730396270751951
0,19,21,12.254557609558104,10.730690002441406
0,19,22,12.331530570983888,10.731369972229004
0,19,23,12.409632682800291,10.73244857788086
0,19,24,12.488836288452148,10.733933448791504
0,19,25,12.56910514831543,10.73582935333252
0,19,26,12.65039348602295,10.738136291503906
0,19,27,12.732648849487305,10.740851402282717
0,19,28,12.81580924987793,10.743968963623049
0,19,29,12.899808883666992,10.747477531433104
0,19,30,12.984577178955078,10.751365661621094
0,19,31,13.070038795471191,10.755617141723633
0,19,32,13.156115531921388,10.760213851928713
0,19,33,13.24272918701172,10.76513671875
0,19,34,13.329800605773926,10.77036476135254
0,19,35,13.417250633239746,10.775875091552734
0,19,36,13.505003929138184,10.781645774841309
0,19,37,13.592985153198242,10.787652969360352
0,19,38,13.681124687194824,10.79387378692627
0,19,39,13.769356727600098,10.800285339355469
0,19,40,13.85761833190918,10.806865692138672
0,19,41,13.945853233337402,10.813592910766602
0,19,42,14.03400993347168,10.820446968078612
0,19,43,14.122042655944824,10.82740879058838
0,19,44,14.20991039276123,10.834461212158203
0,19,45,14.297577857971191,10.841586112976074
0,19,46,14.385016441345217,10.848769187927246
0,19,47,14.472201347351074,10.855996131896973
0,19,48,14.559114456176758,10.863255500793455
0,19,49,14.64574146270752,10.870534896850586
0,19,50,14.732074737548828,10.877824783325195
0,19,51,14.818108558654783,10.88511562347412
0,19,52,14.903843879699709,10.892399787902832
0,19,53,14.98928451538086,10.899670600891112
0,19,54,15.074437141418455,10.906922340393066
0,19,55,15.159314155578612,10.914149284362791
0,19,56,15.24392795562744,10.921346664428713
0,19,57,15.328296661376951,10.928510665893556
0,19,58,15.412440299987791,10.93563747406006
0,19,59,15.496379852294922,10.942723274230955
0,19,60,15.58013916015625,10.9497652053833
0,19,61,15.663744926452637,10.956761360168455
0,19,62,15.747224807739258,10.963708877563477
0,19,63,15.830607414245604,10.97060489654541
0,19,64,15.91392421722412,10.977446556091309
0,19,65,15.997206687927246,10.984230995178224
0,19,66,16.080486297607422,10.99095630645752
0,19,67,16.163799285888672,10.99761962890625
0,19,68,16.247177124023438,11.004217147827148
0,19,69,16.330657958984375,11.010746955871582
0,19,70,16.414276123046875,11.017205238342283
0,19,71,16.49806785583496,11.023588180541992
0,19,72,16.582069396972656,11.029892921447754
0,19,73,16.666318893432617,11.036115646362305
0,19,74,16.750852584838867,11.042251586914062
0,19,75,16.835708618164062,11.048296928405762
0,19,76,16.92092514038086,11.05424690246582
0,19,77,17.00653648376465,11.060097694396973
0,19,78,17.09258270263672,11.065844535827637
0,19,79,17.179100036621094,11.07148265838623
0,19,80,17.266124725341797,11.077006340026855
0,19,81,17.35369300842285,11.082411766052246
0,19,82,17.44184112548828,11.087693214416504
0,19,83,17.53060531616211,11.092845916748049
0,19,84,17.620019912719727,11.097865104675291
0,19,85,17.71011734008789,11.10274600982666
0,19,86,17.800931930541992,11.107483863830566
0,19,87,17.892498016357422,11.11207389831543
0,19,88,17.984844207763672,11.116511344909668
0,19,89,18.078001022338867,11.120792388916016
0,19,90,18.1719970703125,11.124913215637209
0,19,91,18.26686286926269,11.128870010375977
0,19,92,18.36261940002441,11.132659912109377
0,19,93,18.45929527282715,11.136279106140137
0,19,94,18.556909561157227,11.139725685119627
0,19,95,18.65548515319824,11.142996788024902
0,19,96,18.75503921508789,11.14609146118164
0,19,97,18.855588912963867,11.149007797241213
0,19,98,18.95714569091797,11.151745796203612
0,19,99,19.059724807739254,11.154305458068848
0,19,100,19.163330078125,11.156686782836914
0,19,101,19.267972946166992,11.158890724182127
0,19,102,19.3736515045166,11.160919189453123
0,19,103,19.480371475219727,11.162775039672852
0,19,104,19.58812522888184,11.16446018218994
0,19,105,19.696910858154297,11.165977478027344
0,19,106,19.806716918945312,11.16733169555664
0,19,107,19.91753387451172,11.168526649475098
0,19,108,20.029342651367188,11.169567108154297
0,19,109,20.14212989807129,11.170458793640137
0,19,110,20.255868911743164,11.171207427978516
0,19,111,20.37053871154785,11.171818733215332
0,19,112,20.486106872558597,11.172298431396484
0,19,113,20.60254669189453,11.172653198242188
0,19,114,20.719820022583008,11.172890663146973
0,19,115,20.837894439697266,11.173016548156738
0,19,116,20.95672607421875,11.1730375289917
0,19,117,21.07627487182617,11.172961235046388
0,19,118,21.196495056152344,11.1727933883667
0,19,119,21.31734085083008,11.172540664672852
1,0,0,10.277613639831545,11.712824821472168
1,0,1,10.351469993591309,11.727392196655272
1,0,2,10.425081253051758,11.741971969604492
1,0,3,10.498483657836914,11.756584167480469
1,0,4,10.571714401245115,11.771247863769531
1,0,5,10.644807815551758,11.785982131958008
1,0,6,10.71779727935791,11.800804138183594
1,0,7,10.790714263916016,11.8157320022583
1,0,8,10.863587379455566,11.830780982971191
1,0,9,10.936443328857422,11.845965385437012
1,0,10,11.009305953979492,11.861299514770508
1,0,11,11.082198143005373,11.876795768737791
1,0,12,11.155139923095703,11.892464637756348
1,0,13,11.228147506713867,11.908315658569336
1,0,14,11.30123519897461,11.924358367919922
1,0,15,11.374414443969728,11.940598487854004
1,0,16,11.447693824768066,11.95704174041748
1,0,17,11.521080017089844,11.973692893981934
1,0,18,11.594576835632324,11.990553855895996
1,0,19,11.668184280395508,12.0076265335083
1,0,20,11.741900444030762,12.024910926818848
1,0,21,11.81572151184082,12.042405128479004
1,0,22,11.889640808105469,12.06010627746582
1,0,23,11.96364974975586,12.078011512756348
1,0,24,12.037737846374512,12.096115112304688
1,0,25,12.111891746520996,12.114410400390623
1,0,26,12.186097145080566,12.132889747619627
1,0,27,12.26033878326416,12.151545524597168
1,0,28,12.334598541259766,12.170368194580078
1,0,29,12.408858299255373,12.18934726715088
1,0,30,12.483098983764648,12.20847225189209
1,0,31,12.55730152130127,12.227730751037598
1,0,32,12.631444931030272,12.247110366821287
1,0,33,12.705509185791016,12.266597747802734
1,0,34,12.77947235107422,12.286179542541504
1,0,35,12.853315353393556,12.305841445922852
1,0,36,12.927017211914062,12.325568199157717
1,0,37,13.00055980682373,12.345346450805664
1,0,38,13.07392406463623,12.36515998840332
1,0,39,13.147092819213867,12.384994506835938
1,0,40,13.220047950744627,12.404833793640137
1,0,41,13.29277515411377,12.424662590026855
1,0,42,13.365260124206545,12.444465637207031
1,0,43,13.437490463256836,12.464226722717283
1,0,44,13.509453773498535,12.483931541442873
1,0,45,13.581140518188477,12.50356388092041
1,0,46,13.652543067932127,12.52310848236084
1,0,47,13.723654747009276,12.542550086975098
1,0,48,13.79447078704834,12.561874389648438
1,0,49,13.86498737335205,12.581066131591797
1,0,50,13.93520450592041,12.60011100769043
1,0,51,14.005122184753418,12.618993759155272
1,0,52,14.074742317199709,12.637701034545898
1,0,53,14.144068717956545,12.656217575073242
1,0,54,14.21310806274414,12.674530982971191
1,0,55,14.281867980957031,12.692625999450684
1,0,56,14.35035800933838,12.710490226745604
1,0,57,14.41858959197998,12.728109359741213
1,0,58,14.48657512664795,12.74547004699707
1,0,59,14.554330825805664,12.762558937072754
1,0,60,14.621871948242188,12.779362678527832
1,0,61,14.689218521118164,12.795867919921877
1,0,62,14.756391525268556,12.812060356140137
1,0,63,14.823412895202637,12.827927589416504
1,0,64,14.89030647277832,12.84345531463623
1,0,65,14.957098960876465,12.85862922668457
1,0,66,15.023818969726562,12.873435974121094
1,0,67,15.090497016906738,12.887860298156738
1,0,68,15.15716552734375,12.901887893676758
1,0,69,15.223859786987305,12.915502548217772
1,0,70,15.290616035461426,12.928689002990724
1,0,71,15.357474327087402,12.941431045532228
1,0,72,15.424476623535156,12.95371150970459
1,0,73,15.49166774749756,12.9655122756958
1,0,74,15.559094429016112,12.976816177368164
1,0,75,15.62680721282959,12.987603187561035
1,0,76,15.694859504699709,12.99785327911377
1,0,77,15.763307571411133,13.007545471191406
1,0,78,15.8322114944458,13.016657829284668
1,0,79,15.90163516998291,13.02516746520996
1,0,80,15.97164535522461,13.03304958343506
1,0,81,16.042314529418945,13.040279388427734
1,0,82,16.11371612548828,13.046831130981444
1,0,83,16.185932159423828,13.0526762008667
1,0,84,16.25904655456543,13.05778694152832
1,0,85,16.333148956298828,13.062132835388184
1,0,86,16.408334732055664,13.065683364868164
1,0,87,16.48470115661621,13.068406105041504
1,0,88,16.562355041503906,13.070268630981444
1,0,89,16.64140510559082,13.071236610412598
1,0,90,16.721965789794922,13.07127571105957
1,0,91,16.804161071777344,13.070351600646973
1,0,92,16.888111114501953,13.068428993225098
1,0,93,16.973949432373047,13.065473556518556
1,0,94,17.061805725097656,13.06145191192627
1,0,95,17.151817321777344,13.056330680847168
1,0,96,17.244121551513672,13.050079345703123
1,0,97,17.338857650756836,13.042667388916016
1,0,98,17.4361629486084,13.034069061279297
1,0,99,17.536174774169922,13.024261474609377
1,0,100,17.639022827148438,13.013224601745604
1,0,101,17.744834899902344,13.000943183898926
1,0,102,17.853723526000977,12.987406730651855
1,0,103,17.96579933166504,12.972609519958496
1,0,104,18.08115005493164,12.95655345916748
1,0,105,18.19985580444336,12.93924331665039
1,0,106,18.321971893310547,12.92069149017334
1,0,107,18.44754219055176,12.900914192199709
1,0,108,18.57658195495605,12.879934310913086
1,0,109,18.70909118652344,12.857778549194336
1,0,110,18.84504127502441,12.834478378295898
1,0,111,18.9843864440918,12.81006908416748
1,0,112,19.12705421447754,12.784587860107422
1,0,113,19.27295684814453,12.758074760437012
1,0,114,19.42198181152344,12.730570793151855
1,0,115,19.574005126953125,12.702117919921877
1,0,116,19.728879928588867,12.672760009765623
1,0,117,19.88645362854004,12.642538070678713
1,0,118,20.046554565429688,12.611495018005373
1,0,119,20.209009170532227,12.579670906066896
1,1,0,10.254927635192873,11.594858169555664
1,1,1,10.329073905944824,11.61033535003662
1,1,2,10.402989387512209,11.625846862792969
1,1,3,10.476710319519045,11.641411781311035
1,1,4,10.550271034240724,11.657048225402832
1,1,5,10.62370491027832,11.672773361206056
1,1,6,10.697043418884276,11.688602447509766
1,1,7,10.770315170288086,11.704551696777344
1,1,8,10.843546867370604,11.72063446044922
1,1,9,10.916763305664062,11.73686408996582
1,1,10,10.98998737335205,11.753252029418944
1,1,11,11.063238143920898,11.76980972290039
1,1,12,11.1365327835083,11.786545753479004
1,1,13,11.20988655090332,11.803467750549316
1,1,14,11.283310890197754,11.820582389831545
1,1,15,11.356815338134766,11.837894439697266
1,1,16,11.430405616760254,11.855408668518066
1,1,17,11.504087448120115,11.873126983642578
1,1,18,11.577860832214355,11.891050338745115
1,1,19,11.651725769042969,11.909178733825684
1,1,20,11.725678443908691,11.927510261535645
1,1,21,11.799713134765623,11.94604206085205
1,1,22,11.873822212219238,11.964770317077637
1,1,23,11.947996139526367,11.98369026184082
1,1,24,12.022223472595217,12.002795219421388
1,1,25,12.096489906311035,12.022077560424805
1,1,26,12.170782089233398,12.041529655456545
1,1,27,12.24508285522461,12.06114101409912
1,1,28,12.319375038146973,12.080902099609377
1,1,29,12.393641471862791,12.100802421569824
1,1,30,12.467863082885742,12.120829582214355
1,1,31,12.542021751403809,12.140971183776855
1,1,32,12.616097450256348,12.161214828491213
1,1,33,12.690071105957031,12.181547164916992
1,1,34,12.763922691345217,12.201952934265137
1,1,35,12.837635040283203,12.222418785095217
1,1,36,12.911189079284668,12.24293041229248
1,1,37,12.984566688537598,12.263472557067873
1,1,38,13.057751655578612,12.284029960632324
1,1,39,13.130728721618652,12.304587364196776
1,1,40,13.203482627868652,12.325129508972168
1,1,41,13.276000022888184,12.345641136169434
1,1,42,13.348268508911133,12.366106986999512
1,1,43,13.420278549194336,12.38651180267334
1,1,44,13.492019653320312,12.406840324401855
1,1,45,13.563484191894531,12.427077293395996
1,1,46,13.634666442871094,12.447208404541016
1,1,47,13.705561637878418,12.467218399047852
1,1,48,13.776166915893556,12.48709201812744
1,1,49,13.846481323242188,12.50681495666504
1,1,50,13.916505813598633,12.526372909545898
1,1,51,13.986241340637209,12.545751571655272
1,1,52,14.055692672729492,12.564937591552734
1,1,53,14.124865531921388,12.583916664123535
1,1,54,14.193767547607422,12.60267448425293
1,1,55,14.262408256530762,12.621197700500488
1,1,56,14.330798149108888,12.63947296142578
1,1,57,14.39894962310791,12.65748691558838
1,1,58,14.466877937316896,12.675226211547852
1,1,59,14.53459930419922,12.69267749786377
1,1,60,14.602131843566896,12.709827423095703
1,1,61,14.669495582580566,12.726661682128906
1,1,62,14.736712455749512,12.74316692352295
1,1,63,14.80380630493164,12.759329795837402
1,1,64,14.870802879333496,12.77513599395752
1,1,65,14.937729835510254,12.790572166442873
1,1,66,15.004616737365724,12.805623054504396
1,1,67,15.07149600982666,12.820273399353027
1,1,68,15.13840103149414,12.834507942199709
1,1,69,15.205368041992188,12.848311424255373
1,1,70,15.272435188293455,12.86166763305664
1,1,71,15.339644432067873,12.87455940246582
1,1,72,15.407038688659668,12.886968612670898
1,1,73,15.474665641784668,12.898877143859863
1,1,74,15.542572975158691,12.910265922546388
1,1,75,15.610814094543455,12.921114921569824
1,1,76,15.679444313049316,12.931403160095217
1,1,77,15.74852180480957,12.94110870361328
1,1,78,15.818109512329102,12.95020866394043
1,1,79,15.888273239135742,12.958678245544434
1,1,80,15.959083557128906,12.966493606567385
1,1,81,16.030614852905273,12.973627090454102
1,1,82,16.10294532775879,12.98005199432373
1,1,83,16.176158905029297,12.985739707946776
1,1,84,16.250343322753906,12.990660667419434
1,1,85,16.325590133666992,12.994783401489258
1,1,86,16.40199851989746,12.998075485229492
1,1,87,16.479673385620117,13.00050449371338
1,1,88,16.5587215423584,13.002037048339844
1,1,89,16.63925552368164,13.002638816833496
1,1,90,16.72139549255371,13.002274513244627
1,1,91,16.805265426635742,13.000908851623535
1,1,92,16.8909912109375,12.998507499694824
1,1,93,16.97870635986328,12.995036125183104
1,1,94,17.06854248046875,12.990461349487305
1,1,95,17.1606388092041,12.984750747680664
1,1,96,17.255130767822266,12.977875709533691
1,1,97,17.35215950012207,12.969807624816896
1,1,98,17.451854705810547,12.96052360534668
1,1,99,17.554351806640625,12.95000171661377
1,1,100,17.659772872924805,12.938226699829102
1,1,101,17.768238067626953,12.925186157226562
1,1,102,17.879852294921875,12.910874366760254
1,1,103,17.99471092224121,12.89529037475586
1,1,104,18.11288833618164,12.87843894958496
1,1,105,18.23444938659668,12.860329627990724
1,1,106,18.359432220458984,12.84097957611084
1,1,107,18.48786163330078,12.820408821105955
1,1,108,18.61973571777344,12.798644065856934
1,1,109,18.755033493041992,12.775714874267578
1,1,110,18.893707275390625,12.751656532287598
1,1,111,19.035694122314453,12.726505279541016
1,1,112,19.18090438842773,12.70030117034912
1,1,113,19.329233169555664,12.67308521270752
1,1,114,19.48055458068848,12.64490032196045
1,1,115,19.634729385375977,12.615787506103516
1,1,116,19.791601181030277,12.585790634155272
1,1,117,19.95100975036621,12.554951667785645
1,1,118,20.112773895263672,12.52331256866455
1,1,119,20.27671432495117,12.49091339111328
1,2,0,10.092276573181152,11.85622501373291
1,2,1,10.167990684509276,11.868448257446287
1,2,2,10.243314743041992,11.880654335021973
1,2,3,10.318293571472168,11.892868041992188
1,2,4,10.392971992492676,11.905111312866213
1,2,5,10.467391967773438,11.917407989501951
1,2,6,10.54159450531006,11.929779052734377
1,2,7,10.615619659423828,11.942246437072754
1,2,8,10.689504623413086,11.95483112335205
1,2,9,10.763285636901855,11.967551231384276
1,2,10,10.836997032165527,11.980425834655762
1,2,11,10.910669326782228,11.993471145629885
1,2,12,10.984332084655762,12.00670337677002
1,2,13,11.058011054992676,12.020136833190918
1,2,14,11.131729125976562,12.033783912658691
1,2,15,11.205507278442385,12.047656059265137
1,2,16,11.279363632202148,12.061763763427734
1,2,17,11.353312492370604,12.076114654541016
1,2,18,11.427364349365234,12.090716361999512
1,2,19,11.5015287399292,12.105572700500488
1,2,20,11.575811386108398,12.120688438415527
1,2,21,11.65021514892578,12.136065483093262
1,2,22,11.724739074707031,12.151704788208008
1,2,23,11.799381256103516,12.167604446411133
1,2,24,11.87413501739502,12.18376350402832
1,2,25,11.948992729187012,12.200177192687988
1,2,26,12.023942947387695,12.216840744018556
1,2,27,12.098973274230955,12.233747482299805
1,2,28,12.17406940460205,12.250890731811523
1,2,29,12.24921417236328,12.268260955810549
1,2,30,12.32438850402832,12.285848617553713
1,2,31,12.399574279785156,12.303644180297852
1,2,32,12.474750518798828,12.32163429260254
1,2,33,12.54989528656006,12.339807510375977
1,2,34,12.62498664855957,12.358150482177734
1,2,35,12.70000171661377,12.376648902893066
1,2,36,12.77491855621338,12.395288467407228
1,2,37,12.849714279174805,12.414054870605469
1,2,38,12.92436695098877,12.432931900024414
1,2,39,12.998854637145996,12.451904296875
1,2,40,13.073156356811523,12.470955848693848
1,2,41,13.147252082824709,12.490070343017578
1,2,42,13.22112274169922,12.509230613708496
1,2,43,13.294750213623049,12.52842140197754
1,2,44,13.368118286132812,12.547625541687012
1,2,45,13.441211700439451,12.566826820373535
1,2,46,13.51401710510254,12.58600902557373
1,2,47,13.586523056030272,12.605154991149902
1,2,48,13.65871810913086,12.624249458312988
1,2,49,13.730594635009766,12.64327621459961
1,2,50,13.80214500427246,12.662219047546388
1,2,51,13.87336540222168,12.681062698364258
1,2,52,13.944252014160156,12.69979190826416
1,2,53,14.014802932739258,12.718390464782717
1,2,54,14.085020065307615,12.736845016479492
1,2,55,14.15490436553955,12.755139350891112
1,2,56,14.224461555480955,12.773260116577148
1,2,57,14.293696403503418,12.791193008422852
1,2,58,14.36261749267578,12.808923721313477
1,2,59,14.431234359741213,12.826437950134276
1,2,60,14.499557495117188,12.843721389770508
1,2,61,14.567602157592772,12.860761642456056
1,2,62,14.635382652282717,12.877544403076172
1,2,63,14.70291519165039,12.89405632019043
1,2,64,14.770218849182127,12.910284042358398
1,2,65,14.837313652038574,12.926213264465332
1,2,66,14.90422248840332,12.941831588745115
1,2,67,14.970969200134276,12.957123756408691
1,2,68,15.037579536437988,12.97207736968994
1,2,69,15.104082107543944,12.986677169799805
1,2,70,15.17050552368164,13.000908851623535
1,2,71,15.236882209777832,13.01475715637207
1,2,72,15.303245544433594,13.028207778930664
1,2,73,15.36963176727295,13.041244506835938
1,2,74,15.436079025268556,13.053850173950195
1,2,75,15.5026273727417,13.066009521484377
1,2,76,15.56931972503662,13.077704429626465
1,2,77,15.636200904846191,13.088915824890137
1,2,78,15.703319549560549,13.09962558746338
1,2,79,15.770726203918455,13.109813690185549
1,2,80,15.83847427368164,13.11945915222168
1,2,81,15.906620025634766,13.128540992736816
1,2,82,15.975224494934082,13.137035369873049
1,2,83,16.04435157775879,13.144919395446776
1,2,84,16.11406707763672,13.152167320251465
1,2,85,16.1844425201416,13.158753395080566
1,2,86,16.25555419921875,13.164650917053224
1,2,87,16.32748031616211,13.169830322265623
1,2,88,16.400304794311523,13.174262046813965
1,2,89,16.474117279052734,13.177915573120115
1,2,90,16.549009323120117,13.18075942993164
1,2,91,16.62508201599121,13.18276023864746
1,2,92,16.702434539794922,13.183884620666504
1,2,93,16.781179428100586,13.184097290039062
1,2,94,16.861427307128906,13.18336296081543
1,2,95,16.943296432495117,13.181647300720217
1,2,96,17.026906967163086,13.178914070129396
1,2,97,17.112388610839844,13.175127983093262
1,2,98,17.199867248535156,13.170254707336426
1,2,99,17.289478302001953,13.164260864257812
1,2,100,17.3813533782959,13.15711498260498
1,2,101,17.475629806518555,13.148786544799805
1,2,102,17.57243537902832,13.139249801635742
1,2,103,17.671905517578125,13.128480911254885
1,2,104,17.77416229248047,13.116459846496582
1,2,105,17.879329681396484,13.10317039489746
1,2,106,17.98751449584961,13.088603019714355
1,2,107,18.098817825317383,13.07275104522705
1,2,108,18.21332550048828,13.055614471435549
1,2,109,18.33111000061035,13.03719711303711
1,2,110,18.452220916748047,13.017510414123535
1,2,111,18.576698303222656,12.99656867980957
1,2,112,18.70454978942871,12.974392890930176
1,2,113,18.835773468017575,12.951007843017578
1,2,114,18.970335006713867,12.926443099975586
1,2,115,19.10818672180176,12.900729179382324
1,2,116,19.24925422668457,12.873902320861816
1,2,117,19.39344787597656,12.845998764038086
1,2,118,19.540651321411133,12.817058563232422
1,2,119,19.69074058532715,12.78711986541748
1,3,0,10.035832405090332,11.747106552124023
1,3,1,10.112144470214844,11.759825706481934
1,3,2,10.188065528869627,11.772554397583008
1,3,3,10.263641357421877,11.78531551361084
1,3,4,10.33891487121582,11.798131942749023
1,3,5,10.413928985595703,11.81102466583252
1,3,6,10.488723754882812,11.824015617370604
1,3,7,10.563339233398438,11.83712387084961
1,3,8,10.637811660766602,11.850369453430176
1,3,9,10.712176322937012,11.863770484924316
1,3,10,10.786465644836426,11.877344131469728
1,3,11,10.860711097717283,11.891105651855469
1,3,12,10.93493938446045,11.905070304870604
1,3,13,11.009175300598145,11.919249534606934
1,3,14,11.083440780639648,11.933655738830566
1,3,15,11.157754898071287,11.948299407958984
1,3,16,11.232134819030762,11.96318817138672
1,3,17,11.30659294128418,11.978328704833984
1,3,18,11.381139755249023,11.99372673034668
1,3,19,11.455782890319824,12.00938606262207
1,3,20,11.530526161193848,12.025309562683104
1,3,21,11.605371475219728,12.041497230529783
1,3,22,11.680316925048828,12.05794906616211
1,3,23,11.755359649658203,12.074663162231444
1,3,24,11.83049201965332,12.091635704040527
1,3,25,11.905704498291016,12.108860969543455
1,3,26,11.980986595153809,12.126334190368652
1,3,27,12.05632495880127,12.144047737121582
1,3,28,12.131705284118652,12.161993026733398
1,3,29,12.207109451293944,12.18015956878662
1,3,30,12.282520294189451,12.198537826538086
1,3,31,12.357917785644531,12.217116355895996
1,3,32,12.433281898498535,12.235882759094238
1,3,33,12.50859260559082,12.254823684692385
1,3,34,12.583827018737791,12.27392578125
1,3,35,12.658965110778809,12.293174743652344
1,3,36,12.733983993530272,12.312555313110352
1,3,37,12.808863639831545,12.33205223083496
1,3,38,12.88358211517334,12.35165023803711
1,3,39,12.95811939239502,12.371333122253418
1,3,40,13.032455444335938,12.391084671020508
1,3,41,13.106572151184082,12.410888671875
1,3,42,13.180452346801758,12.4307279586792
1,3,43,13.25407886505127,12.450586318969728
1,3,44,13.327437400817873,12.470447540283203
1,3,45,13.400514602661133,12.49029541015625
1,3,46,13.47329807281494,12.510113716125488
1,3,47,13.545777320861816,12.529885292053224
1,3,48,13.61794376373291,12.54959487915039
1,3,49,13.689790725708008,12.569226264953612
1,3,50,13.761312484741213,12.588763236999512
1,3,51,13.832505226135254,12.60819149017334
1,3,52,13.903367042541504,12.62749481201172
1,3,53,13.973898887634276,12.646657943725586
1,3,54,14.04410171508789,12.665666580200195
1,3,55,14.113978385925291,12.6845064163208
1,3,56,14.183534622192385,12.70316219329834
1,3,57,14.252778053283691,12.721620559692385
1,3,58,14.32171630859375,12.739867210388184
1,3,59,14.390360832214355,12.757887840270996
1,3,60,14.458723068237305,12.77566909790039
1,3,61,14.52681827545166,12.793197631835938
1,3,62,14.594661712646484,12.81045913696289
1,3,63,14.662269592285156,12.82744026184082
1,3,64,14.729662895202637,12.84412670135498
1,3,65,14.79686164855957,12.860506057739258
1,3,66,14.86388874053955,12.876564025878906
1,3,67,14.930768013000488,12.89228630065918
1,3,68,14.997526168823242,12.907658576965332
1,3,69,15.064191818237305,12.922667503356934
1,3,70,15.130794525146484,12.937296867370604
1,3,71,15.19736671447754,12.951532363891602
1,3,72,15.26394271850586,12.96535873413086
1,3,73,15.330558776855469,12.978759765625
1,3,74,15.397252082824709,12.991718292236328
1,3,75,15.464064598083496,13.004217147827148
1,3,76,15.531039237976074,13.016239166259766
1,3,77,15.598221778869627,13.027765274047852
1,3,78,15.66565990447998,13.038775444030762
1,3,79,15.733405113220217,13.049249649047852
1,3,80,15.801511764526367,13.05916690826416
1,3,81,15.870037078857422,13.068504333496094
1,3,82,15.939042091369627,13.07723903656006
1,3,83,16.008590698242188,13.085346221923828
1,3,84,16.078750610351562,13.092801094055176
1,3,85,16.149593353271484,13.099575996398926
1,3,86,16.221195220947266,13.105643272399902
1,3,87,16.293636322021484,13.110973358154297
1,3,88,16.367000579833984,13.1155366897583
1,3,89,16.441377639770508,13.119300842285156
1,3,90,16.516860961914062,13.122233390808104
1,3,91,16.593551635742188,13.12430191040039
1,3,92,16.671552658081055,13.125471115112305
1,3,93,16.750972747802734,13.12570571899414
1,3,94,16.831924438476562,13.124970436096191
1,3,95,16.914525985717773,13.123229026794434
1,3,96,16.998899459838867,13.12044620513916
1,3,97,17.085172653198242,13.116586685180664
1,3,98,17.173471450805664,13.111616134643556
1,3,99,17.263931274414062,13.10550022125244
1,3,100,17.356679916381836,13.0982084274292
1,3,101,17.451852798461914,13.08971118927002
1,3,102,17.549577713012695,13.07998275756836
1,3,103,17.649986267089844,13.068999290466309
1,3,104,17.75319480895996,13.056742668151855
1,3,105,17.859323501586914,13.043197631835938
1,3,106,17.968473434448242,13.02835464477539
1,3,107,18.08074188232422,13.012208938598633
1,3,108,18.196203231811523,12.99476146697998
1,3,109,18.314926147460938,12.976017951965332
1,3,110,18.436952590942383,12.9559907913208
1,3,111,18.562313079833984,12.93469524383545
1,3,112,18.691007614135746,12.912153244018556
1,3,113,18.82302474975586,12.888389587402344
1,3,114,18.958324432373047,12.86343479156494
1,3,115,19.09684944152832,12.837320327758787
1,3,116,19.23851776123047,12.81008243560791
1,3,117,19.38323402404785,12.781758308410645
1,3,118,19.53087615966797,12.752387046813965
1,3,119,19.68131446838379,12.722006797790527
1,4,0,10.37800121307373,11.47852611541748
1,4,1,10.451172828674316,11.495977401733398
1,4,2,10.524188041687012,11.513471603393556
1,4,3,10.597078323364258,11.531024932861328
1,4,4,10.669872283935549,11.548651695251465
1,4,5,10.742596626281738,11.566366195678713
1,4,6,10.815277099609377,11.58418083190918
1,4,7,10.88793659210205,11.602108001708984
1,4,8,10.96059513092041,11.620157241821287
1,4,9,11.03327178955078,11.638339042663574
1,4,10,11.105982780456545,11.656661987304688
1,4,11,11.17874240875244,11.67513370513916
1,4,12,11.251561164855955,11.69375991821289
1,4,13,11.324448585510254,11.712544441223145
1,4,14,11.39741039276123,11.731492042541504
1,4,15,11.470451354980469,11.750604629516602
1,4,16,11.543573379516602,11.769883155822754
1,4,17,11.616775512695312,11.78932762145996
1,4,18,11.690054893493652,11.80893611907959
1,4,19,11.76340675354004,11.828706741333008
1,4,20,11.836824417114258,11.84863567352295
1,4,21,11.91029930114746,11.868718147277832
1,4,22,11.983820915222168,11.888949394226074
1,4,23,12.057376861572266,11.909320831298828
1,4,24,12.13095474243164,11.92982578277588
1,4,25,12.204540252685549,11.95045566558838
1,4,26,12.278117179870604,11.971200942993164
1,4,27,12.351669311523438,11.99205207824707
1,4,28,12.425180435180664,12.0129976272583
1,4,29,12.49863338470459,12.034025192260742
1,4,30,12.572010040283203,12.055124282836914
1,4,31,12.645293235778809,12.076281547546388
1,4,32,12.718465805053713,12.09748363494873
1,4,33,12.791510581970217,12.118718147277832
1,4,34,12.864410400390623,12.139970779418944
1,4,35,12.93715000152588,12.161227226257324
1,4,36,13.009713172912598,12.182473182678224
1,4,37,13.082086563110352,12.203695297241213
1,4,38,13.154255867004396,12.224878311157228
1,4,39,13.22620964050293,12.246007919311523
1,4,40,13.29793643951416,12.267069816589355
1,4,41,13.369426727294922,12.28804874420166
1,4,42,13.440671920776367,12.308931350708008
1,4,43,13.51166534423828,12.329702377319336
1,4,44,13.582401275634766,12.350347518920898
1,4,45,13.652875900268556,12.37085247039795
1,4,46,13.7230863571167,12.391202926635742
1,4,47,13.7930326461792,12.411385536193848
1,4,48,13.862715721130373,12.43138599395752
1,4,49,13.932138442993164,12.451190948486328
1,4,50,14.001304626464844,12.470787048339844
1,4,51,14.070219993591309,12.49015998840332
1,4,52,14.138893127441406,12.509297370910645
1,4,53,14.207332611083984,12.52818489074707
1,4,54,14.275550842285156,12.546810150146484
1,4,55,14.343560218811035,12.56515884399414
1,4,56,14.411375045776367,12.583218574523926
1,4,57,14.479012489318848,12.60097599029541
1,4,58,14.546491622924805,12.618417739868164
1,4,59,14.613831520080566,12.635531425476074
1,4,60,14.681055068969728,12.652301788330078
1,4,61,14.748186111450195,12.668716430664062
1,4,62,14.815251350402832,12.68476104736328
1,4,63,14.882278442382812,12.700421333312988
1,4,64,14.949298858642578,12.715682983398438
1,4,65,15.01634407043457,12.730530738830566
1,4,66,15.083449363708496,12.744949340820312
1,4,67,15.15065097808838,12.758923530578612
1,4,68,15.217989921569824,12.772436141967772
1,4,69,15.285508155822754,12.785470008850098
1,4,70,15.35325050354004,12.79800796508789
1,4,71,15.4212646484375,12.810030937194824
1,4,72,15.489601135253906,12.82151985168457
1,4,73,15.55831527709961,12.832454681396484
1,4,74,15.627464294433594,12.842813491821287
1,4,75,15.697108268737791,12.852574348449709
1,4,76,15.76731300354004,12.861714363098145
1,4,77,15.838147163391112,12.870208740234377
1,4,78,15.90968418121338,12.878032684326172
1,4,79,15.982001304626465,12.885159492492676
1,4,80,16.055179595947266,12.891561508178713
1,4,81,16.12930679321289,12.897209167480469
1,4,82,16.20447540283203,12.90207290649414
1,4,83,16.28078269958496,12.906122207641602
1,4,84,16.35832977294922,12.909324645996094
1,4,85,16.437223434448242,12.911646842956545
1,4,86,16.517578125,12.913055419921877
1,4,87,16.599512100219727,12.9135160446167
1,4,88,16.683147430419922,12.91299533843994
1,4,89,16.768611907958984,12.911458015441896
1,4,90,16.856037139892578,12.908870697021484
1,4,91,16.945558547973633,12.905200004577637
1,4,92,17.03731346130371,12.900413513183594
1,4,93,17.13144302368164,12.894481658935549
1,4,94,17.228084564208984,12.887377738952637
1,4,95,17.327377319335938,12.87907600402832
1,4,96,17.429454803466797,12.869555473327637
1,4,97,17.534448623657227,12.85879898071289
1,4,98,17.64247703552246,12.846794128417969
1,4,99,17.7536563873291,12.83353328704834
1,4,100,17.868083953857422,12.819014549255373
1,4,101,17.98584747314453,12.803241729736328
1,4,102,18.107011795043945,12.786224365234377
1,4,103,18.231632232666016,12.767976760864258
1,4,104,18.35973358154297,12.748520851135254
1,4,105,18.491329193115234,12.727882385253906
1,4,106,18.626399993896484,12.706090927124023
1,4,107,18.76491355895996,12.683181762695312
1,4,108,18.90680885314941,12.65919303894043
1,4,109,19.05200958251953,12.634163856506348
1,4,110,19.200410842895508,12.608137130737305
1,4,111,19.35189819335937,12.58115577697754
1,4,112,19.50633430480957,12.553263664245604
1,4,113,19.663572311401367,12.52450466156006
1,4,114,19.82344627380371,12.494922637939451
1,4,115,19.985788345336918,12.464558601379396
1,4,116,20.150413513183597,12.433454513549805
1,4,117,20.317138671875,12.401649475097656
1,4,118,20.48576545715332,12.369182586669922
1,4,119,20.656103134155277,12.33609104156494
1,5,0,10.16717529296875,11.480496406555176
1,5,1,10.242197036743164,11.49643611907959
1,5,2,10.316969871520996,11.51243495941162
1,5,3,10.39153003692627,11.52851104736328
1,5,4,10.465911865234377,11.544681549072266
1,5,5,10.540149688720703,11.560962677001951
1,5,6,10.61427402496338,11.57736873626709
1,5,7,10.688313484191896,11.593914985656738
1,5,8,10.762295722961426,11.610613822937012
1,5,9,10.836244583129885,11.627477645874023
1,5,10,10.910181999206545,11.644516944885254
1,5,11,10.984127044677734,11.66174030303955
1,5,12,11.058096885681152,11.679157257080078
1,5,13,11.132105827331545,11.696773529052734
1,5,14,11.20616626739502,11.714594841003418
1,5,15,11.280285835266112,11.732625007629396
1,5,16,11.35447120666504,11.750866889953612
1,5,17,11.428726196289062,11.76932144165039
1,5,18,11.5030517578125,11.787989616394045
1,5,19,11.577446937561035,11.806869506835938
1,5,20,11.651906967163086,11.825958251953123
1,5,21,11.72642707824707,11.845252990722656
1,5,22,11.800999641418455,11.864748001098633
1,5,23,11.875614166259766,11.884437561035156
1,5,24,11.950260162353516,11.904314041137695
1,5,25,12.02492332458496,11.92436981201172
1,5,26,12.099590301513672,11.944595336914062
1,5,27,12.17424488067627,11.964981079101562
1,5,28,12.248870849609377,11.985515594482422
1,5,29,12.323451042175291,12.006187438964844
1,5,30,12.397967338562012,12.026985168457031
1,5,31,12.472402572631836,12.047895431518556
1,5,32,12.546737670898438,12.068904876708984
1,5,33,12.620954513549805,12.089999198913574
1,5,34,12.69503402709961,12.111165046691896
1,5,35,12.768959999084473,12.132387161254885
1,5,36,12.842714309692385,12.153650283813477
1,5,37,12.916281700134276,12.17494010925293
1,5,38,12.989645957946776,12.19624137878418
1,5,39,13.062792778015137,12.217537879943848
1,5,40,13.13570785522461,12.238815307617188
1,5,41,13.208379745483398,12.26005744934082
1,5,42,13.280797958374023,12.281249046325684
1,5,43,13.352952003479004,12.302374839782717
1,5,44,13.424833297729492,12.323419570922852
1,5,45,13.49643611907959,12.344368934631348
1,5,46,13.567754745483398,12.365206718444824
1,5,47,13.638786315917969,12.385918617248535
1,5,48,13.709527969360352,12.406489372253418
1,5,49,13.779979705810549,12.426905632019045
1,5,50,13.850142478942873,12.447152137756348
1,5,51,13.92002010345459,12.467214584350586
1,5,52,13.989616394042969,12.487079620361328
1,5,53,14.058937072753906,12.506732940673828
1,5,54,14.12799072265625,12.52616024017334
1,5,55,14.196786880493164,12.54534912109375
1,5,56,14.265336990356444,12.564285278320312
1,5,57,14.333653450012209,12.582955360412598
1,5,58,14.401751518249512,12.601346015930176
1,5,59,14.469647407531738,12.6194429397583
1,5,60,14.537359237670898,12.63723373413086
1,5,61,14.604907035827637,12.654704093933104
1,5,62,14.67231273651123,12.67184066772461
1,5,63,14.739599227905272,12.688629150390623
1,5,64,14.806793212890623,12.705056190490724
1,5,65,14.873921394348145,12.72110652923584
1,5,66,14.941012382507324,12.73676586151123
1,5,67,15.008098602294922,12.752019882202148
1,5,68,15.075213432312012,12.766852378845217
1,5,69,15.1423921585083,12.78124713897705
1,5,70,15.209672927856444,12.795187950134276
1,5,71,15.277095794677734,12.808656692504885
1,5,72,15.344704627990724,12.821637153625488
1,5,73,15.41254425048828,12.83410930633545
1,5,74,15.480664253234863,12.846054077148438
1,5,75,15.549115180969238,12.857451438903809
1,5,76,15.61795139312744,12.868280410766602
1,5,77,15.687231063842772,12.878518104553224
1,5,78,15.7570161819458,12.888141632080078
1,5,79,15.827370643615724,12.897127151489258
1,5,80,15.898364067077637,12.905447959899902
1,5,81,15.970069885253906,12.913078308105469
1,5,82,16.042564392089844,12.91999053955078
1,5,83,16.115930557250977,12.926155090332031
1,5,84,16.19025421142578,12.93154239654541
1,5,85,16.265626907348633,12.93612003326416
1,5,86,16.342145919799805,12.93985652923584
1,5,87,16.419912338256836,12.942718505859377
1,5,88,16.49903106689453,12.944671630859377
1,5,89,16.579614639282227,12.945680618286133
1,5,90,16.661779403686523,12.94571018218994
1,5,91,16.745649337768555,12.944725036621094
1,5,92,16.831344604492188,12.942689895629885
1,5,93,16.91899871826172,12.939570426940918
1,5,94,17.00874137878418,12.935331344604492
1,5,95,17.1007080078125,12.929941177368164
1,5,96,17.195032119750977,12.923368453979492
1,5,97,17.29184913635254,12.9155855178833
1,5,98,17.39129066467285,12.906567573547363
1,5,99,17.493488311767578,12.896292686462402
1,5,100,17.598560333251953,12.884743690490724
1,5,101,17.70662498474121,12.871907234191896
1,5,102,17.817785263061523,12.857776641845703
1,5,103,17.9321346282959,12.8423490524292
1,5,104,18.049747467041016,12.825627326965332
1,5,105,18.170684814453125,12.807621002197266
1,5,106,18.29498672485352,12.788344383239746
1,5,107,18.42267799377441,12.767817497253418
1,5,108,18.55375289916992,12.746064186096191
1,5,109,18.688194274902344,12.723114013671877
1,5,110,18.82595443725586,12.699000358581545
1,5,111,18.96697235107422,12.673757553100586
1,5,112,19.111156463623047,12.647425651550291
1,5,113,19.25840759277344,12.620043754577637
1,5,114,19.40859603881836,12.591654777526855
1,5,115,19.56158828735352,12.562299728393556
1,5,116,19.717227935791016,12.532022476196287
1,5,117,19.875356674194336,12.500864028930664
1,5,118,20.03579330444336,12.468867301940918
1,5,119,20.198362350463867,12.43607234954834
1,6,0,10.276506423950195,11.972192764282228
1,6,1,10.350241661071776,11.984638214111328
1,6,2,10.423662185668944,11.997040748596191
1,6,3,10.49680995941162,12.009422302246094
1,6,4,10.569725036621094,12.021806716918944
1,6,5,10.642447471618652,12.03421688079834
1,6,6,10.71501636505127,12.046673774719238
1,6,7,10.787467002868652,12.059198379516602
1,6,8,10.859834671020508,12.07181167602539
1,6,9,10.93215274810791,12.084531784057615
1,6,10,11.004451751708984,12.097376823425291
1,6,11,11.076760292053224,12.110363960266112
1,6,12,11.149105072021484,12.123509407043455
1,6,13,11.221508979797363,12.136826515197754
1,6,14,11.293993949890137,12.150328636169434
1,6,15,11.3665771484375,12.164027214050291
1,6,16,11.439275741577148,12.177931785583496
1,6,17,11.51210117340088,12.192051887512209
1,6,18,11.585062980651855,12.206393241882324
1,6,19,11.65816879272461,12.220962524414062
1,6,20,11.731422424316406,12.235762596130373
1,6,21,11.804824829101562,12.2507963180542
1,6,22,11.878374099731444,12.26606559753418
1,6,23,11.952065467834473,12.28156852722168
1,6,24,12.02589225769043,12.297304153442385
1,6,25,12.099844932556152,12.313268661499023
1,6,26,12.173912048339844,12.329458236694336
1,6,27,12.248079299926758,12.345866203308104
1,6,28,12.322330474853516,12.362486839294434
1,6,29,12.396648406982422,12.379310607910156
1,6,30,12.471013069152832,12.396328926086426
1,6,31,12.545405387878418,12.413531303405762
1,6,32,12.619802474975586,12.430907249450684
1,6,33,12.694183349609377,12.448444366455078
1,6,34,12.76852321624756,12.466130256652832
1,6,35,12.84280014038086,12.4839506149292
1,6,36,12.916990280151367,12.501893043518066
1,6,37,12.991070747375488,12.519942283630373
1,6,38,13.065018653869627,12.53808307647705
1,6,39,13.138811111450195,12.556300163269045
1,6,40,13.212427139282228,12.574579238891602
1,6,41,13.285846710205078,12.592903137207031
1,6,42,13.359049797058104,12.61125659942627
1,6,43,13.43201732635498,12.629623413085938
1,6,44,13.50473403930664,12.647988319396973
1,6,45,13.577183723449709,12.66633415222168
1,6,46,13.64935302734375,12.684645652770996
1,6,47,13.721229553222656,12.702906608581545
1,6,48,13.792803764343262,12.721101760864258
1,6,49,13.86406707763672,12.739214897155762
1,6,50,13.935011863708496,12.757230758666992
1,6,51,14.005634307861328,12.775134086608888
1,6,52,14.075931549072266,12.792909622192385
1,6,53,14.145903587341309,12.810543060302734
1,6,54,14.215550422668455,12.82801914215088
1,6,55,14.284875869750977,12.845324516296388
1,6,56,14.35388469696045,12.862443923950195
1,6,57,14.42258358001709,12.879364013671877
1,6,58,14.490981101989746,12.89607048034668
1,6,59,14.559088706970217,12.91254997253418
1,6,60,14.62691879272461,12.928789138793944
1,6,61,14.694486618041992,12.944774627685549
1,6,62,14.761808395385742,12.960492134094238
1,6,63,14.828902244567873,12.975929260253906
1,6,64,14.895788192749023,12.99107265472412
1,6,65,14.962489128112791,13.005908012390137
1,6,66,15.02902889251709,13.020421981811523
1,6,67,15.095434188842772,13.034601211547852
1,6,68,15.161733627319336,13.048431396484377
1,6,69,15.227956771850586,13.061898231506348
1,6,70,15.29413604736328,13.074987411499023
1,6,71,15.360305786132812,13.08768367767334
1,6,72,15.42650318145752,13.099971771240234
1,6,73,15.49276638031006,13.111835479736328
1,6,74,15.559138298034668,13.123258590698242
1,6,75,15.625661849975586,13.13422393798828
1,6,76,15.692384719848633,13.14471435546875
1,6,77,15.759355545043944,13.154709815979004
1,6,78,15.826626777648926,13.164192199707031
1,6,79,15.894254684448242,13.173140525817873
1,6,80,15.962297439575195,13.181532859802246
1,6,81,16.03081703186035,13.18934726715088
1,6,82,16.09988021850586,13.196560859680176
1,6,83,16.1695556640625,13.20314884185791
1,6,84,16.239917755126953,13.20908546447754
1,6,85,16.311044692993164,13.214344024658203
1,6,86,16.383018493652344,13.218896865844728
1,6,87,16.455928802490234,13.2227144241333
1,6,88,16.529865264892578,13.2257661819458
1,6,89,16.60492515563965,13.228021621704102
1,6,90,16.681211471557617,13.229447364807127
1,6,91,16.758832931518555,13.230010986328123
1,6,92,16.83789825439453,13.2296781539917
1,6,93,16.918529510498047,13.228415489196776
1,6,94,17.00084686279297,13.226187705993652
1,6,95,17.084980010986328,13.222959518432615
1,6,96,17.171056747436523,13.218697547912598
1,6,97,17.25921630859375,13.21336841583252
1,6,98,17.349592208862305,13.20694065093994
1,6,99,17.44232749938965,13.199383735656738
1,6,100,17.53755760192871,13.190670013427734
1,6,101,17.63542366027832,13.180773735046388
1,6,102,17.736059188842773,13.169673919677734
1,6,103,17.839595794677734,13.157353401184082
1,6,104,17.94615364074707,13.143798828125
1,6,105,18.055850982666016,13.129002571105955
1,6,106,18.168785095214844,13.112961769104004
1,6,107,18.285045623779297,13.095678329467772
1,6,108,18.40470123291016,13.07716178894043
1,6,109,18.527807235717773,13.057425498962402
1,6,110,18.65439224243164,13.036489486694336
1,6,111,18.78447151184082,13.014376640319824
1,6,112,18.91802978515625,12.991116523742676
1,6,113,19.055036544799805,12.966740608215332
1,6,114,19.195430755615234,12.941285133361816
1,6,115,19.33913993835449,12.914787292480469
1,6,116,19.486061096191406,12.887288093566896
1,6,117,19.636079788208008,12.858826637268066
1,6,118,19.78905868530273,12.829445838928224
1,6,119,19.94485282897949,12.799186706542969
1,7,0,10.112606048583984,11.48448657989502
1,7,1,10.188143730163574,11.500000953674316
1,7,2,10.26340389251709,11.51557731628418
1,7,3,10.338425636291504,11.531234741210938
1,7,4,10.41324520111084,11.546990394592283
1,7,5,10.487896919250488,11.562860488891602
1,7,6,10.562414169311523,11.578862190246582
1,7,7,10.63682746887207,11.595009803771973
1,7,8,10.71116542816162,11.611316680908203
1,7,9,10.78545379638672,11.627796173095703
1,7,10,10.859716415405272,11.644458770751951
1,7,11,10.933974266052246,11.661314964294434
1,7,12,11.008246421813965,11.678373336791992
1,7,13,11.082548141479492,11.69564151763916
1,7,14,11.156892776489258,11.713125228881836
1,7,15,11.231289863586426,11.730829238891602
1,7,16,11.305747985839844,11.748756408691406
1,7,17,11.380271911621094,11.766908645629885
1,7,18,11.454863548278809,11.785285949707031
1,7,19,11.529522895812988,11.803888320922852
1,7,20,11.604247093200684,11.822712898254396
1,7,21,11.679031372070312,11.841756820678713
1,7,22,11.75386905670166,11.86101531982422
1,7,23,11.82875156402588,11.88048267364502
1,7,24,11.903666496276855,11.900151252746582
1,7,25,11.978602409362791,11.920013427734377
1,7,26,12.053544998168944,11.94006061553955
1,7,27,12.12847900390625,11.960282325744627
1,7,28,12.203388214111328,11.980668067932127
1,7,29,12.278255462646484,12.001206398010254
1,7,30,12.353062629699709,12.02188491821289
1,7,31,12.4277925491333,12.04269027709961
1,7,32,12.502426147460938,12.06360912322998
1,7,33,12.576945304870604,12.084628105163574
1,7,34,12.65132999420166,12.105732917785645
1,7,35,12.725563049316406,12.126908302307127
1,7,36,12.799627304077148,12.148138999938965
1,7,37,12.873505592346191,12.169410705566406
1,7,38,12.947181701660156,12.190707206726074
1,7,39,13.020641326904297,12.212013244628906
1,7,40,13.09386920928955,12.23331356048584
1,7,41,13.166852951049805,12.254591941833496
1,7,42,13.239581108093262,12.275832176208496
1,7,43,13.31204319000244,12.297019958496094
1,7,44,13.384230613708496,12.31813907623291
1,7,45,13.456134796142578,12.339174270629885
1,7,46,13.527750968933104,12.36011028289795
1,7,47,13.599074363708496,12.380931854248049
1,7,48,13.6701021194458,12.401623725891112
1,7,49,13.740833282470703,12.422171592712402
1,7,50,13.811267852783203,12.442561149597168
1,7,51,13.881407737731934,12.462778091430664
1,7,52,13.95125675201416,12.482807159423828
1,7,53,14.02082061767578,12.50263500213623
1,7,54,14.090106964111328,12.52224826812744
1,7,55,14.159123420715332,12.541632652282717
1,7,56,14.227880477905272,12.560773849487305
1,7,57,14.296390533447266,12.579659461975098
1,7,58,14.364667892456056,12.598275184631348
1,7,59,14.432726860046388,12.616607666015623
1,7,60,14.500585556030272,12.634642601013184
1,7,61,14.568262100219728,12.65236759185791
1,7,62,14.635778427124023,12.66976833343506
1,7,63,14.703155517578123,12.686830520629885
1,7,64,14.770418167114258,12.703540802001951
1,7,65,14.83759307861328,12.719884872436523
1,7,66,14.904707908630373,12.735848426818848
1,7,67,14.971792221069336,12.751416206359863
1,7,68,15.038878440856934,12.766572952270508
1,7,69,15.105999946594238,12.78130340576172
1,7,70,15.17319393157959,12.7955904006958
1,7,71,15.240498542785645,12.809417724609377
1,7,72,15.307955741882324,12.822768211364746
1,7,73,15.375608444213867,12.835622787475586
1,7,74,15.443503379821776,12.847963333129885
1,7,75,15.511689186096191,12.859768867492676
1,7,76,15.580218315124512,12.871020317077637
1,7,77,15.649145126342772,12.881694793701172
1,7,78,15.718528747558594,12.891769409179688
1,7,79,15.78843116760254,12.90122127532959
1,7,80,15.85891819000244,12.910025596618652
1,7,81,15.930060386657717,12.918155670166016
1,7,82,16.001930236816406,12.92558479309082
1,7,83,16.07460594177246,12.932284355163574
1,7,84,16.148170471191406,12.938224792480469
1,7,85,16.22271156311035,12.94337558746338
1,7,86,16.298320770263672,12.947705268859863
1,7,87,16.37509536743164,12.951180458068848
1,7,88,16.453136444091797,12.95376682281494
1,7,89,16.53255271911621,12.955430030822754
1,7,90,16.613454818725586,12.956135749816896
1,7,91,16.695960998535156,12.955846786499023
1,7,92,16.780189514160156,12.95452880859375
1,7,93,16.866270065307617,12.95214557647705
1,7,94,16.954328536987305,12.94866180419922
1,7,95,17.044498443603516,12.94404411315918
1,7,96,17.13690948486328,12.938260078430176
1,7,97,17.231698989868164,12.931279182434082
1,7,98,17.328996658325195,12.923073768615724
1,7,99,17.428936004638672,12.913619041442873
1,7,100,17.531641006469727,12.902894020080566
1,7,101,17.63723373413086,12.89088249206543
1,7,102,17.745820999145508,12.877573013305664
1,7,103,17.857505798339844,12.862957954406738
1,7,104,17.972373962402344,12.847036361694336
1,7,105,18.09049797058105,12.829812049865724
1,7,106,18.21193122863769,12.811294555664062
1,7,107,18.33671188354492,12.791500091552734
1,7,108,18.4648494720459,12.770447731018066
1,7,109,18.596343994140625,12.748163223266602
1,7,110,18.731163024902344,12.724676132202148
1,7,111,18.869258880615234,12.700018882751465
1,7,112,19.01055908203125,12.674227714538574
1,7,113,19.15497589111328,12.647340774536133
1,7,114,19.30239486694336,12.61939811706543
1,7,115,19.45269203186035,12.59044075012207
1,7,116,19.605722427368164,12.560511589050291
1,7,117,19.761335372924805,12.529651641845703
1,7,118,19.91935920715332,12.49790382385254
1,7,119,20.07962226867676,12.46530818939209
1,8,0,9.97126293182373,11.682781219482422
1,8,1,10.0482759475708,11.695597648620604
1,8,2,10.1248779296875,11.708439826965332
1,8,3,10.201115608215332,11.72132968902588
1,8,4,10.277032852172852,11.73429012298584
1,8,5,10.352672576904297,11.747343063354492
1,8,6,10.42807674407959,11.76050853729248
1,8,7,10.503284454345703,11.773807525634766
1,8,8,10.578332901000977,11.78725814819336
1,8,9,10.653258323669434,11.800877571105955
1,8,10,10.728094100952148,11.814682960510254
1,8,11,10.80286979675293,11.828689575195312
1,8,12,10.87761402130127,11.84291172027588
1,8,13,10.952351570129396,11.857361793518066
1,8,14,11.027105331420898,11.872050285339355
1,8,15,11.10189437866211,11.88698673248291
1,8,16,11.176734924316406,11.902178764343262
1,8,17,11.25164031982422,11.91763401031494
1,8,18,11.326620101928713,11.933356285095217
1,8,19,11.40168285369873,11.949349403381348
1,8,20,11.476832389831545,11.965614318847656
1,8,21,11.552069664001465,11.982151985168455
1,8,22,11.627394676208496,11.998961448669434
1,8,23,11.702802658081056,12.016039848327637
1,8,24,11.778286933898926,12.033382415771484
1,8,25,11.853838920593262,12.050985336303713
1,8,26,11.929447174072266,12.068840980529783
1,8,27,12.005098342895508,12.086941719055176
1,8,28,12.080778121948242,12.105278968811035
1,8,29,12.15647029876709,12.123842239379885
1,8,30,12.232155799865724,12.142621040344238
1,8,31,12.307817459106444,12.161602973937988
1,8,32,12.383434295654297,12.18077564239502
1,8,33,12.458986282348633,12.200125694274902
1,8,34,12.534452438354492,12.219639778137209
1,8,35,12.609810829162598,12.239302635192873
1,8,36,12.685041427612305,12.259099006652832
1,8,37,12.760123252868652,12.279013633728027
1,8,38,12.835036277770996,12.299030303955078
1,8,39,12.909760475158691,12.319132804870604
1,8,40,12.98427677154541,12.33930492401123
1,8,41,13.05856704711914,12.359530448913574
1,8,42,13.132614135742188,12.37979221343994
1,8,43,13.206402778625488,12.400074005126951
1,8,44,13.279918670654297,12.42035961151123
1,8,45,13.3531494140625,12.440631866455078
1,8,46,13.426082611083984,12.4608736038208
1,8,47,13.498708724975586,12.481069564819336
1,8,48,13.571019172668455,12.501203536987305
1,8,49,13.643007278442385,12.521259307861328
1,8,50,13.71466827392578,12.541221618652344
1,8,51,13.785999298095703,12.561074256896973
1,8,52,13.856998443603516,12.580801963806152
1,8,53,13.92766571044922,12.60038948059082
1,8,54,13.998003959655762,12.61982250213623
1,8,55,14.068016052246094,12.63908576965332
1,8,56,14.137706756591797,12.658164978027344
1,8,57,14.207083702087402,12.677046775817873
1,8,58,14.276156425476074,12.69571590423584
1,8,59,14.344934463500977,12.71415901184082
1,8,60,14.413429260253906,12.732361793518066
1,8,61,14.481656074523926,12.750310897827148
1,8,62,14.549630165100098,12.767992973327637
1,8,63,14.617368698120115,12.785393714904783
1,8,64,14.684890747070312,12.802499771118164
1,8,65,14.752216339111328,12.819297790527344
1,8,66,14.819368362426758,12.835773468017578
1,8,67,14.886371612548828,12.85191249847412
1,8,68,14.953250885009766,12.867701530456545
1,8,69,15.020033836364746,12.88312530517578
1,8,70,15.086750030517578,12.89816951751709
1,8,71,15.15343189239502,12.91281795501709
1,8,72,15.220111846923828,12.927056312561035
1,8,73,15.286826133728027,12.94086742401123
1,8,74,15.353611946105955,12.954236030578612
1,8,75,15.420509338378906,12.967144012451172
1,8,76,15.487560272216797,12.979573249816896
1,8,77,15.5548095703125,12.991504669189451
1,8,78,15.622304916381836,13.00291919708252
1,8,79,15.690096855163574,13.01379680633545
1,8,80,15.758237838745115,13.024115562438965
1,8,81,15.826784133911133,13.033853530883787
1,8,82,15.895794868469238,13.042987823486328
1,8,83,15.965332984924316,13.05149269104004
1,8,84,16.035465240478516,13.059343338012695
1,8,85,16.106260299682617,13.066513061523438
1,8,86,16.177793502807617,13.072973251342772
1,8,87,16.250144958496094,13.078695297241213
1,8,88,16.323394775390625,13.083648681640623
1,8,89,16.397632598876953,13.087801933288574
1,8,90,16.47294807434082,13.0911226272583
1,8,91,16.549440383911133,13.093576431274414
1,8,92,16.627208709716797,13.09512996673584
1,8,93,16.706361770629883,13.095746994018556
1,8,94,16.78700828552246,13.095391273498535
1,8,95,16.869266510009766,13.094027519226074
1,8,96,16.95325469970703,13.091619491577148
1,8,97,17.03909683227539,13.088130950927734
1,8,98,17.12691879272461,13.08352756500244
1,8,99,17.21685218811035,13.07777500152588
1,8,100,17.309022903442383,13.070840835571287
1,8,101,17.403566360473633,13.062694549560549
1,8,102,17.500606536865234,13.053309440612791
1,8,103,17.60027503967285,13.0426607131958
1,8,104,17.702688217163086,13.030729293823242
1,8,105,17.807964324951172,13.017498016357422
1,8,106,17.91620445251465,13.002955436706545
1,8,107,18.027507781982425,12.98709487915039
1,8,108,18.141950607299805,12.969915390014648
1,8,109,18.259601593017575,12.951420783996582
1,8,110,18.38050651550293,12.931621551513672
1,8,111,18.504697799682617,12.910531044006348
1,8,112,18.63218116760254,12.888169288635254
1,8,113,18.762948989868164,12.864559173583984
1,8,114,18.89696311950684,12.839729309082031
1,8,115,19.0341739654541,12.81371021270752
1,8,116,19.174501419067383,12.78653621673584
1,8,117,19.317853927612305,12.758243560791016
1,8,118,19.464115142822266,12.728870391845703
1,8,119,19.6131591796875,12.69845485687256
1,9,0,9.98706340789795,11.820828437805176
1,9,1,10.063970565795898,11.832671165466309
1,9,2,10.140432357788086,11.84450626373291
1,9,3,10.216495513916016,11.856356620788574
1,9,4,10.292206764221191,11.868247032165527
1,9,5,10.367610931396484,11.880200386047363
1,9,6,10.44275188446045,11.892239570617676
1,9,7,10.517671585083008,11.904385566711426
1,9,8,10.592411041259766,11.91666030883789
1,9,9,10.667007446289062,11.929083824157717
1,9,10,10.741497993469238,11.94167423248291
1,9,11,10.815916061401367,11.954449653625488
1,9,12,10.890292167663574,11.967425346374512
1,9,13,10.964654922485352,11.98061752319336
1,9,14,11.03903102874756,11.994038581848145
1,9,15,11.113442420959473,12.00770092010498
1,9,16,11.187908172607422,12.021615028381348
1,9,17,11.262446403503418,12.035788536071776
1,9,18,11.337069511413574,12.050230026245115
1,9,19,11.411788940429688,12.06494426727295
1,9,20,11.486611366271973,12.07993507385254
1,9,21,11.561541557312012,12.095205307006836
1,9,22,11.63658046722412,12.110755920410156
1,9,23,11.711727142333984,12.126585960388184
1,9,24,11.78697681427002,12.142693519592283
1,9,25,11.862322807312012,12.159074783325195
1,9,26,11.937755584716797,12.175724029541016
1,9,27,12.013262748718262,12.192636489868164
1,9,28,12.088830947875977,12.209803581237791
1,9,29,12.16444492340088,12.227216720581056
1,9,30,12.240086555480955,12.244866371154783
1,9,31,12.315736770629885,12.262742042541504
1,9,32,12.391375541687012,12.280831336975098
1,9,33,12.4669828414917,12.299121856689451
1,9,34,12.542534828186035,12.31760025024414
1,9,35,12.61801052093506,12.336252212524414
1,9,36,12.693387031555176,12.355063438415527
1,9,37,12.76864242553711,12.374018669128418
1,9,38,12.843753814697266,12.393101692199709
1,9,39,12.918700218200684,12.412297248840332
1,9,40,12.993459701538086,12.431588172912598
1,9,41,13.068012237548828,12.45095920562744
1,9,42,13.142338752746582,12.470392227172852
1,9,43,13.21642017364502,12.48987102508545
1,9,44,13.290240287780762,12.509379386901855
1,9,45,13.363783836364746,12.528900146484377
1,9,46,13.437036514282228,12.548416137695312
1,9,47,13.509984970092772,12.567911148071287
1,9,48,13.582619667053224,12.58736801147461
1,9,49,13.654930114746094,12.606771469116213
1,9,50,13.726909637451172,12.626104354858398
1,9,51,13.79855251312256,12.64535140991211
1,9,52,13.869854927062988,12.66449737548828
1,9,53,13.940814018249512,12.683526039123535
1,9,54,14.011429786682127,12.702422142028809
1,9,55,14.081704139709473,12.72117042541504
1,9,56,14.151640892028809,12.73975658416748
1,9,57,14.221243858337402,12.758166313171388
1,9,58,14.290520668029783,12.776385307312012
1,9,59,14.359479904174805,12.79439926147461
1,9,60,14.428131103515623,12.812193870544434
1,9,61,14.496487617492676,12.829755783081056
1,9,62,14.564562797546388,12.847071647644045
1,9,63,14.632372856140137,12.864127159118652
1,9,64,14.699934005737305,12.880908966064451
1,9,65,14.767266273498535,12.8974027633667
1,9,66,14.834389686584473,12.913596153259276
1,9,67,14.901327133178713,12.92947483062744
1,9,68,14.96810245513916,12.945024490356444
1,9,69,15.03474235534668,12.960230827331545
1,9,70,15.101274490356444,12.975080490112305
1,9,71,15.167728424072266,12.989558219909668
1,9,72,15.234136581420898,13.00364875793457
1,9,73,15.300531387329102,13.01733684539795
1,9,74,15.366949081420898,13.030607223510742
1,9,75,15.433427810668944,13.043442726135254
1,9,76,15.500007629394531,13.055826187133787
1,9,77,15.566730499267578,13.067740440368652
1,9,78,15.633641242980955,13.079166412353516
1,9,79,15.700787544250488,13.09008502960205
1,9,80,15.76821994781494,13.100476264953612
1,9,81,15.83599090576172,13.110318183898926
1,9,82,15.904156684875488,13.119589805603027
1,9,83,15.972776412963867,13.128267288208008
1,9,84,16.041912078857422,13.136326789855955
1,9,85,16.111631393432617,13.143743515014648
1,9,86,16.182003021240234,13.150489807128906
1,9,87,16.253103256225586,13.156538963317873
1,9,88,16.325008392333984,13.161861419677734
1,9,89,16.39780044555664,13.166427612304688
1,9,90,16.471567153930664,13.170206069946287
1,9,91,16.546401977539062,13.17316436767578
1,9,92,16.622398376464844,13.17526912689209
1,9,93,16.69965934753418,13.176486015319824
1,9,94,16.778289794921875,13.176780700683594
1,9,95,16.858402252197266,13.176116943359377
1,9,96,16.940109252929688,13.17445945739746
1,9,97,17.02353286743164,13.171771049499512
1,9,98,17.108795166015625,13.168017387390137
1,9,99,17.196025848388672,13.163163185119627
1,9,100,17.285348892211914,13.157174110412598
1,9,101,17.37689971923828,13.150018692016602
1,9,102,17.470806121826172,13.141666412353516
1,9,103,17.567201614379883,13.132088661193848
1,9,104,17.666208267211914,13.121262550354004
1,9,105,17.767953872680664,13.109167098999023
1,9,106,17.87255096435547,13.095785140991213
1,9,107,17.980112075805664,13.08110523223877
1,9,108,18.090728759765625,13.065119743347168
1,9,109,18.20448875427246,13.04782772064209
1,9,110,18.32145881652832,13.029232025146484
1,9,111,18.441694259643555,13.009342193603516
1,9,112,18.565223693847656,12.988171577453612
1,9,113,18.69206428527832,12.965738296508787
1,9,114,18.82220458984375,12.942066192626951
1,9,115,18.95561981201172,12.917181968688965
1,9,116,19.092256546020508,12.89111614227295
1,9,117,19.232046127319336,12.863901138305664
1,9,118,19.37489128112793,12.83557415008545
1,9,119,19.52068901062012,12.806171417236328
1,10,0,10.45164966583252,11.977717399597168
1,10,1,10.523686408996582,11.991145133972168
1,10,2,10.595501899719238,12.004528045654297
1,10,3,10.667134284973145,12.017888069152832
1,10,4,10.738618850708008,12.031246185302734
1,10,5,10.809990882873535,12.04462432861328
1,10,6,10.881284713745115,12.0580415725708
1,10,7,10.952531814575195,12.071517944335938
1,10,8,11.023761749267578,12.085070610046388
1,10,9,11.095003128051758,12.09871768951416
1,10,10,11.166281700134276,12.112475395202637
1,10,11,11.237621307373049,12.126358032226562
1,10,12,11.309042930603027,12.140379905700684
1,10,13,11.380565643310549,12.154553413391112
1,10,14,11.452205657958984,12.168889999389648
1,10,15,11.52397632598877,12.183399200439451
1,10,16,11.5958890914917,12.19808864593506
1,10,17,11.667951583862305,12.212965965270996
1,10,18,11.740169525146484,12.228035926818848
1,10,19,11.812545776367188,12.243303298950195
1,10,20,11.885079383850098,12.258769989013672
1,10,21,11.957768440246582,12.274436950683594
1,10,22,12.03060817718506,12.29030418395996
1,10,23,12.10359001159668,12.306370735168455
1,10,24,12.17670440673828,12.322632789611816
1,10,25,12.24993896484375,12.339086532592772
1,10,26,12.323280334472656,12.355727195739746
1,10,27,12.396711349487305,12.372547149658203
1,10,28,12.47021484375,12.38953971862793
1,10,29,12.543771743774414,12.406695365905762
1,10,30,12.617362022399902,12.424004554748535
1,10,31,12.690963745117188,12.441457748413086
1,10,32,12.764555931091309,12.4590425491333
1,10,33,12.838115692138672,12.476747512817385
1,10,34,12.911619186401367,12.494559288024902
1,10,35,12.985044479370115,12.512465476989746
1,10,36,13.058368682861328,12.530451774597168
1,10,37,13.131569862365724,12.548504829406738
1,10,38,13.204626083374023,12.566609382629396
1,10,39,13.27751636505127,12.584750175476074
1,10,40,13.350220680236816,12.602911949157717
1,10,41,13.422720909118652,12.62108039855957
1,10,42,13.494998931884766,12.639239311218262
1,10,43,13.567038536071776,12.657374382019045
1,10,44,13.63882541656494,12.675469398498535
1,10,45,13.710346221923828,12.69350814819336
1,10,46,13.78158950805664,12.71147632598877
1,10,47,13.852545738220217,12.729358673095703
1,10,48,13.92320728302002,12.747139930725098
1,10,49,13.993568420410156,12.764805793762209
1,10,50,14.06362533569336,12.782340049743652
1,10,51,14.13337516784668,12.799729347229004
1,10,52,14.202818870544434,12.816959381103516
1,10,53,14.271958351135254,12.834014892578123
1,10,54,14.340797424316406,12.850882530212402
1,10,55,14.409341812133787,12.867548942565918
1,10,56,14.477599143981934,12.883999824523926
1,10,57,14.54557991027832,12.900221824645996
1,10,58,14.613295555114746,12.9162015914917
1,10,59,14.68075942993164,12.931924819946287
1,10,60,14.747987747192385,12.947379112243652
1,10,61,14.8149995803833,12.962552070617676
1,10,62,14.881814002990724,12.977429389953612
1,10,63,14.948452949523926,12.991997718811035
1,10,64,15.01494026184082,13.006243705749512
1,10,65,15.08130168914795,13.020153999328612
1,10,66,15.147565841674805,13.03371524810791
1,10,67,15.213763236999512,13.04691219329834
1,10,68,15.279926300048828,13.059731483459473
1,10,69,15.346089363098145,13.072158813476562
1,10,70,15.4122896194458,13.08417797088623
1,10,71,15.478567123413086,13.095773696899414
1,10,72,15.544963836669922,13.106929779052734
1,10,73,15.61152458190918,13.117630004882812
1,10,74,15.67829704284668,13.127856254577637
1,10,75,15.745330810546877,13.13758945465088
1,10,76,15.8126802444458,13.146811485290527
1,10,77,15.88040256500244,13.155502319335938
1,10,78,15.94855785369873,13.163640975952148
1,10,79,16.017210006713867,13.171205520629885
1,10,80,16.086427688598633,13.178173065185549
1,10,81,16.156280517578125,13.18451976776123
1,10,82,16.22684669494629,13.19021987915039
1,10,83,16.298206329345703,13.195247650146484
1,10,84,16.37044334411621,13.199575424194336
1,10,85,16.443649291992188,13.203174591064451
1,10,86,16.517919540405273,13.206014633178713
1,10,87,16.593355178833008,13.2080659866333
1,10,88,16.670059204101562,13.209296226501465
1,10,89,16.748146057128906,13.209673881530762
1,10,90,16.827730178833008,13.2091646194458
1,10,91,16.908935546875,13.207736015319824
1,10,92,16.991886138916016,13.20535373687744
1,10,93,17.076717376708984,13.201983451843262
1,10,94,17.163562774658203,13.197593688964844
1,10,95,17.2525634765625,13.192151069641112
1,10,96,17.343860626220703,13.185625076293944
1,10,97,17.437599182128906,13.177987098693848
1,10,98,17.533920288085938,13.169211387634276
1,10,99,17.63296890258789,13.159274101257324
1,10,100,17.734882354736328,13.14815616607666
1,10,101,17.839794158935547,13.135842323303224
1,10,102,17.94782829284668,13.122323036193848
1,10,103,18.05910301208496,13.10759162902832
1,10,104,18.173717498779297,13.091649055480955
1,10,105,18.291763305664062,13.074501037597656
1,10,106,18.413307189941406,13.056159973144531
1,10,107,18.538402557373047,13.03664207458496
1,10,108,18.66707420349121,13.015971183776855
1,10,109,18.79933357238769,12.994174003601074
1,10,110,18.93516159057617,12.971282958984377
1,10,111,19.07452392578125,12.947333335876465
1,10,112,19.21735382080078,12.922364234924316
1,10,113,19.36357307434082,12.89641571044922
1,10,114,19.513072967529297,12.86953067779541
1,10,115,19.665735244750977,12.841751098632812
1,10,116,19.8214168548584,12.813121795654297
1,10,117,19.97996711730957,12.783683776855469
1,10,118,20.141218185424805,12.753479957580566
1,10,119,20.30499649047852,12.72255039215088
1,11,0,10.12861156463623,11.998249053955078
1,11,1,10.203967094421388,12.009647369384766
1,11,2,10.278908729553224,12.020994186401367
1,11,3,10.353483200073242,12.03231430053711
1,11,4,10.427734375,12.043631553649902
1,11,5,10.501707077026367,12.054970741271973
1,11,6,10.575444221496582,12.06635570526123
1,11,7,10.64898681640625,12.077808380126951
1,11,8,10.72237491607666,12.089351654052734
1,11,9,10.795646667480469,12.101006507873535
1,11,10,10.868837356567385,12.11279296875
1,11,11,10.941981315612791,12.124730110168455
1,11,12,11.01511001586914,12.136835098266602
1,11,13,11.088253021240234,12.149125099182127
1,11,14,11.1614351272583,12.161614418029783
1,11,15,11.23468017578125,12.174317359924316
1,11,16,11.308009147644045,12.18724536895752
1,11,17,11.381440162658691,12.200409889221191
1,11,18,11.454986572265623,12.213818550109863
1,11,19,11.52865982055664,12.227479934692385
1,11,20,11.602468490600586,12.241398811340332
1,11,21,11.67641830444336,12.255579948425291
1,11,22,11.750511169433594,12.270026206970217
1,11,23,11.824747085571287,12.284737586975098
1,11,24,11.89912223815918,12.29971408843994
1,11,25,11.97362995147705,12.314953804016112
1,11,26,12.048261642456056,12.330453872680664
1,11,27,12.123004913330078,12.346208572387695
1,11,28,12.197847366333008,12.362212181091309
1,11,29,12.272772789001465,12.378458023071287
1,11,30,12.34776210784912,12.394936561584473
1,11,31,12.42279815673828,12.411639213562012
1,11,32,12.497859001159668,12.42855453491211
1,11,33,12.572922706604004,12.445671081542969
1,11,34,12.647966384887695,12.462976455688477
1,11,35,12.722966194152832,12.480457305908203
1,11,36,12.79789924621582,12.49810028076172
1,11,37,12.872740745544434,12.515891075134276
1,11,38,12.947467803955078,12.5338134765625
1,11,39,13.022055625915527,12.55185317993164
1,11,40,13.096482276916504,12.56999397277832
1,11,41,13.170723915100098,12.58821964263916
1,11,42,13.244760513305664,12.60651397705078
1,11,43,13.318571090698242,12.624860763549805
1,11,44,13.392136573791504,12.643242835998535
1,11,45,13.465439796447754,12.661643981933594
1,11,46,13.538464546203612,12.680047035217283
1,11,47,13.611196517944336,12.69843578338623
1,11,48,13.683622360229492,12.71679401397705
1,11,49,13.755730628967283,12.735105514526367
1,11,50,13.827512741088867,12.7533540725708
1,11,51,13.898961067199709,12.771524429321287
1,11,52,13.970069885253906,12.789599418640137
1,11,53,14.040836334228516,12.807564735412598
1,11,54,14.111257553100586,12.82540512084961
1,11,55,14.181334495544434,12.84310531616211
1,11,56,14.251070022583008,12.860651016235352
1,11,57,14.320466995239258,12.878026962280272
1,11,58,14.389532089233398,12.895218849182127
1,11,59,14.45827293395996,12.912213325500488
1,11,60,14.52669906616211,12.928996086120604
1,11,61,14.594822883605955,12.94555377960205
1,11,62,14.662657737731934,12.961872100830078
1,11,63,14.730218887329102,12.977937698364258
1,11,64,14.797523498535156,12.99373722076416
1,11,65,14.86458969116211,13.009257316589355
1,11,66,14.931439399719238,13.024484634399414
1,11,67,14.99809455871582,13.039405822753906
1,11,68,15.064579963684082,13.054006576538086
1,11,69,15.130922317504885,13.068272590637209
1,11,70,15.197150230407717,13.08219051361084
1,11,71,15.263293266296388,13.095746040344238
1,11,72,15.329383850097656,13.10892391204834
1,11,73,15.395456314086914,13.121709823608398
1,11,74,15.4615478515625,13.134087562561035
1,11,75,15.52769660949707,13.146040916442873
1,11,76,15.593942642211914,13.157553672790527
1,11,77,15.660330772399902,13.168607711791992
1,11,78,15.726905822753906,13.17918586730957
1,11,79,15.79371738433838,13.189269065856934
1,11,80,15.86081600189209,13.198837280273438
1,11,81,15.92825698852539,13.20786952972412
1,11,82,15.99609661102295,13.216344833374023
1,11,83,16.064395904541016,13.224239349365234
1,11,84,16.133220672607422,13.23153018951416
1,11,85,16.20263671875,13.238192558288574
1,11,86,16.27271842956543,13.244200706481934
1,11,87,16.34354019165039,13.249526977539062
1,11,88,16.41518211364746,13.254143714904783
1,11,89,16.487728118896484,13.258021354675291
1,11,90,16.561267852783203,13.261128425598145
1,11,91,16.635896682739258,13.263433456420898
1,11,92,16.711711883544922,13.264904022216797
1,11,93,16.788820266723633,13.265506744384766
1,11,94,16.867328643798828,13.265206336975098
1,11,95,16.94735336303711,13.263968467712402
1,11,96,17.029008865356445,13.261757850646973
1,11,97,17.112422943115234,13.258539199829102
1,11,98,17.19771957397461,13.254278182983398
1,11,99,17.285032272338867,13.248940467834473
1,11,100,17.37449073791504,13.24249267578125
1,11,101,17.466232299804688,13.234903335571287
1,11,102,17.56039047241211,13.226143836975098
1,11,103,17.657102584838867,13.216187477111816
1,11,104,17.75649642944336,13.205012321472168
1,11,105,17.858701705932617,13.192597389221191
1,11,106,17.963836669921875,13.178929328918455
1,11,107,18.0720157623291,13.163996696472168
1,11,108,18.18333625793457,13.147794723510742
1,11,109,18.297887802124023,13.13032341003418
1,11,110,18.41573905944824,13.11158847808838
1,11,111,18.536949157714844,13.09160041809082
1,11,112,18.661548614501957,13.0703763961792
1,11,113,18.789554595947266,13.047935485839844
1,11,114,18.920955657958984,13.024304389953612
1,11,115,19.055727005004883,12.99951171875
1,11,116,19.193811416625977,12.973589897155762
1,11,117,19.33514213562012,12.946573257446287
1,11,118,19.47962188720703,12.918499946594238
1,11,119,19.62714195251465,12.889408111572266
1,12,0,10.417003631591797,11.41188621520996
1,12,1,10.489909172058104,11.430295944213867
1,12,2,10.56268310546875,11.448752403259276
1,12,3,10.635353088378906,11.467269897460938
1,12,4,10.707945823669434,11.48586082458496
1,12,5,10.78048610687256,11.504538536071776
1,12,6,10.85299587249756,11.523313522338867
1,12,7,10.925496101379396,11.542196273803713
1,12,8,10.998005867004396,11.561196327209473
1,12,9,11.07054042816162,11.580322265625
1,12,10,11.14311408996582,11.599579811096191
1,12,11,11.215737342834473,11.618975639343262
1,12,12,11.288419723510742,11.638514518737791
1,12,13,11.361167907714844,11.658199310302734
1,12,14,11.43398666381836,11.678032875061035
1,12,15,11.506877899169922,11.698016166687012
1,12,16,11.579841613769531,11.718149185180664
1,12,17,11.652875900268556,11.73843002319336
1,12,18,11.72597599029541,11.758856773376465
1,12,19,11.799135208129885,11.779425621032717
1,12,20,11.872346878051758,11.800132751464844
1,12,21,11.945601463317873,11.820972442626951
1,12,22,12.018887519836426,11.841938018798828
1,12,23,12.092192649841309,11.863022804260254
1,12,24,12.16550350189209,11.884217262268066
1,12,25,12.238804817199709,11.905513763427734
1,12,26,12.312082290649414,11.926901817321776
1,12,27,12.385319709777832,11.948370933532717
1,12,28,12.458501815795898,11.96990966796875
1,12,29,12.531610488891602,11.991506576538086
1,12,30,12.604629516601562,12.01314926147461
1,12,31,12.67754364013672,12.034826278686523
1,12,32,12.75033473968506,12.056523323059082
1,12,33,12.822988510131836,12.078227996826172
1,12,34,12.895488739013672,12.099925994873049
1,12,35,12.96782112121582,12.121603965759276
1,12,36,13.039972305297852,12.143248558044434
1,12,37,13.111928939819336,12.164844512939451
1,12,38,13.183679580688477,12.186378479003906
1,12,39,13.255213737487791,12.207836151123049
1,12,40,13.32652187347412,12.229203224182127
1,12,41,13.397595405578612,12.250465393066406
1,12,42,13.468428611755373,12.27160930633545
1,12,43,13.539015769958496,12.292619705200195
1,12,44,13.609353065490724,12.313483238220217
1,12,45,13.679438591003418,12.334186553955078
1,12,46,13.749271392822266,12.35471534729004
1,12,47,13.818853378295898,12.375055313110352
1,12,48,13.88818645477295,12.395194053649902
1,12,49,13.957274436950684,12.415117263793944
1,12,50,14.026124000549316,12.434812545776367
1,12,51,14.09474277496338,12.454266548156738
1,12,52,14.163140296936035,12.473465919494627
1,12,53,14.231327056884766,12.49239730834961
1,12,54,14.29931640625,12.51104736328125
1,12,55,14.367122650146484,12.529403686523438
1,12,56,14.434762001037598,12.547452926635742
1,12,57,14.502253532409668,12.565181732177734
1,12,58,14.56961727142334,12.5825777053833
1,12,59,14.636874198913574,12.599626541137695
1,12,60,14.704049110412598,12.616314888000488
1,12,61,14.771167755126951,12.632628440856934
1,12,62,14.838258743286133,12.648553848266602
1,12,63,14.905351638793944,12.66407585144043
1,12,64,14.972478866577148,12.679180145263672
1,12,65,15.03967571258545,12.69385051727295
1,12,66,15.106978416442873,12.7080717086792
1,12,67,15.174427032470703,12.721827507019045
1,12,68,15.242063522338867,12.735100746154783
1,12,69,15.30993366241455,12.747873306274414
1,12,70,15.378085136413574,12.760127067565918
1,12,71,15.446568489074709,12.771842956542969
1,12,72,15.515438079833984,12.782999992370604
1,12,73,15.58475112915039,12.793578147888184
1,12,74,15.654569625854492,12.80355453491211
1,12,75,15.724958419799805,12.812906265258787
1,12,76,15.79598617553711,12.821608543395996
1,12,77,15.86772632598877,12.829636573791504
1,12,78,15.94025707244873,12.836962699890137
1,12,79,16.013660430908203,12.843560218811035
1,12,80,16.088024139404297,12.849400520324709
1,12,81,16.163440704345703,12.854453086853027
1,12,82,16.240007400512695,12.858687400817873
1,12,83,16.317825317382812,12.86207103729248
1,12,84,16.397005081176758,12.864571571350098
1,12,85,16.477659225463867,12.866155624389648
1,12,86,16.559906005859375,12.866788864135742
1,12,87,16.643869400024414,12.866437911987305
1,12,88,16.72967529296875,12.865067481994627
1,12,89,16.817459106445312,12.86264419555664
1,12,90,16.9073543548584,12.859135627746582
1,12,91,16.999502182006836,12.854510307312012
1,12,92,17.094038009643555,12.84873867034912
1,12,93,17.191104888916016,12.841793060302734
1,12,94,17.29083824157715,12.833648681640623
1,12,95,17.393375396728516,12.824285507202148
1,12,96,17.498842239379883,12.813687324523926
1,12,97,17.607362747192383,12.801841735839844
1,12,98,17.719045639038086,12.788742065429688
1,12,99,17.833993911743164,12.774386405944824
1,12,100,17.952287673950195,12.758780479431152
1,12,101,18.073997497558597,12.741933822631836
1,12,102,18.199169158935547,12.723862648010254
1,12,103,18.32783508300781,12.704588890075684
1,12,104,18.459997177124023,12.684138298034668
1,12,105,18.59564208984375,12.662542343139648
1,12,106,18.734729766845703,12.639837265014648
1,12,107,18.8772029876709,12.616060256958008
1,12,108,19.02297592163086,12.591253280639648
1,12,109,19.171953201293945,12.565457344055176
1,12,110,19.32400894165039,12.538718223571776
1,12,111,19.479013442993164,12.511078834533691
1,12,112,19.63681030273437,12.482583045959473
1,12,113,19.7972412109375,12.453274726867676
1,12,114,19.960128784179688,12.42319679260254
1,12,115,20.12529754638672,12.392389297485352
1,12,116,20.292552947998047,12.360892295837402
1,12,117,20.461708068847656,12.328743934631348
1,12,118,20.63256072998047,12.295981407165527
1,12,119,20.80491828918457,12.262639045715332
1,13,0,9.94761562347412,11.764187812805176
1,13,1,10.024949073791504,11.776212692260742
1,13,2,10.101831436157228,11.788243293762209
1,13,3,10.178308486938477,11.80030345916748
1,13,4,10.254427909851074,11.812417030334473
1,13,5,10.33023452758789,11.824606895446776
1,13,6,10.405771255493164,11.836894989013672
1,13,7,10.481081008911133,11.849303245544434
1,13,8,10.556203842163086,11.861851692199709
1,13,9,10.63117790222168,11.87455940246582
1,13,10,10.706039428710938,11.887445449829102
1,13,11,10.780821800231934,11.900527000427246
1,13,12,10.85555648803711,11.913819313049316
1,13,13,10.93027114868164,11.92733669281006
1,13,14,11.004990577697754,11.941091537475586
1,13,15,11.079737663269045,11.955095291137695
1,13,16,11.154531478881836,11.969358444213867
1,13,17,11.229389190673828,11.983888626098633
1,13,18,11.304323196411133,11.99869155883789
1,13,19,11.379343032836914,12.01377296447754
1,13,20,11.454456329345703,12.029136657714844
1,13,21,11.529666900634766,12.04478359222412
1,13,22,11.604975700378418,12.060713768005373
1,13,23,11.680380821228027,12.076927185058594
1,13,24,11.755877494812012,12.093420028686523
1,13,25,11.831459045410156,12.110188484191896
1,13,26,11.90711498260498,12.127226829528809
1,13,27,11.982833862304688,12.14452838897705
1,13,28,12.058601379394531,12.16208553314209
1,13,29,12.13440227508545,12.179888725280762
1,13,30,12.21021842956543,12.197927474975586
1,13,31,12.28603172302246,12.216191291809082
1,13,32,12.361821174621582,12.234667778015137
1,13,33,12.437567710876465,12.25334358215332
1,13,34,12.513248443603516,12.272205352783203
1,13,35,12.588841438293455,12.29123878479004
1,13,36,12.664325714111328,12.310428619384766
1,13,37,12.739679336547852,12.329760551452637
1,13,38,12.814879417419434,12.349217414855955
1,13,39,12.88990592956543,12.368783950805664
1,13,40,12.96473789215088,12.388442993164062
1,13,41,13.039356231689451,12.408178329467772
1,13,42,13.113741874694824,12.427972793579102
1,13,43,13.187877655029297,12.447810173034668
1,13,44,13.261746406555176,12.467673301696776
1,13,45,13.335334777832031,12.487545013427734
1,13,46,13.408628463745115,12.50740909576416
1,13,47,13.48161506652832,12.52724838256836
1,13,48,13.554285049438477,12.547046661376951
1,13,49,13.626629829406738,12.566787719726562
1,13,50,13.69864273071289,12.586454391479492
1,13,51,13.770318984985352,12.606032371520996
1,13,52,13.841654777526855,12.625505447387695
1,13,53,13.91264820098877,12.644857406616213
1,13,54,13.983299255371094,12.664073944091797
1,13,55,14.053610801696776,12.68313980102539
1,13,56,14.12358570098877,12.70203971862793
1,13,57,14.193230628967283,12.720760345458984
1,13,58,14.262551307678224,12.739286422729492
1,13,59,14.331557273864746,12.757604598999023
1,13,60,14.400259017944336,12.775699615478516
1,13,61,14.468669891357422,12.793559074401855
1,13,62,14.536803245544434,12.811168670654297
1,13,63,14.604674339294434,12.828514099121094
1,13,64,14.672301292419434,12.845582962036133
1,13,65,14.739703178405762,12.862360954284668
1,13,66,14.80690097808838,12.87883472442627
1,13,67,14.873916625976562,12.894989967346191
1,13,68,14.94077491760254,12.910812377929688
1,13,69,15.007501602172852,12.926288604736328
1,13,70,15.074124336242676,12.94140338897705
1,13,71,15.14067268371582,12.95614242553711
1,13,72,15.207179069519045,12.97049045562744
1,13,73,15.273675918579102,12.984432220458984
1,13,74,15.34019947052002,12.99795150756836
1,13,75,15.406787872314451,13.011032104492188
1,13,76,15.473480224609377,13.023655891418455
1,13,77,15.540319442749023,13.035805702209473
1,13,78,15.607349395751951,13.047462463378906
1,13,79,15.674617767333984,13.05860710144043
1,13,80,15.742175102233888,13.069218635559082
1,13,81,15.810073852539062,13.079276084899902
1,13,82,15.878369331359863,13.088757514953612
1,13,83,15.947120666503906,13.097639083862305
1,13,84,16.01639175415039,13.105896949768066
1,13,85,16.086246490478516,13.113505363464355
1,13,86,16.156755447387695,13.120437622070312
1,13,87,16.22799301147461,13.126665115356444
1,13,88,16.30003547668457,13.132159233093262
1,13,89,16.372966766357422,13.136890411376951
1,13,90,16.44687271118164,13.140826225280762
1,13,91,16.5218448638916,13.14393424987793
1,13,92,16.597978591918945,13.146181106567385
1,13,93,16.67537498474121,13.14753246307373
1,13,94,16.754138946533203,13.147953033447266
1,13,95,16.834383010864258,13.147406578063965
1,13,96,16.916217803955078,13.14585781097412
1,13,97,16.999765396118164,13.143270492553713
1,13,98,17.085147857666016,13.139608383178713
1,13,99,17.1724910736084,13.134836196899414
1,13,100,17.261920928955078,13.12891960144043
1,13,101,17.35357093811035,13.121827125549316
1,13,102,17.447566986083984,13.113527297973633
1,13,103,17.54404067993164,13.10399341583252
1,13,104,17.64311408996582,13.09320068359375
1,13,105,17.74491310119629,13.081128120422363
1,13,106,17.84954833984375,13.067758560180664
1,13,107,17.957130432128906,13.053080558776855
1,13,108,18.0677490234375,13.037086486816406
1,13,109,18.18149185180664,13.019774436950684
1,13,110,18.29842185974121,13.001148223876951
1,13,111,18.41859245300293,12.981215476989746
1,13,112,18.54203224182129,12.959990501403809
1,13,113,18.66875648498535,12.937490463256836
1,13,114,18.798751831054688,12.913739204406738
1,13,115,18.93199157714844,12.88876247406006
1,13,116,19.06842041015625,12.862591743469238
1,13,117,19.207969665527344,12.83525848388672
1,13,118,19.350542068481445,12.806798934936523
1,13,119,19.49603271484375,12.777249336242676
1,14,0,10.624412536621094,11.790690422058104
1,14,1,10.695263862609863,11.806777000427246
1,14,2,10.766008377075195,11.822848320007324
1,14,3,10.836676597595217,11.838921546936035
1,14,4,10.907297134399414,11.855013847351074
1,14,5,10.977896690368652,11.871140480041504
1,14,6,11.048501014709473,11.88731861114502
1,14,7,11.119132995605469,11.90356159210205
1,14,8,11.189813613891602,11.919882774353027
1,14,9,11.260562896728516,11.936294555664062
1,14,10,11.33139705657959,11.952808380126951
1,14,11,11.40233039855957,11.969433784484863
1,14,12,11.473376274108888,11.986180305480955
1,14,13,11.544543266296388,12.00305461883545
1,14,14,11.615839958190918,12.020063400268556
1,14,15,11.687271118164062,12.037212371826172
1,14,16,11.758838653564451,12.05450439453125
1,14,17,11.83054256439209,12.071941375732422
1,14,18,11.90238094329834,12.08952522277832
1,14,19,11.974349975585938,12.107255935668944
1,14,20,12.046442031860352,12.125131607055664
1,14,21,12.11864948272705,12.143150329589844
1,14,22,12.190960884094238,12.161307334899902
1,14,23,12.2633638381958,12.179598808288574
1,14,24,12.335844993591309,12.19801902770996
1,14,25,12.408388137817385,12.216561317443848
1,14,26,12.480977058410645,12.235217094421388
1,14,27,12.553593635559082,12.253978729248049
1,14,28,12.626218795776367,12.272835731506348
1,14,29,12.698834419250488,12.291778564453123
1,14,30,12.771419525146484,12.310795783996582
1,14,31,12.843954086303713,12.329875946044922
1,14,32,12.91641902923584,12.349007606506348
1,14,33,12.988794326782228,12.36817741394043
1,14,34,13.061059951782228,12.387372970581056
1,14,35,13.133196830749512,12.406579971313477
1,14,36,13.205185890197754,12.425786018371582
1,14,37,13.277010917663574,12.444975852966309
1,14,38,13.348654747009276,12.464136123657228
1,14,39,13.4201021194458,12.48325252532959
1,14,40,13.491338729858398,12.502310752868652
1,14,41,13.562352180480955,12.521296501159668
1,14,42,13.63313102722168,12.540194511413574
1,14,43,13.703665733337402,12.55899143218994
1,14,44,13.773948669433594,12.577672958374023
1,14,45,13.84397315979004,12.596223831176758
1,14,46,13.913734436035156,12.614630699157717
1,14,47,13.983229637145996,12.632880210876465
1,14,48,14.052457809448242,12.650958061218262
1,14,49,14.121419906616213,12.66884994506836
1,14,50,14.190118789672852,12.686542510986328
1,14,51,14.258559226989746,12.704022407531738
1,14,52,14.32674789428711,12.72127628326416
1,14,53,14.394693374633787,12.73829174041748
1,14,54,14.46240520477295,12.755054473876951
1,14,55,14.52989673614502,12.771552085876465
1,14,56,14.597182273864746,12.787771224975586
1,14,57,14.664278984069824,12.803699493408203
1,14,58,14.731204986572266,12.819323539733888
1,14,59,14.797980308532717,12.834630012512209
1,14,60,14.864627838134766,12.849605560302734
1,14,61,14.931172370910645,12.864237785339355
1,14,62,14.997641563415527,12.878512382507324
1,14,63,15.064064025878906,12.892415046691896
1,14,64,15.130471229553224,12.905932426452637
1,14,65,15.19689655303955,12.919050216674805
1,14,66,15.263376235961914,12.931754112243652
1,14,67,15.329950332641602,12.9440279006958
1,14,68,15.396658897399902,12.955855369567873
1,14,69,15.463546752929688,12.9672212600708
1,14,70,15.53066062927246,12.978107452392578
1,14,71,15.598051071166992,12.988496780395508
1,14,72,15.665771484375,12.998370170593262
1,14,73,15.733879089355469,13.007708549499512
1,14,74,15.802433013916016,13.016490936279297
1,14,75,15.871498107910156,13.024696350097656
1,14,76,15.941142082214355,13.032302856445312
1,14,77,16.011436462402344,13.039286613464355
1,14,78,16.082460403442383,13.04562282562256
1,14,79,16.154293060302734,13.051286697387695
1,14,80,16.227020263671875,13.05625057220459
1,14,81,16.30073356628418,13.060486793518066
1,14,82,16.375530242919922,13.063966751098633
1,14,83,16.45151138305664,13.06666088104248
1,14,84,16.528783798217773,13.068537712097168
1,14,85,16.607460021972656,13.06956672668457
1,14,86,16.687660217285156,13.069714546203612
1,14,87,16.769508361816406,13.06894874572754
1,14,88,16.853132247924805,13.06723690032959
1,14,89,16.93866539001465,13.064546585083008
1,14,90,17.026247024536133,13.060845375061035
1,14,91,17.11602020263672,13.05610179901123
1,14,92,17.208127975463867,13.050286293029783
1,14,93,17.302719116210938,13.043371200561523
1,14,94,17.39993667602539,13.03533172607422
1,14,95,17.499927520751953,13.026145935058594
1,14,96,17.60283088684082,13.015795707702637
1,14,97,17.708786010742188,13.004266738891602
1,14,98,17.817914962768555,12.99155044555664
1,14,99,17.930339813232422,12.977643013000488
1,14,100,18.04615974426269,12.962546348571776
1,14,101,18.165468215942383,12.94626808166504
1,14,102,18.288331985473636,12.92882251739502
1,14,103,18.414804458618164,12.910228729248049
1,14,104,18.54491233825684,12.890511512756348
1,14,105,18.678667068481445,12.869701385498049
1,14,106,18.81604766845703,12.84783172607422
1,14,107,18.957019805908203,12.82494068145752
1,14,108,19.10151672363281,12.801070213317873
1,14,109,19.24945831298828,12.776262283325195
1,14,110,19.40073585510254,12.750561714172363
1,14,111,19.55523109436035,12.72401237487793
1,14,112,19.712799072265625,12.696660041809082
1,14,113,19.873291015625,12.668548583984377
1,14,114,20.036535263061523,12.639720916748049
1,14,115,20.20236015319824,12.610217094421388
1,14,116,20.370574951171875,12.580078125
1,14,117,20.54099464416504,12.54934024810791
1,14,118,20.71341896057129,12.51803970336914
1,14,119,20.88765525817871,12.48620891571045
1,15,0,10.433250427246094,12.050948143005373
1,15,1,10.505393981933594,12.063698768615724
1,15,2,10.577287673950195,12.07638931274414
1,15,3,10.648970603942873,12.089041709899902
1,15,4,10.720480918884276,12.101678848266602
1,15,5,10.791855812072754,12.114322662353516
1,15,6,10.863130569458008,12.126994132995604
1,15,7,10.934338569641112,12.139714241027832
1,15,8,11.005512237548828,12.15250301361084
1,15,9,11.076682090759276,12.16537857055664
1,15,10,11.147875785827637,12.17835807800293
1,15,11,11.21911907196045,12.191458702087402
1,15,12,11.29043674468994,12.204694747924805
1,15,13,11.361848831176758,12.218080520629885
1,15,14,11.433374404907228,12.231629371643066
1,15,15,11.505029678344728,12.245351791381836
1,15,16,11.576828002929688,12.259257316589355
1,15,17,11.64877986907959,12.273354530334473
1,15,18,11.720892906188965,12.287650108337402
1,15,19,11.793171882629396,12.302148818969728
1,15,20,11.865618705749512,12.316855430603027
1,15,21,11.938233375549316,12.331771850585938
1,15,22,12.011012077331545,12.346899032592772
1,15,23,12.083948135375977,12.362236976623535
1,15,24,12.157033920288086,12.37778377532959
1,15,25,12.23025894165039,12.393535614013672
1,15,26,12.303608894348145,12.409488677978516
1,15,27,12.377069473266602,12.425636291503906
1,15,28,12.450623512268066,12.441972732543944
1,15,29,12.524252891540527,12.458489418029783
1,15,30,12.597936630249023,12.475177764892578
1,15,31,12.671653747558594,12.492027282714844
1,15,32,12.74538230895996,12.509027481079102
1,15,33,12.819099426269531,12.526166915893556
1,15,34,12.892781257629396,12.54343318939209
1,15,35,12.96640396118164,12.560812950134276
1,15,36,13.03994369506836,12.578292846679688
1,15,37,13.113377571105955,12.595858573913574
1,15,38,13.18668270111084,12.613495826721191
1,15,39,13.259836196899414,12.631189346313477
1,15,40,13.33281707763672,12.648924827575684
1,15,41,13.405604362487791,12.666686058044434
1,15,42,13.478178977966309,12.684457778930664
1,15,43,13.550522804260254,12.702224731445312
1,15,44,13.62261962890625,12.719970703125
1,15,45,13.694454193115234,12.737680435180664
1,15,46,13.766013145446776,12.755338668823242
1,15,47,13.837285041809082,12.772929191589355
1,15,48,13.908260345458984,12.79043674468994
1,15,49,13.978931427001951,12.807847023010254
1,15,50,14.04929256439209,12.825143814086914
1,15,51,14.119338989257812,12.842312812805176
1,15,52,14.189069747924805,12.859339714050291
1,15,53,14.258484840393066,12.876209259033203
1,15,54,14.32758617401123,12.89290714263916
1,15,55,14.396377563476562,12.909420013427734
1,15,56,14.464865684509276,12.92573356628418
1,15,57,14.533058166503906,12.941834449768066
1,15,58,14.600966453552246,12.957708358764648
1,15,59,14.668601989746094,12.973342895507812
1,15,60,14.73597812652588,12.988723754882812
1,15,61,14.803112030029297,13.003838539123535
1,15,62,14.87002182006836,13.018672943115234
1,15,63,14.936728477478027,13.033214569091797
1,15,64,15.003252983093262,13.047450065612791
1,15,65,15.069621086120604,13.061366081237791
1,15,66,15.135858535766602,13.07494831085205
1,15,67,15.201992988586426,13.088183403015137
1,15,68,15.26805591583252,13.10105800628662
1,15,69,15.334080696105955,13.11355686187744
1,15,70,15.400101661682127,13.125665664672852
1,15,71,15.466156959533691,13.137369155883787
1,15,72,15.532286643981934,13.148651123046877
1,15,73,15.598532676696776,13.159496307373049
1,15,74,15.664939880371094,13.16988754272461
1,15,75,15.73155689239502,13.17980670928955
1,15,76,15.798434257507324,13.18923568725586
1,15,77,15.865626335144045,13.198156356811523
1,15,78,15.933189392089844,13.206547737121582
1,15,79,16.001184463500977,13.214388847351074
1,15,80,16.06967544555664,13.221657752990724
1,15,81,16.138731002807617,13.228331565856934
1,15,82,16.208423614501953,13.23438549041748
1,15,83,16.278827667236328,13.239795684814451
1,15,84,16.350025177001953,13.244534492492676
1,15,85,16.422101974487305,13.248575210571287
1,15,86,16.495145797729492,13.251888275146484
1,15,87,16.569255828857422,13.254444122314451
1,15,88,16.644529342651367,13.25621223449707
1,15,89,16.721073150634766,13.257161140441896
1,15,90,16.79899787902832,13.257257461547852
1,15,91,16.878421783447266,13.256468772888184
1,15,92,16.95946502685547,13.2547607421875
1,15,93,17.04225730895996,13.252099990844728
1,15,94,17.126928329467773,13.248453140258787
1,15,95,17.21361541748047,13.243786811828612
1,15,96,17.30245590209961,13.23806858062744
1,15,97,17.393592834472656,13.231267929077148
1,15,98,17.48716926574707,13.223356246948242
1,15,99,17.583330154418945,13.214306831359863
1,15,100,17.682214736938477,13.204097747802734
1,15,101,17.783964157104492,13.192708015441896
1,15,102,17.888710021972656,13.180124282836914
1,15,103,17.996580123901367,13.16633415222168
1,15,104,18.107685089111328,13.151333808898926
1,15,105,18.222129821777344,13.135123252868652
1,15,106,18.34000015258789,13.117708206176758
1,15,107,18.461368560791016,13.09910011291504
1,15,108,18.586280822753903,13.079316139221191
1,15,109,18.714771270751957,13.058379173278809
1,15,110,18.84684181213379,13.03631591796875
1,15,111,18.982481002807617,13.013158798217772
1,15,112,19.121644973754883,12.988943099975586
1,15,113,19.2642765045166,12.963706016540527
1,15,114,19.410287857055664,12.937488555908203
1,15,115,19.559579849243164,12.910332679748535
1,15,116,19.712024688720703,12.882280349731444
1,15,117,19.86748695373535,12.853374481201172
1,15,118,20.02581024169922,12.823657989501951
1,15,119,20.186830520629883,12.793171882629396
1,16,0,9.916464805603027,11.615215301513672
1,16,1,9.994068145751951,11.628219604492188
1,16,2,10.071248054504396,11.641265869140623
1,16,3,10.14805030822754,11.654376983642578
1,16,4,10.224520683288574,11.667574882507324
1,16,5,10.300701141357422,11.680880546569824
1,16,6,10.37663459777832,11.694314002990724
1,16,7,10.452360153198242,11.707895278930664
1,16,8,10.527915954589844,11.72164249420166
1,16,9,10.603337287902832,11.735572814941406
1,16,10,10.67865753173828,11.74970245361328
1,16,11,10.75390625,11.764045715332031
1,16,12,10.82911205291748,11.778615951538086
1,16,13,10.90429973602295,11.79342555999756
1,16,14,10.9794921875,11.808484077453612
1,16,15,11.054707527160645,11.823800086975098
1,16,16,11.129961967468262,11.839381217956545
1,16,17,11.205269813537598,11.855233192443848
1,16,18,11.2806396484375,11.871360778808594
1,16,19,11.3560791015625,11.887765884399414
1,16,20,11.431591987609863,11.904449462890623
1,16,21,11.507179260253906,11.921411514282228
1,16,22,11.582839965820312,11.938650131225586
1,16,23,11.6585693359375,11.956162452697754
1,16,24,11.73436164855957,11.973943710327148
1,16,25,11.81020736694336,11.991987228393556
1,16,26,11.88609504699707,12.010286331176758
1,16,27,11.96201229095459,12.028833389282228
1,16,28,12.037944793701172,12.04761791229248
1,16,29,12.11387538909912,12.066630363464355
1,16,30,12.189785957336426,12.085858345031738
1,16,31,12.26565933227539,12.105290412902832
1,16,32,12.341475486755373,12.124913215637209
1,16,33,12.417214393615724,12.144713401794434
1,16,34,12.492855072021484,12.16467571258545
1,16,35,12.568377494812012,12.184785842895508
1,16,36,12.64376163482666,12.205028533935549
1,16,37,12.718987464904783,12.225387573242188
1,16,38,12.794034957885742,12.245847702026367
1,16,39,12.868885040283203,12.26639175415039
1,16,40,12.943519592285156,12.28700351715088
1,16,41,13.017921447753906,12.307665824890137
1,16,42,13.092074394226074,12.328362464904783
1,16,43,13.165963172912598,12.349077224731444
1,16,44,13.239574432373049,12.369792938232422
1,16,45,13.312895774841309,12.39049243927002
1,16,46,13.385916709899902,12.41115951538086
1,16,47,13.458627700805664,12.43177890777588
1,16,48,13.531021118164062,12.452333450317385
1,16,49,13.6030912399292,12.472806930541992
1,16,50,13.674833297729492,12.493184089660645
1,16,51,13.746245384216309,12.51344871520996
1,16,52,13.817325592041016,12.533586502075195
1,16,53,13.88807487487793,12.553581237792969
1,16,54,13.958495140075684,12.573418617248535
1,16,55,14.028590202331545,12.593084335327148
1,16,56,14.098365783691406,12.612563133239746
1,16,57,14.167829513549805,12.631841659545898
1,16,58,14.236990928649902,12.65090560913086
1,16,59,14.305859565734863,12.669740676879885
1,16,60,14.3744478225708,12.688332557678224
1,16,61,14.442770957946776,12.70666790008545
1,16,62,14.51084327697754,12.724733352661133
1,16,63,14.57868194580078,12.742515563964844
1,16,64,14.646306991577148,12.760000228881836
1,16,65,14.713737487792969,12.777173042297363
1,16,66,14.780996322631836,12.794020652770996
1,16,67,14.848108291625977,12.810528755187988
1,16,68,14.915098190307615,12.82668399810791
1,16,69,14.981992721557615,12.8424711227417
1,16,70,15.048822402954102,12.857874870300291
1,16,71,15.115617752075195,12.872879981994627
1,16,72,15.182412147521973,12.887471199035645
1,16,73,15.24924087524414,12.90163230895996
1,16,74,15.316140174865724,12.9153470993042
1,16,75,15.383151054382324,12.928597450256348
1,16,76,15.45031452178955,12.941365242004396
1,16,77,15.517674446105955,12.953631401062012
1,16,78,15.585278511047363,12.965376853942873
1,16,79,15.653175354003906,12.976580619812012
1,16,80,15.721417427062988,12.987221717834473
1,16,81,15.790060997009276,12.99727725982666
1,16,82,15.859164237976074,13.006723403930664
1,16,83,15.928789138793944,13.015536308288574
1,16,84,15.999001502990724,13.023690223693848
1,16,85,16.069869995117188,13.031157493591309
1,16,86,16.141468048095703,13.03791046142578
1,16,87,16.21387481689453,13.043919563293455
1,16,88,16.28717041015625,13.049154281616213
1,16,89,16.361440658569336,13.053583145141602
1,16,90,16.436777114868164,13.057173728942873
1,16,91,16.513277053833008,13.059891700744627
1,16,92,16.59103775024414,13.061701774597168
1,16,93,16.670166015625,13.062569618225098
1,16,94,16.750770568847656,13.062458038330078
1,16,95,16.83296775817871,13.061330795288086
1,16,96,16.916873931884766,13.059152603149414
1,16,97,17.00261116027832,13.055886268615724
1,16,98,17.090303421020508,13.051496505737305
1,16,99,17.18008041381836,13.04594898223877
1,16,100,17.272069931030273,13.03921127319336
1,16,101,17.36640167236328,13.031251907348633
1,16,102,17.463199615478516,13.022043228149414
1,16,103,17.562591552734375,13.011560440063477
1,16,104,17.66469383239746,12.99978256225586
1,16,105,17.769624710083008,12.986693382263184
1,16,106,17.877483367919922,12.97227954864502
1,16,107,17.988367080688477,12.956534385681152
1,16,108,18.102352142333984,12.939455032348633
1,16,109,18.219507217407227,12.92104434967041
1,16,110,18.33987808227539,12.901311874389648
1,16,111,18.463497161865234,12.88027000427246
1,16,112,18.590370178222656,12.857937812805176
1,16,113,18.720489501953125,12.83433723449707
1,16,114,18.853818893432617,12.80949592590332
1,16,115,18.990306854248047,12.783443450927734
1,16,116,19.12987899780273,12.756213188171388
1,16,117,19.272443771362305,12.727840423583984
1,16,118,19.41788482666016,12.698363304138184
1,16,119,19.56607818603516,12.667819023132324
1,17,0,10.226635932922363,12.108782768249512
1,17,1,10.300912857055664,12.119964599609377
1,17,2,10.374801635742188,12.13106918334961
1,17,3,10.448347091674805,12.14212131500244
1,17,4,10.52159309387207,12.153145790100098
1,17,5,10.594582557678224,12.164167404174805
1,17,6,10.6673583984375,12.175209045410156
1,17,7,10.739960670471191,12.186294555664062
1,17,8,10.81242847442627,12.197446823120115
1,17,9,10.88479995727539,12.208687782287598
1,17,10,10.957110404968262,12.220037460327148
1,17,11,11.029393196105955,12.231515884399414
1,17,12,11.101679801940918,12.243142127990724
1,17,13,11.173998832702637,12.254932403564451
1,17,14,11.246376991271973,12.2669038772583
1,17,15,11.31883716583252,12.279069900512695
1,17,16,11.391400337219238,12.291443824768066
1,17,17,11.46408462524414,12.304037094116213
1,17,18,11.536903381347656,12.316859245300291
1,17,19,11.609869956970217,12.32991886138916
1,17,20,11.682992935180664,12.343222618103027
1,17,21,11.756278038024902,12.356776237487791
1,17,22,11.829727172851562,12.370582580566406
1,17,23,11.90334129333496,12.3846435546875
1,17,24,11.977116584777832,12.39896011352539
1,17,25,12.05104637145996,12.413531303405762
1,17,26,12.125123023986816,12.428354263305664
1,17,27,12.199335098266602,12.443425178527832
1,17,28,12.27366828918457,12.458738327026367
1,17,29,12.34810733795166,12.474287986755373
1,17,30,12.422633171081545,12.490066528320312
1,17,31,12.497227668762209,12.506064414978027
1,17,32,12.571869850158691,12.522272109985352
1,17,33,12.646536827087402,12.538678169250488
1,17,34,12.72120475769043,12.55527114868164
1,17,35,12.795849800109863,12.572038650512695
1,17,36,12.870447158813477,12.588967323303224
1,17,37,12.944972038269045,12.606042861938477
1,17,38,13.019399642944336,12.623250007629396
1,17,39,13.093705177307127,12.64057445526123
1,17,40,13.167864799499512,12.658000946044922
1,17,41,13.241854667663574,12.67551326751709
1,17,42,13.315651893615724,12.693095207214355
1,17,43,13.389235496520996,12.710731506347656
1,17,44,13.46258544921875,12.728404998779297
1,17,45,13.535682678222656,12.746099472045898
1,17,46,13.608509063720703,12.763797760009766
1,17,47,13.681049346923828,12.781484603881836
1,17,48,13.753290176391602,12.799142837524414
1,17,49,13.82521915435791,12.81675624847412
1,17,50,13.896824836730955,12.834309577941896
1,17,51,13.968099594116213,12.85178565979004
1,17,52,14.039037704467772,12.869170188903809
1,17,53,14.109633445739746,12.886446952819824
1,17,54,14.179885864257812,12.90360164642334
1,17,55,14.24979305267334,12.920619010925291
1,17,56,14.31935691833496,12.93748378753662
1,17,57,14.38858127593994,12.954181671142578
1,17,58,14.45747184753418,12.970699310302734
1,17,59,14.526036262512209,12.987021446228027
1,17,60,14.594283103942873,13.003134727478027
1,17,61,14.662224769592283,13.019025802612305
1,17,62,14.729873657226562,13.03468132019043
1,17,63,14.797245979309082,13.050086975097656
1,17,64,14.864357948303224,13.065229415893556
1,17,65,14.931229591369627,13.080096244812012
1,17,66,14.997881889343262,13.09467315673828
1,17,67,15.064336776733398,13.10894775390625
1,17,68,15.130620002746582,13.122905731201172
1,17,69,15.196758270263672,13.1365327835083
1,17,70,15.26278018951416,13.149815559387209
1,17,71,15.328716278076172,13.162739753723145
1,17,72,15.39459991455078,13.175291061401367
1,17,73,15.46046543121338,13.187455177307127
1,17,74,15.52635097503662,13.19921588897705
1,17,75,15.592294692993164,13.210556983947754
1,17,76,15.658339500427246,13.22146224975586
1,17,77,15.724529266357422,13.231914520263672
1,17,78,15.790910720825195,13.24189567565918
1,17,79,15.857534408569336,13.251387596130373
1,17,80,15.92445182800293,13.260370254516602
1,17,81,15.991719245910645,13.26882266998291
1,17,82,16.05939483642578,13.276724815368652
1,17,83,16.127540588378906,13.284053802490234
1,17,84,16.19622230529785,13.290785789489746
1,17,85,16.26551055908203,13.29689598083496
1,17,86,16.335477828979492,13.302358627319336
1,17,87,16.40620231628418,13.307147026062012
1,17,88,16.477764129638672,13.311233520507812
1,17,89,16.55025291442871,13.31458854675293
1,17,90,16.62375831604004,13.317181587219238
1,17,91,16.69837760925293,13.318981170654297
1,17,92,16.77420997619629,13.319955825805664
1,17,93,16.851364135742188,13.32007122039795
1,17,94,16.929950714111328,13.319293022155762
1,17,95,17.010087966918945,13.317587852478027
1,17,96,17.091894149780273,13.31492042541504
1,17,97,17.175498962402344,13.311256408691406
1,17,98,17.261030197143555,13.306561470031738
1,17,99,17.348623275756836,13.300801277160645
1,17,100,17.438411712646484,13.2939453125
1,17,101,17.530534744262695,13.285962104797363
1,17,102,17.62512969970703,13.27682399749756
1,17,103,17.722335815429688,13.266505241394045
1,17,104,17.822282791137695,13.25498390197754
1,17,105,17.92510414123535,13.242242813110352
1,17,106,18.030920028686523,13.228267669677734
1,17,107,18.13984489440918,13.213050842285156
1,17,108,18.251977920532227,13.196588516235352
1,17,109,18.36741065979004,13.178882598876951
1,17,110,18.48620986938477,13.159940719604492
1,17,111,18.608434677124023,13.139775276184082
1,17,112,18.734113693237305,13.118404388427734
1,17,113,18.863262176513672,13.095850944519045
1,17,114,18.995868682861328,13.072142601013184
1,17,115,19.13190269470215,13.047308921813965
1,17,116,19.27130699157715,13.021385192871094
1,17,117,19.41400909423828,12.994407653808594
1,17,118,19.55990982055664,12.966415405273438
1,17,119,19.70889663696289,12.93744659423828
1,18,0,10.42551326751709,11.336649894714355
1,18,1,10.49839973449707,11.355916023254396
1,18,2,10.571166038513184,11.375234603881836
1,18,3,10.643837928771973,11.394618034362791
1,18,4,10.71644115447998,11.414077758789062
1,18,5,10.788997650146484,11.43362522125244
1,18,6,10.861529350280762,11.453269958496094
1,18,7,10.934054374694824,11.473021507263184
1,18,8,11.00658893585205,11.492887496948242
1,18,9,11.079147338867188,11.5128755569458
1,18,10,11.151741981506348,11.53299045562744
1,18,11,11.224382400512695,11.553236961364746
1,18,12,11.297076225280762,11.57361888885498
1,18,13,11.369828224182127,11.594138145446776
1,18,14,11.442641258239746,11.614795684814451
1,18,15,11.515517234802246,11.635592460632324
1,18,16,11.588454246520996,11.656526565551758
1,18,17,11.66144847869873,11.67759609222412
1,18,18,11.734495162963867,11.698797225952148
1,18,19,11.807587623596191,11.720126152038574
1,18,20,11.880718231201172,11.741578102111816
1,18,21,11.953875541687012,11.76314640045166
1,18,22,12.02704906463623,11.78482437133789
1,18,23,12.100226402282717,11.806604385375977
1,18,24,12.173394203186035,11.828476905822754
1,18,25,12.246538162231444,11.85043239593506
1,18,26,12.3196439743042,11.872461318969728
1,18,27,12.392695426940918,11.894553184509276
1,18,28,12.46567726135254,11.916696548461914
1,18,29,12.53857421875,11.938879013061523
1,18,30,12.611370086669922,11.961089134216309
1,18,31,12.684049606323242,11.98331356048584
1,18,32,12.756597518920898,12.005539894104004
1,18,33,12.828999519348145,12.027754783630373
1,18,34,12.901241302490234,12.049944877624512
1,18,35,12.973309516906738,12.07209587097168
1,18,36,13.045191764831545,12.094194412231444
1,18,37,13.116876602172852,12.11622714996338
1,18,38,13.188353538513184,12.138179779052734
1,18,39,13.259613990783691,12.160037994384766
1,18,40,13.330649375915527,12.181788444519045
1,18,41,13.401453971862791,12.20341682434082
1,18,42,13.47202205657959,12.224909782409668
1,18,43,13.542349815368652,12.24625301361084
1,18,44,13.612435340881348,12.267433166503906
1,18,45,13.68227767944336,12.288436889648438
1,18,46,13.751877784729004,12.309249877929688
1,18,47,13.821237564086914,12.329859733581545
1,18,48,13.890360832214355,12.350253105163574
1,18,49,13.959253311157228,12.370415687561035
1,18,50,14.027921676635742,12.390336036682127
1,18,51,14.096375465393066,12.40999984741211
1,18,52,14.16462516784668,12.429394721984863
1,18,53,14.232683181762695,12.44850730895996
1,18,54,14.30056381225586,12.467324256896973
1,18,55,14.368282318115234,12.485833168029783
1,18,56,14.435855865478516,12.504020690917969
1,18,57,14.503304481506348,12.52187442779541
1,18,58,14.570650100708008,12.539380073547363
1,18,59,14.637914657592772,12.556524276733398
1,18,60,14.705123901367188,12.573293685913086
1,18,61,14.772305488586426,12.58967399597168
1,18,62,14.839488983154297,12.605650901794434
1,18,63,14.906704902648926,12.621209144592283
1,18,64,14.973987579345703,12.636334419250488
1,18,65,15.041374206542969,12.651010513305664
1,18,66,15.108901977539062,12.665220260620115
1,18,67,15.176612854003906,12.678948402404783
1,18,68,15.244550704956056,12.69217586517334
1,18,69,15.312762260437012,12.704885482788086
1,18,70,15.381298065185549,12.71705722808838
1,18,71,15.450210571289062,12.72867202758789
1,18,72,15.519556045532228,12.739707946777344
1,18,73,15.589395523071287,12.750144004821776
1,18,74,15.659791946411133,12.759957313537598
1,18,75,15.73081398010254,12.769123077392578
1,18,76,15.802533149719238,12.777616500854492
1,18,77,15.875025749206545,12.785411834716797
1,18,78,15.948372840881348,12.792481422424316
1,18,79,16.022659301757812,12.79879665374756
1,18,80,16.097976684570312,12.804327011108398
1,18,81,16.174421310424805,12.809042930603027
1,18,82,16.252094268798828,12.812911987304688
1,18,83,16.33110237121582,12.815902709960938
1,18,84,16.411556243896484,12.817980766296388
1,18,85,16.493574142456055,12.81911277770996
1,18,86,16.57727813720703,12.819263458251951
1,18,87,16.66279411315918,12.818399429321287
1,18,88,16.750253677368164,12.816487312316896
1,18,89,16.83979034423828,12.813493728637695
1,18,90,16.931541442871094,12.809386253356934
1,18,91,17.02564811706543,12.8041353225708
1,18,92,17.12224578857422,12.79771327972412
1,18,93,17.22147560119629,12.790094375610352
1,18,94,17.323471069335938,12.781257629394531
1,18,95,17.428363800048828,12.771184921264648
1,18,96,17.536273956298828,12.759862899780272
1,18,97,17.64731788635254,12.747283935546877
1,18,98,17.761592864990234,12.733445167541504
1,18,99,17.87919044494629,12.718350410461426
1,18,100,18.000179290771484,12.702008247375488
1,18,101,18.12461471557617,12.68443202972412
1,18,102,18.25252723693848,12.665643692016602
1,18,103,18.383930206298828,12.645668029785156
1,18,104,18.518808364868164,12.62453556060791
1,18,105,18.657135009765625,12.602279663085938
1,18,106,18.79884910583496,12.578939437866213
1,18,107,18.94388008117676,12.554553985595703
1,18,108,19.092124938964844,12.529167175292969
1,18,109,19.24347496032715,12.502821922302246
1,18,110,19.39779281616211,12.47556209564209
1,18,111,19.554935455322266,12.447432518005373
1,18,112,19.714740753173828,12.418477058410645
1,18,113,19.87704086303711,12.388737678527832
1,18,114,20.04165267944336,12.358257293701172
1,18,115,20.20839500427246,12.327075004577637
1,18,116,20.3770694732666,12.295230865478516
1,18,117,20.547487258911133,12.262760162353516
1,18,118,20.719444274902344,12.229700088500977
1,18,119,20.892745971679688,12.196084976196287
1,19,0,9.924829483032228,11.47737979888916
1,19,1,10.002285957336426,11.491625785827637
1,19,2,10.079365730285645,11.50594425201416
1,19,3,10.156110763549805,11.520356178283691
1,19,4,10.232563972473145,11.53488063812256
1,19,5,10.308765411376951,11.549537658691406
1,19,6,10.384753227233888,11.56434440612793
1,19,7,10.460564613342283,11.579318046569824
1,19,8,10.536232948303224,11.594473838806152
1,19,9,10.61178970336914,11.609827041625977
1,19,10,10.687264442443848,11.625391006469728
1,19,11,10.762683868408203,11.6411771774292
1,19,12,10.838071823120115,11.657196044921877
1,19,13,10.91344928741455,11.673457145690918
1,19,14,10.988834381103516,11.68996810913086
1,19,15,11.064242362976074,11.706734657287598
1,19,16,11.139684677124023,11.723762512207031
1,19,17,11.215171813964844,11.741053581237791
1,19,18,11.290709495544434,11.758610725402832
1,19,19,11.36630153656006,11.776433944702148
1,19,20,11.441948890686035,11.79452133178711
1,19,21,11.51764965057373,11.812870979309082
1,19,22,11.59340000152588,11.8314790725708
1,19,23,11.669193267822266,11.850340843200684
1,19,24,11.74502182006836,11.869449615478516
1,19,25,11.820874214172363,11.888797760009766
1,19,26,11.896738052368164,11.908376693725586
1,19,27,11.972599029541016,11.928176879882812
1,19,28,12.048442840576172,11.948186874389648
1,19,29,12.124252319335938,11.968396186828612
1,19,30,12.200010299682615,11.988792419433594
1,19,31,12.2756986618042,12.00936222076416
1,19,32,12.351298332214355,12.030092239379885
1,19,33,12.426791191101074,12.0509672164917
1,19,34,12.502158164978027,12.07197380065918
1,19,35,12.57737922668457,12.093095779418944
1,19,36,12.652437210083008,12.114317893981934
1,19,37,12.727313041687012,12.135623931884766
1,19,38,12.801989555358888,12.15699863433838
1,19,39,12.876450538635254,12.178424835205078
1,19,40,12.950679779052734,12.199886322021484
1,19,41,13.024662971496582,12.221367835998535
1,19,42,13.098386764526367,12.24285125732422
1,19,43,13.17183780670166,12.264321327209473
1,19,44,13.245006561279297,12.285761833190918
1,19,45,13.317882537841797,12.307156562805176
1,19,46,13.390458106994627,12.32848834991455
1,19,47,13.462726593017578,12.349742889404297
1,19,48,13.534682273864746,12.37090301513672
1,19,49,13.606322288513184,12.39195442199707
1,19,50,13.677644729614258,12.412880897521973
1,19,51,13.748649597167969,12.43366813659668
1,19,52,13.819337844848633,12.454300880432127
1,19,53,13.8897123336792,12.474764823913574
1,19,54,13.95977783203125,12.495044708251951
1,19,55,14.029541015625,12.515127182006836
1,19,56,14.099008560180664,12.53499698638916
1,19,57,14.168190956115724,12.554640769958496
1,19,58,14.23709774017334,12.574045181274414
1,19,59,14.305743217468262,12.593195915222168
1,19,60,14.374139785766602,12.612078666687012
1,19,61,14.442304611206056,12.630681037902832
1,19,62,14.510254859924316,12.648988723754885
1,19,63,14.578009605407717,12.666987419128418
1,19,64,14.645589828491213,12.684663772583008
1,19,65,14.713017463684082,12.702003479003906
1,19,66,14.780317306518556,12.718993186950684
1,19,67,14.847515106201172,12.735617637634276
1,19,68,14.914637565612791,12.75186252593994
1,19,69,14.981715202331545,12.767712593078612
1,19,70,15.048779487609863,12.78315258026123
1,19,71,15.115863800048828,12.798166275024414
1,19,72,15.183003425598145,12.812737464904783
1,19,73,15.250236511230469,12.826848983764648
1,19,74,15.317602157592772,12.840482711791992
1,19,75,15.385143280029297,12.853620529174805
1,19,76,15.45290470123291,12.866243362426758
1,19,77,15.520934104919434,12.878331184387209
1,19,78,15.58928108215332,12.889863014221191
1,19,79,15.657999992370604,12.900816917419434
1,19,80,15.72714614868164,12.91117000579834
1,19,81,15.796780586242676,12.9208984375
1,19,82,15.866965293884276,12.929976463317873
1,19,83,15.93776798248291,12.93837833404541
1,19,84,16.009258270263672,12.946077346801758
1,19,85,16.081512451171875,12.953043937683104
1,19,86,16.15460777282715,12.959247589111328
1,19,87,16.22863006591797,12.9646577835083
1,19,88,16.303665161132812,12.969243049621582
1,19,89,16.379806518554688,12.97296905517578
1,19,90,16.457151412963867,12.975802421569824
1,19,91,16.535804748535156,12.977706909179688
1,19,92,16.615869522094727,12.978647232055664
1,19,93,16.697460174560547,12.97858715057373
1,19,94,16.780691146850586,12.977489471435549
1,19,95,16.865684509277344,12.97531795501709
1,19,96,16.952560424804688,12.972037315368652
1,19,97,17.04144859313965,12.967611312866213
1,19,98,17.13247299194336,12.962006568908691
1,19,99,17.225765228271484,12.955190658569336
1,19,100,17.32145118713379,12.947134017944336
1,19,101,17.419660568237305,12.937809944152832
1,19,102,17.5205135345459,12.927194595336914
1,19,103,17.624128341674805,12.915267944335938
1,19,104,17.73061180114746,12.902015686035156
1,19,105,17.84006690979004,12.88742733001709
1,19,106,17.952579498291016,12.87149715423584
1,19,107,18.06822395324707,12.854225158691406
1,19,108,18.187055587768555,12.835618019104004
1,19,109,18.309118270874023,12.81568431854248
1,19,110,18.43442726135254,12.794441223144531
1,19,111,18.56298828125,12.7719087600708
1,19,112,18.694774627685547,12.748112678527832
1,19,113,18.82975006103516,12.7230806350708
1,19,114,18.967845916748047,12.69684600830078
1,19,115,19.108983993530277,12.669442176818848
1,19,116,19.2530574798584,12.640907287597656
1,19,117,19.399951934814453,12.611279487609863
1,19,118,19.54952812194824,12.580598831176758
1,19,119,19.701641082763672,12.548905372619627
